PC1,PC2,Segment
1.828329308693631,-2.934576001869869,Delivery-Disappointed
1.084812999747394,-2.3241341753400677,Delivery-Disappointed
1.8393596389532085,-0.9769938973267167,Engaged-Premium
0.9975836468198493,0.8990878236152173,Silent-Premium
-0.501958858885617,0.1831236954729059,Silent-Premium
1.3413944131237938,1.0422158466707658,Silent-Premium
-0.8483365687119099,0.6090155180395247,Budget-Regular
-2.2157745284861,0.16762449754668102,Budget-Regular
1.189326857793764,-1.0548909203304646,Bulk-Buyer
0.25284884120551443,-0.36928247714843465,Engaged-Premium
-1.2745042511067566,-0.5634644639068606,Engaged-Premium
0.3275574182804367,0.7765193402962021,Silent-Premium
1.2571347889341635,0.4488074649847097,Engaged-Premium
-0.3320381839907104,0.5907773257276671,Silent-Premium
-1.2592122018704968,0.5930967803371059,Budget-Regular
-0.439459962933408,-0.7452217323261555,Delivery-Disappointed
0.7231139938569375,0.9563105371172711,Silent-Premium
0.6710909455249318,1.2201475058826052,Silent-Premium
2.9386503405841506,1.607210133008855,Silent-Premium
0.6741039525293832,-0.6030165576336367,Delivery-Disappointed
-2.8217268200013046,-0.9169163188922478,Budget-Regular
1.1183694709605403,0.39355710399066157,Engaged-Premium
0.7086952803816335,1.3721600065286246,Silent-Premium
1.9133103288081854,0.7881944397494426,Engaged-Premium
-0.6431352425344028,-0.6530521164514405,Budget-Regular
0.00669403368675347,0.7705505034980785,Silent-Premium
-0.036830526619529465,1.0673381133710673,Bulk-Buyer
1.339527177867661,0.035558412317402824,Engaged-Premium
-1.5946445017085702,0.021421290192079084,Budget-Regular
0.2044992827936558,1.6842711929426248,Silent-Premium
-0.7981995981763818,0.634501713198688,Silent-Premium
-0.35348233736191853,0.2091518472150772,Silent-Premium
0.7523423455330005,0.16274607548288103,Engaged-Premium
1.1501948422524995,1.0488290057191432,Silent-Premium
-0.09571979782450403,0.7006407945388461,Silent-Premium
-0.38970555627418874,-0.419938487510378,Silent-Premium
0.579409205062236,0.9520736039599421,Silent-Premium
2.45777367718171,0.7023953998206163,Engaged-Premium
-0.9092397272052765,-0.25250765419523724,Bulk-Buyer
2.4938537370094775,0.2783328707476062,Silent-Premium
2.4951339137037034,3.07960996232993,Silent-Premium
0.8371483364973017,0.6101528698058221,Engaged-Premium
2.0479351185615933,-0.21026962575214872,Engaged-Premium
1.9713053402150231,-0.6715755373553248,Delivery-Disappointed
-1.2272881756789913,-0.08717561373040103,Budget-Regular
0.3720120113607249,-2.683231357436571,Delivery-Disappointed
0.012729819984715335,-0.011808796593521874,Silent-Premium
-1.1327096910814256,0.9710589342645682,Budget-Regular
0.7762376387877872,1.6530405332320295,Silent-Premium
-0.4889382401611212,-2.2045706470308053,Bulk-Buyer
0.07384829825314564,0.21928414302903937,Silent-Premium
-0.2806287111896746,1.3811645717425005,Silent-Premium
1.8550433278764031,0.07722101774078524,Engaged-Premium
-1.7111635759477133,-1.4014628033012875,Budget-Regular
2.5327304594049544,-1.9331398804366253,Delivery-Disappointed
0.9390385961704661,1.5491749216499178,Silent-Premium
-0.975584854100889,0.9540569585171348,Budget-Regular
0.2748239844908984,1.326069537468349,Silent-Premium
-2.8642374900863663,-0.38076177532754973,Budget-Regular
-0.050380306563038345,-0.3719899138041043,Engaged-Premium
0.3666003558810618,0.31106344247480067,Engaged-Premium
1.0561260742173177,0.09094847222593794,Engaged-Premium
-2.1624971635379775,-1.3761015795717495,Budget-Regular
-0.40908762159690154,0.3913514283789736,Engaged-Premium
-1.994850483130452,-0.45678778040972523,Budget-Regular
-0.8842347928012821,1.292536929968379,Silent-Premium
-0.7689729631476488,0.7513862619525903,Silent-Premium
1.1639670791846959,0.49452569969158244,Bulk-Buyer
-0.03136583852760244,-0.05033066033421578,Engaged-Premium
3.7532575084125903,1.1012381675412486,Bulk-Buyer
-0.5519090957048707,-0.2093640198019289,Budget-Regular
1.1905526310118903,-1.5714776190080308,Delivery-Disappointed
-1.9003244914401776,-3.589257156744959,Delivery-Disappointed
-1.1432257789398506,0.07305014783201796,Budget-Regular
2.7676759407809364,1.0629675710808852,Bulk-Buyer
-0.006588072139168564,-0.6378451662576683,Engaged-Premium
-0.5960195365358927,1.02441478048251,Silent-Premium
2.1086019684053916,-2.0277379601748065,Bulk-Buyer
0.5974073442258944,-0.8421146708191725,Engaged-Premium
-0.39661806173124076,-0.2138926444000416,Silent-Premium
1.8156246106659675,0.2705044978010891,Bulk-Buyer
-0.7295984189563094,-0.7227522086592717,Engaged-Premium
-0.3097274118470811,-0.20139542729494234,Bulk-Buyer
0.32887612851466685,1.883979268971858,Silent-Premium
2.6962231291154355,2.026987550026917,Silent-Premium
-2.5496395487529457,0.44708478053690875,Budget-Regular
2.4337402984306222,-2.3276526916530744,Bulk-Buyer
2.0586454097879945,0.3061348521813352,Silent-Premium
-0.616349525006446,1.349390867150687,Silent-Premium
0.917151011228182,2.3688618047421013,Silent-Premium
0.2547872697221627,0.2476509088530497,Engaged-Premium
-2.468368353800274,-1.3724982487188897,Budget-Regular
-0.29544137353998084,0.6086159289386933,Silent-Premium
-0.29902527042056914,1.198109627027555,Silent-Premium
-0.26846334243436343,1.152000509977248,Silent-Premium
0.0035690117396750495,0.007142560171391955,Silent-Premium
2.537261213654513,0.5940887945952908,Silent-Premium
2.188602851300286,-2.2040613521463692,Delivery-Disappointed
-3.2744477297411505,-0.3438042614919702,Budget-Regular
0.3653289967783062,-1.6115523837129493,Delivery-Disappointed
-0.5380576214742266,0.9994085857720602,Silent-Premium
-0.08085469412673572,1.229076991688841,Silent-Premium
-0.8206566049275639,-0.8004461323260559,Engaged-Premium
-0.14036636637941916,0.729231987013373,Silent-Premium
-3.3218761504592758,-0.9539109690410863,Budget-Regular
0.34581828284330246,0.5247282434543035,Silent-Premium
-0.7792566324898764,0.02425128495494657,Budget-Regular
0.0497401564693458,-3.829505559024283,Delivery-Disappointed
-0.061074181637179856,1.6311797261312244,Silent-Premium
0.32148993882713256,-0.46957790853934156,Silent-Premium
1.447942880025082,1.4862956797280047,Silent-Premium
0.5949774787145602,1.376485049806587,Silent-Premium
1.9555681009028751,-0.39872709586108396,Delivery-Disappointed
-2.144730283732861,0.00607661117840886,Budget-Regular
0.7446483903901124,0.3394048834017696,Silent-Premium
3.3232377262945625,0.038416323029999755,Engaged-Premium
-0.12125340872764515,-0.9272295133319843,Delivery-Disappointed
0.21328033475893227,0.08457529588387679,Engaged-Premium
1.3158983816720542,0.6468569243773378,Engaged-Premium
-0.5220375632807932,1.1372781485721908,Silent-Premium
-1.314256609367915,-1.0611957932472948,Budget-Regular
1.0213476573394489,0.43879038427343764,Engaged-Premium
-2.4280901021886336,-1.4784673789256588,Budget-Regular
-1.9179690345324039,0.8016261532905389,Budget-Regular
0.7985229280970396,0.5852732220300793,Bulk-Buyer
-3.3622207849475028,-1.3084285214766813,Budget-Regular
0.5786178818551032,0.12428473242649057,Engaged-Premium
0.6612370538482628,-0.12881247904768453,Engaged-Premium
-0.2088538043059962,1.628384818419185,Silent-Premium
0.9557672694836061,2.2674307879885545,Silent-Premium
-1.9961188777178778,-1.28807567220476,Budget-Regular
0.21643384987944897,0.04623121593908347,Silent-Premium
-0.9528295531880272,-0.6334859678525298,Engaged-Premium
-0.05134227252821111,1.2346010119399222,Silent-Premium
0.9534692557781286,0.561964185134172,Silent-Premium
-1.9547165424987587,-0.4453851780085659,Budget-Regular
-2.9298940313472186,-0.26429727424259297,Budget-Regular
2.110995179189803,-2.5085435607094504,Delivery-Disappointed
-2.43507149232664,0.08989567975352067,Budget-Regular
0.2371480020592147,-0.28913047144437726,Engaged-Premium
1.1588971901580838,0.3887571919128667,Engaged-Premium
-1.4299803492983996,0.1519448336642359,Budget-Regular
3.1711884823560936,0.5403053984505203,Engaged-Premium
0.11823341098367594,1.5733119257769947,Silent-Premium
-1.7247256183673059,0.2105175069457644,Budget-Regular
-0.9135767907336596,-0.8010197630324019,Engaged-Premium
0.45972215738112465,0.2069479297765894,Engaged-Premium
-1.1263833706226398,-0.0634140135802039,Budget-Regular
0.5916064834011259,-0.7767853069351449,Engaged-Premium
0.4407900621069292,-3.5643192870783014,Delivery-Disappointed
-0.7796679048927744,-0.518403502613713,Engaged-Premium
-0.6921786298644298,0.2006295907231838,Silent-Premium
-0.07600421278906554,-0.2375400772841562,Engaged-Premium
1.4927499337064618,-2.8855801915341748,Delivery-Disappointed
-1.7504905643253108,0.5410764925447108,Budget-Regular
-1.1847043739597807,0.18935126806732724,Budget-Regular
2.2535247701971612,0.45450145448087376,Engaged-Premium
-2.406384332597879,0.0857379077275096,Budget-Regular
-0.6672900236637057,0.6288466414752355,Silent-Premium
-0.8310095556163978,0.10075743312457454,Budget-Regular
-0.23996357384483116,-0.8474574821147822,Engaged-Premium
-0.33905661836424067,0.13862906972817893,Silent-Premium
0.8273650383393741,1.2375015187352154,Silent-Premium
-1.9402926268134932,0.715979979837368,Budget-Regular
-0.515299771803434,0.9076068795595565,Silent-Premium
-1.274409930591021,-1.2511077768641106,Budget-Regular
-0.8253697638576921,-2.465450990084251,Delivery-Disappointed
-1.007753287602714,0.5765875585396054,Budget-Regular
-0.8500839826392499,-0.7897713935803478,Budget-Regular
0.6482059934900329,0.09348325848977758,Engaged-Premium
0.14912550006432373,-0.2732835186178207,Engaged-Premium
1.7578543222012992,1.7063743594877394,Silent-Premium
-0.17523188224195618,0.9522307428815552,Silent-Premium
0.8782783951667917,0.06283000881144056,Engaged-Premium
1.2266456492099056,-1.2283556994463212,Delivery-Disappointed
-0.6114422520507324,-1.6896559388766483,Delivery-Disappointed
0.42580067799474863,0.011132891840831771,Engaged-Premium
-0.9246591011990878,-0.7467485181725139,Budget-Regular
0.7604052372165114,0.8978898186011041,Silent-Premium
-2.302147638220714,-1.0501206468048419,Budget-Regular
1.7416572913805721,-0.4078057434745315,Bulk-Buyer
1.6392292963965394,0.09912137809096425,Engaged-Premium
-0.5114787258952875,0.7692884836833545,Silent-Premium
-0.24528126517525986,-0.4541547904333879,Engaged-Premium
1.080322388690035,0.8216903663102084,Engaged-Premium
-0.3608303576422714,0.6976116108636919,Silent-Premium
0.13138265170764782,-3.1521413429615786,Delivery-Disappointed
-0.9347554408701634,1.1019260126159232,Budget-Regular
1.374680564592642,1.0589003214599697,Silent-Premium
-0.3007137224036938,0.03174777536481543,Silent-Premium
-2.5248228310869982,-1.040482889030477,Budget-Regular
2.8331598855775604,-1.6905814653884972,Delivery-Disappointed
-3.7040033559175045,-0.5720918276833247,Budget-Regular
0.6712000102317457,-0.003309489159065739,Engaged-Premium
-0.3115650533744059,0.5132934259617496,Silent-Premium
0.5519372337063319,-0.6571539873001003,Engaged-Premium
-1.1923385877805408,0.07675131156342802,Budget-Regular
-0.42845224030646917,0.6296677526880935,Silent-Premium
0.5327695551738854,0.80980714458207,Silent-Premium
-1.3849468987986246,0.6982929995454555,Budget-Regular
-1.9895844078193607,0.7184153747813838,Budget-Regular
-0.5989586155298131,-1.4182212963727352,Bulk-Buyer
0.19379628234767055,1.055210670621284,Silent-Premium
-0.9539949699093885,0.8007096579331751,Engaged-Premium
-0.778365549680039,1.7798743246744209,Silent-Premium
0.34067262338695836,1.0712240578619665,Silent-Premium
0.3068719794377336,1.3373389322084643,Silent-Premium
0.26893139706477387,1.3602118462031025,Silent-Premium
1.4716002004174367,-1.296381397224427,Delivery-Disappointed
-1.4739866589453618,-0.4202963664774879,Budget-Regular
0.8821553767156887,1.1630725462095715,Silent-Premium
-0.6006737418676203,0.797613990896994,Silent-Premium
0.8157172603534507,-0.4844673165392378,Engaged-Premium
0.9832623351742769,0.7487129738570066,Silent-Premium
0.8220721096272242,-3.4581039866003858,Delivery-Disappointed
-0.43898791061760156,-0.5072735666652547,Engaged-Premium
0.5425902003750745,1.0090855386990403,Silent-Premium
1.1872203645912172,1.3359499155155696,Silent-Premium
0.5116958439154862,-3.069452331222388,Delivery-Disappointed
-0.11262364625253969,0.6252994399603258,Silent-Premium
-0.15334113752526374,1.658339265974473,Silent-Premium
0.16936070139226808,-0.8288803939468083,Delivery-Disappointed
-1.3117313180357497,-0.03218203412519341,Budget-Regular
-0.08166297283862307,-0.7025726456503992,Engaged-Premium
-2.82666149905815,0.10587694108081147,Budget-Regular
0.717409171023883,1.2316712581944371,Engaged-Premium
1.6749087709208073,0.9368339327768793,Silent-Premium
0.09455688930935598,0.26543628333166336,Engaged-Premium
1.494602097286767,-2.942363990238818,Bulk-Buyer
1.7075915423060883,-1.4985300034720823,Bulk-Buyer
-1.9928469593065083,0.7606547422463782,Budget-Regular
1.0366023343533022,0.49761732649311424,Engaged-Premium
2.1343863115395836,0.9182178887189043,Silent-Premium
0.027497858690283036,-0.3998708340944617,Engaged-Premium
0.7897733747179095,-0.069369811607644,Silent-Premium
0.11422184727992467,1.4208698936029884,Silent-Premium
-0.1306524119434531,0.20377039187111232,Silent-Premium
-0.27707951279106974,0.7520116858024904,Silent-Premium
-0.38778137288226466,-0.04334817430331038,Engaged-Premium
-0.4150835875712718,-0.7613686839661237,Delivery-Disappointed
1.878377511525353,-3.725745080854148,Delivery-Disappointed
-2.578612892094343,-0.8178471688019585,Budget-Regular
-1.6376845400613371,0.5598218230167875,Budget-Regular
1.6024558778073075,-0.19375708019892976,Engaged-Premium
0.5325010221836373,0.6960693400596816,Engaged-Premium
-0.6534934723765755,0.6650696508639306,Silent-Premium
-0.9629951639379783,-0.2245222287546663,Budget-Regular
-0.8860700201577344,1.1223297413364681,Budget-Regular
-1.6989334823226059,-1.1426376820735975,Budget-Regular
0.9789921468111584,1.9670172019222412,Silent-Premium
-1.7200281582940184,-0.666897933669326,Budget-Regular
2.490022244496103,-0.4160156648575188,Engaged-Premium
0.5665764769223268,0.1287561109728932,Engaged-Premium
-2.012485333825162,0.12976183138631225,Budget-Regular
0.5631772691566017,0.30874498384136234,Silent-Premium
-0.05011733021573027,-0.2540454795413662,Engaged-Premium
0.21850847740271734,-0.32119124950897937,Engaged-Premium
-0.35259975948121375,0.11320545324398172,Silent-Premium
-0.007542221391106203,0.3609239214680339,Engaged-Premium
-2.2066573089597634,-0.6050369100219976,Budget-Regular
0.5228333300022078,0.3576104779457105,Engaged-Premium
-0.04924639285171345,0.8027783152712133,Silent-Premium
-0.042721758271442846,0.31172353428474253,Silent-Premium
-0.214365697480582,1.039766597822411,Silent-Premium
0.5446378815318769,0.7126584609673007,Silent-Premium
-3.024328846971934,-0.10157566971917745,Budget-Regular
0.691789832477546,0.8590418757491516,Engaged-Premium
0.17506247071947736,1.4222470640848852,Silent-Premium
0.3019973641336345,1.2734544093646405,Silent-Premium
0.8980917301473214,0.39029288990528066,Engaged-Premium
0.13907943496314126,0.011072243953440218,Engaged-Premium
1.1757449941735274,-2.847637003659683,Delivery-Disappointed
0.2466013906961529,-2.5481630177436485,Bulk-Buyer
2.6483699178390294,1.4427530858645021,Silent-Premium
1.106754783107029,-1.6828463315362523,Delivery-Disappointed
0.33903318305848906,0.7918728277087388,Silent-Premium
0.29778058577458305,-0.07613127432321742,Engaged-Premium
0.9651720561470749,-1.4052053086165937,Delivery-Disappointed
2.8281561394550594,-3.807011714457282,Bulk-Buyer
0.8578048972729351,-2.9319123655157435,Delivery-Disappointed
-1.7907093633839397,0.25218103961846133,Budget-Regular
-1.0621303940437556,0.43485569424998977,Budget-Regular
-0.9806769982611654,-0.4263439676762791,Budget-Regular
0.5971759478827566,1.0457328015824767,Silent-Premium
0.23955855050020985,0.5264356051540487,Silent-Premium
-0.012571670104612574,-2.1991129856417397,Delivery-Disappointed
-0.3867016980092477,-0.3310382599880631,Engaged-Premium
-0.7163701683838265,0.31969087158995296,Engaged-Premium
-1.520507636171437,0.019892080622789514,Budget-Regular
0.9214471928401597,-2.785418844242167,Delivery-Disappointed
-1.643599208511896,-0.024181136102629085,Budget-Regular
0.7615482332603808,-1.827675474837275,Delivery-Disappointed
0.9262496430738928,0.08757416460557334,Engaged-Premium
-0.680244100543636,1.6218506429442716,Silent-Premium
0.7879732440457907,0.8431272333288612,Silent-Premium
0.06866638543912125,0.633616386078064,Silent-Premium
-1.4226318754988305,-1.5437793325282914,Budget-Regular
1.5824907620873248,-2.6545592784038954,Delivery-Disappointed
0.2605205829782123,-0.06845237207427707,Engaged-Premium
-2.6548344608611636,0.194440141926486,Budget-Regular
0.22909454098154447,-0.5273486416621543,Engaged-Premium
2.4643985307015344,0.8660888039615001,Silent-Premium
-0.5599916918578591,0.963281520176045,Silent-Premium
1.385478749900414,-1.457250487436832,Engaged-Premium
-0.5349272739109693,0.3283646257786945,Silent-Premium
0.8769417106192807,-3.8914039765216732,Delivery-Disappointed
-1.5141053240557305,-0.05837884937172548,Budget-Regular
1.0516746748874453,0.4721761021391714,Engaged-Premium
0.5128435575785868,-2.696482247226537,Bulk-Buyer
-3.266107535837535,-0.3250802789891067,Budget-Regular
-0.9314202726532032,0.19655746315414444,Budget-Regular
1.1167779482866569,0.37856414613472794,Engaged-Premium
1.1008044581459588,-3.3149400144176453,Delivery-Disappointed
-0.30417700031798056,-0.9644534531948508,Engaged-Premium
-0.07257795478183676,0.10537424386259785,Silent-Premium
-0.6423887558209233,0.41908394669445354,Silent-Premium
1.6932731313659382,0.906104174110459,Silent-Premium
-0.5640048065040217,0.28519189103633885,Silent-Premium
0.35685543887843746,1.2170478783770573,Silent-Premium
0.011978285972062333,-0.0681777471696188,Engaged-Premium
-0.5546813462111498,0.3563796308581998,Silent-Premium
-0.5311106670429719,0.8518594341116477,Silent-Premium
0.08901061398788022,-1.3138301326620039,Delivery-Disappointed
-0.6156189880690179,0.5888074783230429,Silent-Premium
-0.10015211695257742,0.11713922791927042,Bulk-Buyer
-0.6820878541626634,1.0312709226355212,Silent-Premium
0.4582462659875177,0.17432240368319582,Silent-Premium
1.6191478477653962,-0.034358265077319504,Bulk-Buyer
-0.0601153632697099,0.10180399351477495,Silent-Premium
0.5584241745651268,2.0964655724571317,Bulk-Buyer
1.4689534361336896,0.4034355981656911,Silent-Premium
-0.6911796065215199,0.7088826326634862,Silent-Premium
-2.0946909486265763,-0.622797899451165,Budget-Regular
-0.9620835945568372,-0.21529269383298358,Engaged-Premium
0.9058859017300019,-1.5328526057714718,Bulk-Buyer
0.8311315836397147,-1.3984689837172608,Delivery-Disappointed
3.33286005313762,1.3839805300270687,Engaged-Premium
0.24468419312598166,1.248922277886223,Silent-Premium
-1.199609156293642,-2.432497470077366,Delivery-Disappointed
0.3165987536815065,0.3278084166318407,Bulk-Buyer
0.17563881670167256,0.8582241357804173,Silent-Premium
-1.5470066017396227,0.020555923224026405,Budget-Regular
-1.0597869843943863,1.3200912775983917,Budget-Regular
-0.3937812490106435,0.08314367701966853,Silent-Premium
-0.9789253302384265,-0.1673140703416789,Budget-Regular
-0.6983932477541462,-0.7208611928791272,Engaged-Premium
2.6337134719652058,0.3058261285491363,Engaged-Premium
-2.095395872758469,0.8548536662919888,Budget-Regular
1.723441927353923,0.4010714524149583,Engaged-Premium
-1.1523722255325313,-1.1299801577365192,Budget-Regular
0.6920341416301444,-0.479766597743316,Bulk-Buyer
-0.8531193376232217,-0.1763833255944007,Bulk-Buyer
0.5096144941827057,-1.01154654294215,Delivery-Disappointed
0.5003376194373853,-1.4512612429871847,Delivery-Disappointed
1.684611629075085,0.2793631898966652,Bulk-Buyer
1.50483306136642,-0.192972446934684,Engaged-Premium
0.8560121864526758,1.237096543786023,Silent-Premium
-0.38071506210408945,-0.13184676306986115,Engaged-Premium
1.020136671489377,-1.2479966711145707,Delivery-Disappointed
0.45275088702886146,-3.4499321858102063,Delivery-Disappointed
1.2404040417450122,-0.46717147738025677,Engaged-Premium
-1.2571750554091932,-0.8421684577748124,Budget-Regular
-0.23232567936371162,0.24409069797641034,Engaged-Premium
-0.12782412389724748,1.281525577850351,Silent-Premium
-0.6852854777970934,-2.2902067118909706,Delivery-Disappointed
0.2587371706028316,0.1785026983357829,Silent-Premium
-0.45751683526174386,-1.1928688072682618,Engaged-Premium
-2.134220235940296,0.23694829296394912,Budget-Regular
0.5704110962499436,0.4846513271512456,Engaged-Premium
1.413559466567757,-1.0994662101799069,Engaged-Premium
-0.4443139565308339,0.8305043503638162,Silent-Premium
-1.5312470014389372,-0.1924940653883894,Budget-Regular
-0.6601941422489086,-0.8414101183287824,Budget-Regular
-0.04104895832550678,0.6100663054454148,Silent-Premium
-1.940167750245245,-2.966244657344115,Delivery-Disappointed
0.41245756021549623,0.06934392168545886,Silent-Premium
-0.7682572466017742,-2.4902653765535256,Delivery-Disappointed
-1.2252107063486537,-0.8058847655131115,Budget-Regular
-0.9429921096480018,0.750188290492754,Budget-Regular
0.7394430896598571,0.05610241903420163,Silent-Premium
1.6244953160399953,0.5858103092216678,Engaged-Premium
0.8589519831885402,2.053260921233405,Silent-Premium
-0.08798474540484377,0.6839310638698377,Silent-Premium
1.0193373172434268,1.31680780425287,Silent-Premium
0.41704374612333406,0.6636876971560669,Silent-Premium
0.10525080702063276,1.2085652081503213,Silent-Premium
-0.7479863246056182,-0.7721616356271126,Engaged-Premium
-1.771493648330701,-1.6785821264007963,Budget-Regular
-0.7454295982939955,-0.3604204744393442,Budget-Regular
0.18896520456276097,-0.2002657009420934,Bulk-Buyer
0.4155976014620401,0.8075646866255072,Silent-Premium
0.21914066417402928,-0.00040577155468702496,Engaged-Premium
-1.2597527268167747,-1.242845249627715,Budget-Regular
-0.6421030935483569,-0.4265654474442215,Budget-Regular
0.08529889797691288,1.2041576933021079,Silent-Premium
0.9234579806715282,0.3868363550226704,Silent-Premium
-1.0224214406268046,-0.6655136831120482,Budget-Regular
-0.2920690931828103,0.5109586808361657,Silent-Premium
-1.5797216881840024,0.11134110848725925,Budget-Regular
-0.22071592282574798,0.06291376544988712,Engaged-Premium
0.2560210643957287,1.5520040802514636,Silent-Premium
0.1200358882491785,1.307077839539615,Silent-Premium
0.524769837321143,0.5754787717700024,Bulk-Buyer
-0.17323702099321817,0.40947077396887016,Silent-Premium
-0.3842291739894422,0.3455762879732373,Silent-Premium
1.196243864391601,0.5226589245207292,Engaged-Premium
-1.794745914330668,-0.04110525496765412,Budget-Regular
-0.5487553316607284,0.7369550409130929,Silent-Premium
0.7005293650182338,0.9019842620221177,Silent-Premium
-0.6167053070179268,0.7171079401268244,Silent-Premium
-0.6948814054826039,0.36064849289683854,Silent-Premium
0.2568450467612426,0.4219018039941319,Silent-Premium
3.5329805083015358,-0.7595124636313573,Delivery-Disappointed
1.235894364604993,-2.5333047902933865,Bulk-Buyer
2.5877507188095725,1.9732395386668578,Silent-Premium
0.8920858227406135,-0.699019271440318,Engaged-Premium
0.9284334432379934,0.8922113381965989,Silent-Premium
-2.5309202244370126,-1.2884590341548532,Budget-Regular
-0.6204609677234835,0.18275896156496949,Bulk-Buyer
-0.04996212738945843,0.9945136621747683,Silent-Premium
1.9606252483958138,1.754549033241278,Silent-Premium
0.8683603597804045,0.7261857277972151,Silent-Premium
-1.2449431116968575,-1.4420305545683154,Budget-Regular
0.0032750070917330018,1.312977226393508,Silent-Premium
1.303342896147188,2.12005564280255,Silent-Premium
-2.727204829583913,-1.7440085934548786,Budget-Regular
-2.3117052069431216,0.8230786172904494,Budget-Regular
-1.1338029417571018,-0.006621576094016111,Budget-Regular
2.748308489430005,-0.6125512301613614,Bulk-Buyer
-0.8381496190422888,0.806738482931713,Silent-Premium
0.625249330195865,0.22700471458039603,Engaged-Premium
2.340623821083115,0.731908151025472,Engaged-Premium
0.7357321247693278,1.2635994540843878,Silent-Premium
0.38169320828222364,0.6515817846643749,Silent-Premium
-1.1401689251839757,-3.7189150128119817,Delivery-Disappointed
-0.028831257484040442,0.4064303351527403,Silent-Premium
-1.658566845917127,-2.181856795685512,Delivery-Disappointed
0.3532161917742849,0.9554061523899101,Silent-Premium
-1.8815391945845594,-0.10167652380314005,Budget-Regular
-0.0503042515216878,0.010938505708409839,Engaged-Premium
-0.5687019579118788,1.072531386325848,Silent-Premium
2.8312928754802424,0.4001604565137989,Engaged-Premium
0.6216836169745539,-0.3551181477906978,Bulk-Buyer
-2.0856865817427437,-0.0754406903310377,Budget-Regular
-0.98486577575222,0.2989233735870216,Budget-Regular
-1.456043225825762,0.3195648318906346,Budget-Regular
-0.5088817956193614,0.8861132326186292,Silent-Premium
-0.2849494940298511,-0.2230393170982443,Silent-Premium
-0.6869723781932701,1.312811309188017,Silent-Premium
-1.0065993746901853,0.276081059832769,Budget-Regular
-0.6821913482250548,-0.8501277581963231,Budget-Regular
-0.699902435721985,0.5737814009897181,Silent-Premium
1.6259565746659903,1.3678317614127793,Silent-Premium
-1.065473191387016,-2.3480424075702366,Delivery-Disappointed
-2.392966652178757,-0.2526327594751031,Budget-Regular
0.5807780791431854,0.15408117432181367,Engaged-Premium
-0.023636915376917114,-0.1515350440960319,Engaged-Premium
0.10817271119605197,-0.9322399300303343,Engaged-Premium
1.4079829066981466,-1.45611514172165,Delivery-Disappointed
-1.0939989686225637,0.2626466866410052,Budget-Regular
0.8182038600742118,0.11711026740274942,Engaged-Premium
-1.3226308999587932,-0.21348868491425047,Budget-Regular
-0.9122566834879678,0.5052605593730854,Silent-Premium
-1.5819117480193507,0.44403845600634384,Budget-Regular
-0.5428197939705998,0.8848296363118132,Silent-Premium
0.8877415760925799,0.8064797458384764,Bulk-Buyer
0.17160203179868572,-0.3333517370530054,Engaged-Premium
-0.2413902188256396,-0.4036627400621264,Engaged-Premium
-1.0533857679121086,0.7934084076912431,Budget-Regular
-2.5074648109969724,-0.11646471808906042,Budget-Regular
1.8749740138246302,-1.427565239912236,Bulk-Buyer
-2.5092202573912417,0.026929119446989586,Budget-Regular
0.4751847433015498,-2.505039811259499,Delivery-Disappointed
-1.0789857760295571,0.5994136958112797,Budget-Regular
0.473962385483926,1.455071283453389,Silent-Premium
0.13680931081256006,-1.765741750969688,Delivery-Disappointed
-0.758480101483303,-0.16113621951842613,Budget-Regular
1.1989868341350507,1.3121443245882363,Silent-Premium
0.031954808543302494,-0.20057824707751495,Engaged-Premium
-0.9617875953567556,0.8749176634780519,Budget-Regular
-3.270213056172215,-0.3728671280116491,Budget-Regular
-0.2041605769977757,0.00916472654262935,Engaged-Premium
-0.19190065236005543,1.7352914546616451,Silent-Premium
-0.8718286355527243,-0.7180228006638425,Budget-Regular
2.789904195746684,-2.206279692358706,Delivery-Disappointed
-0.004512516754362794,0.6709062232953561,Silent-Premium
1.2892580497182027,-2.4295107140806658,Delivery-Disappointed
0.16729254037022906,0.6394297016691918,Engaged-Premium
-0.2061783547396907,0.12255913492472466,Silent-Premium
0.14288993568580366,0.5050965563408246,Engaged-Premium
-0.3499442773750218,0.6873831146543489,Silent-Premium
-0.5067273574675011,0.005347873324972059,Silent-Premium
-0.22022459487106621,-0.08142985963512317,Engaged-Premium
0.2515754295085583,-0.5403197156800488,Engaged-Premium
0.9271671196093331,-2.3519822457620574,Delivery-Disappointed
1.4590461383686348,0.43977734015281644,Bulk-Buyer
-0.7046613018482478,-0.3697051644702402,Budget-Regular
-1.1573101714938254,1.0531633422440585,Budget-Regular
-0.3447421667027356,-4.202696413897125,Delivery-Disappointed
-2.378555133724697,-0.3042623523388909,Budget-Regular
-1.6482481100352042,0.28925829489950255,Budget-Regular
1.8653308890064997,-0.7675863616899133,Bulk-Buyer
0.4791251388641653,1.236918892985091,Silent-Premium
0.9534421061792245,-4.164977832937244,Delivery-Disappointed
-0.60689387772744,-0.4797351761717745,Engaged-Premium
-0.8398426302740974,-0.19844424722151924,Budget-Regular
-0.027578105176519065,1.1242100715493892,Silent-Premium
-0.015136788639134714,1.0504935221907628,Silent-Premium
0.48534522903565325,1.306706607688348,Silent-Premium
-2.038268415132612,-0.281112619509939,Budget-Regular
0.6400557751294415,0.848287568363905,Engaged-Premium
0.27069684055665544,0.6443540591424871,Silent-Premium
-1.506490281984777,-0.011729480456111142,Budget-Regular
1.2978335106713852,0.4651877805260563,Engaged-Premium
3.382267505863703,2.0366637534249565,Silent-Premium
-2.1552143260346512,-1.6571092505085026,Budget-Regular
-2.415310355729458,0.07284500885545206,Budget-Regular
0.008131471538303245,1.0858453353559223,Silent-Premium
-0.6446410724675297,-0.7898068567436045,Bulk-Buyer
-0.3173902265988101,0.13194979269696044,Silent-Premium
0.15854233213654823,0.3041324771068824,Engaged-Premium
-1.421016466944901,0.5920342486266277,Budget-Regular
0.31585678067264683,0.9086777710701321,Silent-Premium
-1.7633937300194407,-1.010626548851524,Budget-Regular
0.45411998006902055,0.3910564423822339,Engaged-Premium
-2.0656222241100473,-0.2476324081227255,Budget-Regular
-0.23533001258798433,0.09214022962743851,Silent-Premium
0.919750680917598,1.8127411547313623,Silent-Premium
-1.525255174338908,-0.09346730341555456,Budget-Regular
-1.024594720799043,-0.24704321621902456,Budget-Regular
1.720537742424413,-1.077004960853871,Delivery-Disappointed
-0.7361973635964308,0.1453818679837446,Bulk-Buyer
-0.208147508192443,1.0132070203046293,Silent-Premium
-0.28840080132076357,1.0390489255953959,Silent-Premium
0.7121018918427668,1.1243913095469649,Silent-Premium
0.8744260793636746,-0.13556687402527462,Engaged-Premium
0.6615106143247886,0.8151548210906537,Engaged-Premium
-0.461075770655232,0.7066142847443089,Silent-Premium
1.9489741050893825,0.924410197452497,Silent-Premium
1.3896109585939334,0.7948506254854809,Engaged-Premium
-2.7541877171717744,-0.489872705798415,Budget-Regular
1.1489209612358242,-2.363063655261303,Delivery-Disappointed
-0.08945744756605109,-0.5687374278059754,Engaged-Premium
0.9666531351928094,0.27842839160887844,Silent-Premium
-0.44007568034205036,0.8005407295800926,Silent-Premium
-0.8101492114817013,1.021809747943183,Silent-Premium
-0.27532395035870283,-0.8697314975554433,Engaged-Premium
0.823893337104358,0.07668900153921064,Engaged-Premium
-0.13875375130759285,-0.043316821102530004,Engaged-Premium
1.0698901784083181,0.4677153549942925,Bulk-Buyer
0.8225467435924131,1.3370879499391624,Silent-Premium
1.347060860938739,0.9013933265521966,Bulk-Buyer
-0.5527460615290026,-2.5518236709076523,Delivery-Disappointed
-0.4494428058810875,-0.4638059205073528,Silent-Premium
-2.0205435587636305,0.3800089359502302,Budget-Regular
0.952880458967382,0.5984743576039547,Silent-Premium
0.8425227886160751,1.3575077270811378,Silent-Premium
1.3488446336637185,1.9766150453323759,Silent-Premium
-0.24818725842945102,1.0470844285891399,Silent-Premium
-0.5977508466934236,-0.2939161351089708,Engaged-Premium
-3.7007376428163985,0.46204645849453313,Budget-Regular
0.8169349879140904,0.3150170493990397,Engaged-Premium
1.0070741198869786,-2.885372972184176,Delivery-Disappointed
1.7680546387282146,0.9241791416310104,Bulk-Buyer
-2.3727573755118976,0.15026952024470377,Budget-Regular
0.9210390356609235,0.18813146946338866,Engaged-Premium
-2.2799786167263365,0.0720470414448549,Budget-Regular
-0.8066447215644973,-0.34158644049464926,Budget-Regular
-0.7344863028520586,0.6012439496406075,Silent-Premium
-1.3247701621070467,0.1867610044733055,Budget-Regular
0.5774609363348945,-0.0882265978952145,Silent-Premium
-1.4378083784914089,0.5031473671389818,Budget-Regular
-0.6518389577459907,1.2177552233686146,Silent-Premium
1.0880680388409116,1.570249852975193,Silent-Premium
-0.9404397035674891,-0.5226107437647831,Engaged-Premium
-0.4401766789180061,0.8541937940287145,Silent-Premium
-1.742634577900473,0.5099098931142663,Budget-Regular
1.2879789999602138,-0.9095669391427329,Engaged-Premium
-1.5537785542857048,-0.7131410243625382,Budget-Regular
1.717176220098642,-1.0313969483525345,Bulk-Buyer
0.7104448140004138,1.8849827556370093,Silent-Premium
1.1573991792726241,-2.5247473397345317,Delivery-Disappointed
-0.2359115708731079,-0.304545563911838,Bulk-Buyer
-1.81252817488558,0.552324655611554,Budget-Regular
0.10556146535765941,1.2761288470942542,Silent-Premium
-0.34719265504657776,2.143056640402506,Silent-Premium
0.13554451379542712,0.8032505305364089,Silent-Premium
2.2456182684814237,-1.2113452263496587,Delivery-Disappointed
1.1858077445675086,0.4575542254231305,Silent-Premium
-0.4977303104684884,1.2496760698071718,Silent-Premium
-0.4413180880420617,-0.29904706186118846,Engaged-Premium
-0.3652924108975484,0.6583311984552122,Silent-Premium
-2.1499974522600653,0.7241048040735593,Budget-Regular
-1.9895445951394766,0.28783799182328,Budget-Regular
0.4305096606505953,0.5602673347386681,Silent-Premium
0.4738352198805891,1.2459535769853034,Silent-Premium
0.049463074131832326,-1.4185397002893445,Delivery-Disappointed
1.0858807534398878,1.366463462458485,Silent-Premium
-1.0661537894260993,0.8321015744851699,Budget-Regular
1.1849801082301614,-2.257062709255471,Delivery-Disappointed
-0.1367173912236654,-3.645218925854846,Delivery-Disappointed
1.8104009144446493,1.1878357610002732,Bulk-Buyer
-0.18053296425743454,0.389944373354407,Engaged-Premium
2.28340060497548,-3.4636103440475394,Delivery-Disappointed
0.735064765582497,0.6437529590119863,Engaged-Premium
-0.4766230607395585,0.05836532148882226,Silent-Premium
-0.04797338241051072,-1.0662246038660579,Delivery-Disappointed
-0.46365116406147755,0.9401487102312726,Silent-Premium
1.0821796600878566,-3.7655998311285783,Delivery-Disappointed
-2.411283607764122,-0.21598224071885866,Budget-Regular
0.9288796195369765,1.8076658220757624,Silent-Premium
-0.6743070816132621,0.7157798021648428,Silent-Premium
0.8106006803413154,1.8911988273481841,Silent-Premium
0.2860253162552729,1.3215205226534505,Silent-Premium
-0.12667985359998388,0.527610195044508,Silent-Premium
0.4119962580996503,-0.22966680175870494,Engaged-Premium
-0.38667322736711157,0.44616631372634813,Silent-Premium
-0.7642858664967613,0.23271116931563546,Silent-Premium
0.0371052295008587,0.5836264367410631,Silent-Premium
1.9538600565723763,-0.8304212527041663,Bulk-Buyer
2.253120516015223,-1.9797102986686903,Delivery-Disappointed
1.256123474403281,-2.73987567070421,Bulk-Buyer
-0.27434810996818537,-0.5243193537687046,Engaged-Premium
0.26305733018552385,1.227030811187547,Silent-Premium
-0.3147360011498937,0.30441834864094997,Engaged-Premium
0.08574601997474753,0.4874177995950432,Silent-Premium
0.3012659664213115,0.9468472048144868,Silent-Premium
2.4994582417069866,1.7330707917065922,Silent-Premium
-0.2358170155907669,-0.025407278312534233,Engaged-Premium
1.288411339343939,1.2265379704104713,Silent-Premium
2.56112819658085,-0.8943246286708378,Bulk-Buyer
0.3058678489019387,0.9864087706333168,Silent-Premium
-0.1806797648826038,1.9729205118028001,Silent-Premium
0.08411115753207545,-0.27051572727823747,Silent-Premium
0.42812286268067773,0.42272555626273506,Engaged-Premium
1.23060548711629,-0.2423058223334052,Engaged-Premium
-1.1193185352537025,-2.3214940955253516,Delivery-Disappointed
-2.666173769536572,-2.161618796116822,Budget-Regular
0.2766554685483823,0.6079335457285644,Silent-Premium
-0.7577988489154701,-0.43195981991956706,Engaged-Premium
0.5043473954886776,-0.5246654591826573,Engaged-Premium
0.19195658847145436,1.1186807885050096,Silent-Premium
4.066180330831278,-0.336797890908855,Bulk-Buyer
0.3932721163863791,-2.2619350058534495,Delivery-Disappointed
0.4797168557454041,0.441083275773282,Engaged-Premium
-0.7127326615131246,0.9730707286905429,Silent-Premium
-2.382307966164168,-0.0376949355568196,Budget-Regular
1.250099489041182,-2.276192318882644,Delivery-Disappointed
-0.112635250739481,-1.0309044881850373,Delivery-Disappointed
-0.8744918537101952,0.45949957915687684,Budget-Regular
-0.6660763292173999,0.5292522524936084,Silent-Premium
1.0763425314495736,-1.698267806619893,Bulk-Buyer
-1.8001552893282786,-0.35152490400482833,Budget-Regular
0.3944911844680773,1.408931223191613,Silent-Premium
-0.4975012772995686,1.1042156110164196,Silent-Premium
-2.2441559641318696,-2.977505581683986,Budget-Regular
-0.01019313651464161,1.3578460837046982,Silent-Premium
-0.018311252672945432,0.34644896417977145,Silent-Premium
1.880212308183256,1.212534433509123,Silent-Premium
1.6712435702147537,-2.9367170426182674,Delivery-Disappointed
-0.7845844833572403,0.2792206030333354,Engaged-Premium
-0.29961236885357384,0.2851553566517561,Silent-Premium
-0.05118617267578023,1.2003187481365014,Silent-Premium
0.9733616788422599,0.670355386317246,Silent-Premium
1.3192944552588344,0.8557650213095208,Bulk-Buyer
-1.7001709634471147,-0.7592991622838585,Budget-Regular
-0.7206339283738943,0.6607219824766493,Silent-Premium
-1.9346703666810638,0.3957152013336843,Budget-Regular
1.3001450961013972,0.5581878644825528,Bulk-Buyer
-1.500097647791567,-0.5983761607075336,Budget-Regular
1.5488047353047552,2.0089681321699446,Silent-Premium
-1.695478831346221,-0.3651439047895284,Budget-Regular
-2.665609371956908,-0.2110625976656205,Budget-Regular
-1.8957003749523929,-2.9010158268211366,Budget-Regular
-1.3491498801491297,-1.0742388272625398,Budget-Regular
-1.3729419956067666,0.7867944064684732,Budget-Regular
-2.190084221150165,0.4638995591559542,Budget-Regular
0.9502685535004451,0.9233405051747064,Silent-Premium
2.288100103535697,1.8062205711374335,Silent-Premium
1.2117791938364275,0.650506818420556,Engaged-Premium
-1.6317439313244506,-2.9860155513934625,Delivery-Disappointed
-2.0428007526128362,0.0010258330049411344,Budget-Regular
0.038821394516771336,-0.37500788947051605,Engaged-Premium
-0.15528853625397984,0.5165355720289274,Silent-Premium
1.4974211113135902,0.07455361207362661,Engaged-Premium
-0.14680519986902382,-0.35818176128678353,Engaged-Premium
-0.8213202702315675,0.3436750189394164,Budget-Regular
-0.5697489611445268,-0.39629906266359993,Engaged-Premium
-0.13023831671522926,0.593230933351195,Silent-Premium
1.2444341656419353,-0.5168984359637548,Engaged-Premium
1.2235711571922137,0.7568418443828356,Bulk-Buyer
-1.5600298930436924,-0.2869032949325576,Budget-Regular
0.8443682337240802,-1.8500356635969328,Delivery-Disappointed
-0.5043824448048345,0.11526875006801779,Engaged-Premium
1.1032190807872684,-1.8130998841045654,Bulk-Buyer
0.21909155060980323,1.1771837039986799,Silent-Premium
-0.4376553542069467,-1.6649710924456458,Delivery-Disappointed
-2.1891387591280758,0.4803403195817929,Budget-Regular
-2.0860187179886536,0.6228027998874457,Budget-Regular
2.393193892528203,-0.05814673917459784,Engaged-Premium
1.9583358264905295,-1.3979948178371215,Bulk-Buyer
-1.9192293828026874,-0.44025969501159384,Budget-Regular
-0.20794484838131733,-0.25179653632434995,Engaged-Premium
0.6725939697927453,-2.923535259138846,Bulk-Buyer
0.36202796540160037,-0.6297940048396493,Engaged-Premium
0.22925854650211674,0.630834991192647,Silent-Premium
-2.17455207534081,-0.30341153695994916,Budget-Regular
-1.2185122961793706,0.744089861200938,Budget-Regular
0.784488103259587,1.5841654224535486,Silent-Premium
-0.8831702556297101,-0.8570110446829702,Engaged-Premium
1.7406528298482247,-2.913888468695331,Delivery-Disappointed
-0.7054623914448599,0.620172127572508,Silent-Premium
0.5398242682221386,1.328601276975829,Silent-Premium
-1.1873152240813583,1.1849566931527475,Budget-Regular
-0.8615942528416679,0.28727941321668404,Budget-Regular
-0.7787114494573174,0.4262343129916871,Engaged-Premium
0.20380969383383557,0.727722407109479,Silent-Premium
-1.4742108632761104,0.3337639810116879,Budget-Regular
-0.9770255999752799,0.9544058743347849,Budget-Regular
0.3019796825307142,0.4284099532350915,Silent-Premium
-1.2403161837670649,0.7553166613696504,Budget-Regular
-2.647340038690865,0.2913202466556025,Budget-Regular
-1.5769975581521714,-0.09498047193629583,Budget-Regular
-0.28807596023163506,-3.1674908092876333,Bulk-Buyer
0.3165515345541436,1.2666541067190458,Silent-Premium
-1.4942830976066828,-0.9868830764468413,Budget-Regular
0.16970030362414845,1.2456807820570353,Silent-Premium
-0.012916277536164733,1.0480010972232898,Silent-Premium
-0.6546375844050425,0.6117413059462102,Silent-Premium
-1.0103522367695317,-0.9286200497085624,Budget-Regular
-2.239642150193921,-0.05116801860706906,Budget-Regular
0.18319962196035167,-0.14253920178059698,Silent-Premium
0.4035131758150348,1.3720950728328034,Silent-Premium
-1.7305340583499287,-0.7458219371191883,Budget-Regular
0.8341438406549421,0.23877021403944046,Silent-Premium
0.7133721880159242,1.1240634844687531,Engaged-Premium
0.807412717026791,-0.4397800033235132,Engaged-Premium
0.5203188570175545,1.2225020496297712,Silent-Premium
0.22882011011247605,-0.6292823173461936,Engaged-Premium
0.04100527414604493,1.422884456087134,Silent-Premium
-1.0714437580327967,-1.3739547602687154,Engaged-Premium
0.7485800127667959,0.5717177061166681,Silent-Premium
0.6737240656679412,-0.28499652662534936,Engaged-Premium
-0.28810062276465537,0.8268389971363793,Silent-Premium
-1.4191830587462653,-0.19824247034574202,Budget-Regular
-0.5178245298241957,-0.14085389997172246,Silent-Premium
0.5917987678317317,-0.3120497048520909,Engaged-Premium
1.9293741598832936,0.6141747092281541,Bulk-Buyer
0.5635476873787266,-2.1599709689463533,Delivery-Disappointed
1.1672607429393154,0.05059708007641247,Engaged-Premium
-1.328088521904128,-0.13285586357214685,Budget-Regular
2.3605730741964503,1.0980639488016732,Silent-Premium
-2.520027291022599,-1.2908139008759798,Budget-Regular
1.7357136137697442,0.6309811523763433,Engaged-Premium
1.173303725368604,0.38258324875925154,Bulk-Buyer
0.0920014700963505,0.5815280603448417,Silent-Premium
0.18032840924756305,0.37967738644158716,Silent-Premium
-1.9866440372399712,-0.33887502185791496,Budget-Regular
0.19945097249232902,1.4090767622099865,Silent-Premium
0.8595878239690591,0.031074313309919187,Engaged-Premium
2.291503014145479,-0.7700793016271956,Delivery-Disappointed
-2.5345437021057537,0.2606430326127038,Budget-Regular
0.38955876412237594,0.9938544966345488,Silent-Premium
0.36627827242111066,1.2465794266576558,Silent-Premium
-0.5732156716868679,-0.03804880562841238,Engaged-Premium
0.11632572378269758,0.7516123879322318,Engaged-Premium
-0.5520597367809595,0.2600216883557679,Engaged-Premium
-0.42304421706737516,-0.6406939464832263,Budget-Regular
1.558307191466566,-2.128373644228879,Delivery-Disappointed
-0.7755989635017458,0.36228231877167344,Budget-Regular
-2.3401709800905537,-2.711633199804322,Budget-Regular
0.3426800874893994,0.3041484872099583,Engaged-Premium
-1.1255505557566876,0.232276355157249,Budget-Regular
-0.002151826738876072,0.05108969647563805,Silent-Premium
-0.23575377587474378,1.159003211238161,Silent-Premium
-0.2710389279335911,0.6429360709441672,Silent-Premium
0.45980009892478435,1.2954162291834836,Silent-Premium
-1.0761418335908735,0.38451000597449586,Budget-Regular
1.1977923391641863,-1.189929446868102,Delivery-Disappointed
0.6074817187810309,1.1632976851492423,Silent-Premium
-0.36884532700247347,1.0651556763819092,Silent-Premium
-2.460743637258531,-0.5593132507939199,Budget-Regular
2.1226813090217345,-2.113275191015253,Delivery-Disappointed
1.8501271628421936,-3.2121662563175,Bulk-Buyer
-0.9748232729692815,-0.47254695599352114,Engaged-Premium
0.25701306144785174,0.33936042737442296,Engaged-Premium
-1.9776652345657917,-0.7997909505344717,Budget-Regular
-0.3325180533458413,1.370512623952657,Silent-Premium
2.5219165152206933,1.8940084820723007,Silent-Premium
-0.9213817749331605,0.8230974944623165,Budget-Regular
-0.2584540673284372,0.8266963939295529,Silent-Premium
0.8697716327454406,-0.5068552607770515,Engaged-Premium
-0.39624140879616276,0.7716661793608951,Silent-Premium
2.1273953586307934,1.9855753165531422,Silent-Premium
-2.4714352248070557,0.05147177039747349,Budget-Regular
0.27140722509549414,1.335335451968534,Silent-Premium
-0.3234594670958292,0.36662595583284785,Silent-Premium
-0.09939982300671295,-0.8207717345693459,Engaged-Premium
1.057670004609852,-1.0583839608997305,Engaged-Premium
0.20334749968545912,1.0160803683526143,Silent-Premium
0.13223281735933087,0.40519246417656896,Engaged-Premium
0.7081979055557881,0.5353519961520504,Engaged-Premium
-0.29891620707294164,1.177158171354689,Silent-Premium
1.4476497459078113,2.1449082909708603,Silent-Premium
-0.09102585833164548,0.8268612171732102,Silent-Premium
0.7684729507638544,0.6207963230413079,Bulk-Buyer
-2.020636374556157,0.14715261863265222,Budget-Regular
-1.1945093491500736,0.746586256820448,Budget-Regular
0.28965003412879925,1.0624145708240327,Silent-Premium
-0.7388454722557789,-0.4044356300973579,Engaged-Premium
-1.1778849527415642,0.18931312785204416,Budget-Regular
0.3851349152360864,0.3902860466006313,Silent-Premium
0.5944700833394426,-1.5241819516608663,Delivery-Disappointed
0.3916909484673942,-0.8618238694630788,Engaged-Premium
0.5253833753857282,-0.8677762752725158,Bulk-Buyer
0.09397628180254185,1.4173944020591496,Silent-Premium
-0.4570133421741766,0.9437189280159817,Silent-Premium
2.061839064175164,0.6802909765478812,Bulk-Buyer
0.6119915461175016,-2.5867311083501323,Bulk-Buyer
-0.9325540012894393,-0.4900198509072595,Engaged-Premium
0.2888120424962437,-1.3109777466686758,Engaged-Premium
0.8504523219211375,1.3352492939819578,Silent-Premium
-0.48719195009304905,0.5088918237999343,Silent-Premium
0.5038582154038544,1.3097981275784163,Silent-Premium
2.714990648874932,-0.834047752220253,Bulk-Buyer
-0.4953678685995844,0.27913872113927934,Silent-Premium
0.2690477109182773,0.6480714887356296,Silent-Premium
-0.9910103075277801,0.2946835620586103,Engaged-Premium
1.3832045533559156,-1.22678126931324,Bulk-Buyer
1.8894585131999646,1.4736534585273773,Silent-Premium
0.01506246855850093,0.22609057908045035,Engaged-Premium
-0.27436866565351176,0.44583358387863503,Silent-Premium
0.9509957545113477,-1.6864501556116145,Delivery-Disappointed
0.5261809373855267,1.3634152141989822,Silent-Premium
0.8462166421135235,2.5643884288015113,Silent-Premium
1.2915429644425942,-0.6290902239077416,Engaged-Premium
-2.2044585850104585,-1.0508531739454245,Budget-Regular
0.335838969709291,-0.8572953261430561,Engaged-Premium
2.3434533220572624,0.8772236213982729,Engaged-Premium
-1.1423969149837745,-0.08060339517264589,Budget-Regular
-2.297674537958456,-1.285397798346458,Budget-Regular
0.022228590182542207,0.8624772307018226,Silent-Premium
-0.1852087297120937,0.03936222321333738,Engaged-Premium
-1.0516073499804675,0.9100409155585666,Budget-Regular
0.15802201490146606,-1.0877791473915237,Engaged-Premium
1.0834012401212523,-1.4854816132542439,Delivery-Disappointed
1.1828269691945166,-3.5253598921238134,Delivery-Disappointed
-0.2670448258603089,0.4515262090190998,Silent-Premium
-0.33351488422833103,0.34433178512112733,Silent-Premium
1.2493785578452128,0.6422720495560409,Silent-Premium
0.18260470592084782,-1.0010020853435473,Engaged-Premium
1.116114026462973,0.48440651830667103,Engaged-Premium
0.5907021561853858,-0.12887664406538346,Silent-Premium
-0.8611730579444622,0.9076835901661053,Budget-Regular
1.3283941463486986,-1.4797677271392153,Delivery-Disappointed
0.9883816697688113,-2.1915996806840092,Delivery-Disappointed
1.0850479808111098,-3.2111268200991674,Delivery-Disappointed
3.6002010354526606,-1.6462563746465284,Delivery-Disappointed
-0.25209092469554323,0.5414871053030511,Silent-Premium
1.1364760167598946,-0.6490169658856343,Delivery-Disappointed
-2.1227297392684363,-1.0660634952806405,Budget-Regular
0.8387451980973644,0.2843510471518109,Engaged-Premium
-1.8549986032572785,0.28158736659751876,Budget-Regular
0.7213944471339269,0.06593775040212904,Engaged-Premium
-1.5689479852855437,-0.3498191811725461,Budget-Regular
-0.023212873072021478,-0.1744930165362902,Bulk-Buyer
-2.7087261115775227,-0.7801746736572766,Budget-Regular
-0.5460897892245331,-0.45807455305940226,Engaged-Premium
0.044980555744312624,0.21437796369675263,Silent-Premium
1.9898596105609216,-2.2090096854224885,Delivery-Disappointed
1.065543961345947,1.6636080272045244,Silent-Premium
-0.20959576319401552,-0.6251463188549775,Engaged-Premium
0.536641022559236,-1.7796927472207134,Delivery-Disappointed
-2.0121368342046346,0.3650568789778482,Budget-Regular
-1.1729260277274522,0.5956229674752954,Budget-Regular
-0.8533651539819365,0.7489826127997841,Silent-Premium
2.5623747147189144,0.982696874666399,Bulk-Buyer
-0.7994398217745816,1.0846289997130354,Silent-Premium
-0.6596946266816328,-2.534563787204614,Delivery-Disappointed
-0.41106707682829313,-0.6594012005339551,Bulk-Buyer
1.0395359262543542,0.303721678561897,Engaged-Premium
1.1825652840742764,0.1224847978136742,Engaged-Premium
1.4277843804707973,1.8156344469785637,Silent-Premium
-1.7263450613900033,-1.0362193775914195,Budget-Regular
0.37857493077765414,-2.154892211999946,Delivery-Disappointed
-0.759935418192018,0.9155717001822372,Silent-Premium
0.07551579216186934,1.0588147410609723,Silent-Premium
0.5656747369898235,-2.2139504408080586,Delivery-Disappointed
0.7142385459913668,0.7838195995931153,Silent-Premium
2.5337294095645206,-2.4866269709405042,Bulk-Buyer
-0.508300008053063,0.6710954484998118,Silent-Premium
-0.8144863102571063,0.8114439452573402,Silent-Premium
-0.3534623388566257,1.0635111286954457,Silent-Premium
0.16441030604341603,1.039749921284607,Silent-Premium
-0.8131024562648647,0.518040976291328,Silent-Premium
-0.6568437127058226,-0.821581888611142,Engaged-Premium
0.6794303555656525,0.7890362033083214,Silent-Premium
-0.07313968678231786,0.3451717449744293,Engaged-Premium
-0.2646194667483243,1.0007623786814068,Silent-Premium
-0.898237227012553,0.7831287322022232,Silent-Premium
-1.8761102462806043,0.06754223281420577,Budget-Regular
1.089638149898812,1.0294104597478573,Bulk-Buyer
-1.0357168349387529,1.1625708809986863,Silent-Premium
-0.19089679106398433,-0.01926141498726091,Engaged-Premium
1.3807309050883492,1.109305516476653,Bulk-Buyer
2.2839763806540354,0.9848600493869553,Engaged-Premium
0.9464527082399101,-1.2365971454960583,Delivery-Disappointed
1.269912450042862,-0.7012496641637446,Engaged-Premium
0.6933087373375543,-0.12429784704014535,Engaged-Premium
-0.6764751837871771,1.1942894424627715,Silent-Premium
-1.8432324504800246,0.5301792831512744,Budget-Regular
1.5781297384328228,-0.29573713548706765,Bulk-Buyer
-0.30277503655650234,0.3160401328315586,Silent-Premium
-1.0406644605498663,-0.4913222249158876,Engaged-Premium
-0.3157929978968362,-3.268959118066329,Delivery-Disappointed
0.9494447157691741,-2.2009435567429403,Delivery-Disappointed
-2.3573622204003883,0.5234484545239212,Budget-Regular
1.624182086907143,-0.0825518238998657,Silent-Premium
1.339307729910223,1.3298780320313919,Silent-Premium
-0.9083969506296383,0.5752445210191903,Budget-Regular
-0.41591502589605356,0.9920794800966057,Silent-Premium
-1.3821828699667666,0.23168392687082767,Budget-Regular
0.26661371011446444,-1.7477403281484678,Delivery-Disappointed
-0.9705949955666414,0.2654107542971929,Budget-Regular
-1.8092753362144358,0.013817513359677604,Budget-Regular
0.7473682958243324,0.6030700049279043,Silent-Premium
-2.4448507368993195,0.6446699670790701,Budget-Regular
-0.45993704453826645,-0.1794836154871306,Engaged-Premium
0.26500896569199833,0.9237844993394756,Silent-Premium
1.2508553547895185,1.5899364947533325,Silent-Premium
0.17400036915804165,1.626783240045033,Silent-Premium
-1.1167067509235304,0.9653288382347444,Budget-Regular
1.077994938812265,-1.4511050950150688,Delivery-Disappointed
0.08276595178227532,0.17577792509634313,Silent-Premium
-2.208494696364555,-2.808934788367413,Delivery-Disappointed
0.4119890986894723,-2.648463521550732,Delivery-Disappointed
-1.5168597241522892,0.1595920176983531,Budget-Regular
-0.27927155381957236,-1.5375728339034187,Engaged-Premium
-0.6477823943903805,1.1839267731761172,Silent-Premium
4.346510707363084,-3.7553360509336637,Delivery-Disappointed
-1.192022552493929,0.7169608031650816,Budget-Regular
2.1257070056981924,1.4738797162398332,Silent-Premium
-0.5757178111261285,2.317640746525565,Silent-Premium
0.08896692297017834,0.9868229125865599,Silent-Premium
-0.6366227607196061,-0.7310146654582708,Engaged-Premium
2.1247410547210515,-0.31635699886111757,Bulk-Buyer
0.5248978725231487,-0.8663848785495593,Engaged-Premium
-0.8958852423046004,0.7726157363100253,Silent-Premium
1.9041472390994432,-0.642992393609391,Engaged-Premium
1.5397309055021093,1.5741924268078942,Silent-Premium
-1.6274217009024239,-0.4277932185243302,Budget-Regular
-2.124823171473945,0.6944593151829312,Budget-Regular
-1.1321363531308257,0.7056873416048953,Budget-Regular
-0.3211401599732075,1.007819043288867,Silent-Premium
-1.9686259590852677,0.2863657115639659,Budget-Regular
-1.776521853715501,0.5309067299270208,Budget-Regular
0.9477491196953667,0.1771550734866659,Engaged-Premium
1.0364701325447538,0.34539173094029774,Silent-Premium
1.3271255026494175,0.9520139666474965,Silent-Premium
-2.747579623906007,-0.020879827258447774,Budget-Regular
-0.7672348623564148,-0.3621024152533017,Engaged-Premium
-1.291442871408554,-0.579213885589216,Budget-Regular
-1.3889270273261254,-0.9139229073553244,Budget-Regular
-0.033346146831695296,0.9247787933165142,Silent-Premium
0.8511196922027232,0.07090383270747333,Bulk-Buyer
-0.007724328076152169,2.156549498117474,Silent-Premium
-1.5503732541302342,-0.3358780604312433,Budget-Regular
-1.5783047560170147,-2.7000506890562557,Delivery-Disappointed
0.20750410197539848,0.19840341053618593,Engaged-Premium
-1.6029088975050845,0.7827629867816716,Budget-Regular
0.6824716352752379,-1.3954046583214754,Delivery-Disappointed
-2.056184031036965,0.3033919188285477,Budget-Regular
0.18022646160061026,0.8611780617798336,Silent-Premium
-0.01579007277633117,-0.5351443493348004,Engaged-Premium
-2.129066370626358,-1.2140804113716668,Budget-Regular
-0.8204124656570063,0.845237019941362,Silent-Premium
1.1995059235125436,-0.15106687545227862,Silent-Premium
-0.09132494265648383,0.5527838354649249,Silent-Premium
1.1781217919213014,0.7051055794880043,Engaged-Premium
-2.484433141668902,0.5137252307985082,Budget-Regular
-2.1646531785795147,-0.2940953420839338,Budget-Regular
0.31563619171253604,-0.6463167724433637,Engaged-Premium
-2.739846752396585,0.09411149144527114,Budget-Regular
1.6355569051112977,0.587958676941918,Silent-Premium
0.3936559783291117,1.2211368387418002,Silent-Premium
2.394125093124315,1.6908258311113074,Silent-Premium
0.9172650524322765,0.790123208253381,Silent-Premium
0.3904323584308437,1.2715572436206837,Silent-Premium
0.8200293102732199,1.1460636064185679,Silent-Premium
0.9034567746828398,-0.533709536787426,Engaged-Premium
0.20980476227787165,1.2663251049851774,Silent-Premium
-2.0538875306295226,-0.02377759725430926,Budget-Regular
-0.022083933079386008,0.22266768349331154,Silent-Premium
1.9165816072312911,0.5405911569684017,Engaged-Premium
1.2568488884854347,0.5491326930745433,Silent-Premium
0.512248081448004,0.050289648967746216,Bulk-Buyer
-1.2894622395976278,0.007148403178106,Budget-Regular
-0.06757867641815749,-0.35042084408318014,Engaged-Premium
-0.16894303930429325,0.03380887032413101,Engaged-Premium
-1.5047242764611874,0.49495648316705276,Budget-Regular
-0.15829365782032392,0.3193651314850676,Silent-Premium
0.7758769362965181,-0.1124421007447563,Silent-Premium
0.08836705131972573,1.211960172642,Silent-Premium
-0.643886562719416,1.350909005296078,Silent-Premium
-1.7752617996335682,-0.6506638617565496,Budget-Regular
-1.1607375326571339,-0.1326158977003695,Budget-Regular
0.7331509114233341,0.49307692526352176,Engaged-Premium
0.41379802280862776,0.4127574404363608,Silent-Premium
1.2995092180184642,-1.1932321173896654,Bulk-Buyer
0.019433731580183324,-3.269742485822139,Delivery-Disappointed
1.026449223446125,0.8421166527653173,Engaged-Premium
1.1736552782607501,-1.127434592288353,Delivery-Disappointed
1.060270404566313,-0.062282395260217505,Engaged-Premium
1.3397506422622747,-1.064069857978858,Engaged-Premium
1.037715254543921,-1.4093824785004065,Delivery-Disappointed
-0.0986289155830575,0.40716285076367603,Silent-Premium
0.5596245784894078,1.1694904994973463,Silent-Premium
2.063987101881895,-4.133320365477347,Delivery-Disappointed
0.4135344776786158,0.680449031126456,Silent-Premium
-0.6162518606642773,-0.5808453238702368,Budget-Regular
-0.37936718950102083,-3.025514581406161,Delivery-Disappointed
-0.480775625798109,0.323230512742855,Silent-Premium
1.6310506107422476,0.4066108031180527,Engaged-Premium
-1.5045482460817388,-0.6240011383044125,Budget-Regular
-1.2071797131915385,1.1540116921878496,Budget-Regular
-0.18782232400479215,0.7753507813891687,Silent-Premium
0.2097473378601345,0.7487520104897407,Silent-Premium
0.6069407552676123,-0.11387627480052037,Engaged-Premium
-0.038577692606032436,-1.654414678838343,Delivery-Disappointed
-0.9152011641330976,-1.340047066715849,Budget-Regular
-0.6917995070945778,0.6731701972866959,Silent-Premium
-0.80140503234886,0.7139936923878988,Silent-Premium
1.7052398545516514,-0.5620762710435722,Engaged-Premium
1.4985868606651949,0.3775855439652786,Engaged-Premium
-1.6025251149437298,1.194642867970831,Budget-Regular
-0.28245587809249395,-2.529058495098137,Delivery-Disappointed
2.6136793429085063,0.9314439761535821,Engaged-Premium
-1.4332782321444575,-0.27189602840525967,Budget-Regular
1.9998138087652992,-3.7353413697922173,Bulk-Buyer
0.12700299111872043,1.0061353803353295,Silent-Premium
1.0563383131550588,1.177471652185813,Silent-Premium
1.3363803678151958,1.7580349939732782,Silent-Premium
0.12455724857750937,0.7381290881677532,Silent-Premium
0.5504868266931734,0.19900891789274044,Engaged-Premium
1.5973013835707297,-0.6172065305733321,Engaged-Premium
-0.3312381580328814,0.6328857554293286,Silent-Premium
0.33553478315909785,-0.04681829326174551,Engaged-Premium
0.9548882205219729,1.074059228874589,Silent-Premium
0.2941586324880161,0.643261605683532,Silent-Premium
-0.04769340912574931,1.3759240556970351,Silent-Premium
-1.2953366129143566,0.8378285839287724,Budget-Regular
-2.0506321280512436,-0.963524002766358,Budget-Regular
0.7895771521499373,0.401674509753772,Engaged-Premium
-0.09838042117519218,0.21915159563192413,Engaged-Premium
-0.9733284136456175,-0.7878644577098598,Engaged-Premium
-1.036600921821514,-0.8510717125336225,Budget-Regular
-0.2311764206727647,1.5013185066521704,Silent-Premium
-0.5521039724317253,-0.5717035851049128,Engaged-Premium
-0.7106438475576026,-0.17711665750651776,Budget-Regular
0.3604113842221826,0.48273659976880867,Silent-Premium
0.07686134637839365,-0.15404354386219124,Bulk-Buyer
-2.1912401572530253,-0.33501274433947165,Budget-Regular
-0.6337570532735445,0.03929026842344777,Bulk-Buyer
-2.137176582086984,-1.0884475276737455,Budget-Regular
-0.37735901856757936,0.6324616330197087,Engaged-Premium
-2.414451462103834,0.2905975932201681,Budget-Regular
-2.0111650458567003,-0.054056800075353656,Budget-Regular
-1.5277538242067856,0.655736317285857,Budget-Regular
1.01928350569956,-0.9274727881604803,Bulk-Buyer
-1.2145599003943177,0.22408858193166065,Budget-Regular
-2.2365765899713836,-2.286421581611286,Budget-Regular
0.9147725409237488,-1.2382185606727996,Delivery-Disappointed
0.4344267819306292,-0.8086088178486486,Engaged-Premium
-0.20749451036517286,0.3438833716104482,Silent-Premium
-0.23779430895735124,0.5404371914546998,Silent-Premium
0.15981449598241015,-1.6008868950953659,Delivery-Disappointed
1.888507709632902,0.11818496057015851,Engaged-Premium
0.026869056112288802,0.23324413552203652,Engaged-Premium
2.37299450365195,0.9266389780133144,Engaged-Premium
3.0081414131858684,1.8588289509827098,Silent-Premium
0.7668770819115555,0.15064611030926162,Silent-Premium
-0.8430695712569727,0.20977153518973649,Engaged-Premium
-1.0206594573003482,1.2125990636935258,Budget-Regular
0.5907358146158341,-0.11575524538904469,Engaged-Premium
-0.06402936398187756,-0.3864275304780707,Silent-Premium
-0.1313145879338014,-2.389031033547277,Delivery-Disappointed
0.7527601478713094,-0.06824687930769358,Engaged-Premium
1.0534981516166195,0.5820843924939549,Engaged-Premium
2.051157129077805,-2.3679158927258146,Bulk-Buyer
1.1329777851639946,-0.21424766922036684,Engaged-Premium
-1.1889095870006092,-0.2239069923832794,Budget-Regular
0.31854817136936825,0.6172240394781146,Silent-Premium
0.897176517766101,-0.6371798298551066,Silent-Premium
-1.8807871163042045,-1.8137637828274364,Budget-Regular
0.83865290346879,1.2490607500994488,Bulk-Buyer
-2.688009344621445,0.30091667526348276,Budget-Regular
-0.15072168041635955,0.6189773618636737,Silent-Premium
-1.9109286523926234,0.6967215401314356,Budget-Regular
0.4637150404778819,-0.12652394508746487,Bulk-Buyer
-0.4197629530467842,-0.33572202265860074,Engaged-Premium
1.8470497426334613,0.8328160362463551,Silent-Premium
-1.6450222598705957,-3.1647627419792244,Bulk-Buyer
-0.8879942444709278,0.2381426009511363,Budget-Regular
-0.403181566031556,0.4318386792484734,Engaged-Premium
1.3136684986642344,0.24731264592229638,Engaged-Premium
-1.4373865910202903,-0.4556266673433522,Budget-Regular
0.5313676362827314,0.15748517383980687,Engaged-Premium
2.5243229204729727,0.8139262397652071,Engaged-Premium
0.802359401145387,0.7680552110345399,Silent-Premium
2.176369810179927,0.6624863413210801,Bulk-Buyer
-2.379559255517383,0.22378668969984022,Budget-Regular
-2.0305822878305957,-0.09447253035056269,Budget-Regular
-0.26037347895051494,-0.708610624842642,Engaged-Premium
0.08494507920697823,1.00944758954665,Silent-Premium
0.06058678796382109,1.108801805104741,Silent-Premium
-1.1975875458450345,-1.863774886439401,Budget-Regular
1.602005748557308,0.13371616601362932,Bulk-Buyer
-0.0030233995290643487,0.6318401671835422,Silent-Premium
3.285531964904404,-1.4324894955469185,Delivery-Disappointed
0.8734094416341475,-0.015900409722290072,Engaged-Premium
3.602634129070822,-1.3048850624591248,Bulk-Buyer
2.15939677404394,0.6266586858540083,Bulk-Buyer
1.2790192231476385,0.28120482362185123,Engaged-Premium
0.6137447261267431,1.1417054300862548,Silent-Premium
1.2521112339730165,0.13420689839460762,Engaged-Premium
0.27411577425401945,-2.2643212439519513,Delivery-Disappointed
-0.30064537436790617,-1.4163153328837488,Engaged-Premium
0.061417078295418016,-0.8050490433784836,Engaged-Premium
-0.6993265257632549,0.8813039341261958,Silent-Premium
0.6974871624664897,1.0728507807973549,Silent-Premium
0.6219767586790963,0.6493250222359208,Engaged-Premium
-1.1733359826428644,-0.06239740473694791,Budget-Regular
-0.44653149125288905,-0.26804222231222324,Engaged-Premium
-1.6402214441941514,0.5197638366915398,Budget-Regular
0.11689367169470054,-1.251345052826915,Engaged-Premium
1.8406424968825763,2.6259585969375197,Silent-Premium
0.7672011647299669,1.150242003051411,Silent-Premium
-2.0558270491602055,-0.5625907870937567,Budget-Regular
-0.9930944138069293,0.3684179242753188,Budget-Regular
-2.683741699096809,-0.4312637780580918,Budget-Regular
-1.1257119741011692,0.2509983892517308,Budget-Regular
0.5452740989918229,-2.4754524824168307,Delivery-Disappointed
-2.4635934832484083,-1.6101657609559223,Budget-Regular
-0.10614133071120141,0.14270846553146285,Engaged-Premium
-0.5071593371389856,0.8817235377038802,Silent-Premium
1.3086415014196364,1.4515325971809034,Silent-Premium
-1.1828869673225078,-2.578639389614665,Delivery-Disappointed
-2.2182152425257806,-1.045280959938233,Budget-Regular
-0.7000990193131134,-0.8909152205307344,Engaged-Premium
0.4407590838157318,0.31143827486538506,Silent-Premium
1.5990258853286456,1.7256772893828076,Silent-Premium
-1.8758585984995362,-0.4606455964771716,Budget-Regular
1.3150595565113998,1.2230224516255703,Silent-Premium
0.6809639066586212,-0.1211850245700491,Silent-Premium
-0.9527322893496019,-0.3444746620921245,Bulk-Buyer
0.3343197903515962,0.2598586258719998,Engaged-Premium
0.32509124167466563,0.6446966893285525,Engaged-Premium
-0.3808867221974148,-0.07840240875088406,Silent-Premium
1.1222106355419978,0.2321241645716704,Engaged-Premium
-0.22682731736536724,-2.769415978421092,Delivery-Disappointed
-3.4205740024747193,-0.5273426912262236,Budget-Regular
-0.8083016749433123,0.6584111076994167,Silent-Premium
0.004772926760260763,1.4912555239751046,Silent-Premium
-0.8246573188746332,0.812790100040851,Silent-Premium
-2.358156367960491,0.4956194036210299,Budget-Regular
-1.1886223427286442,0.8975230096597279,Budget-Regular
-1.5186574484999968,0.5968900391456965,Budget-Regular
0.6766143464424701,1.5154296093800685,Silent-Premium
-0.599967397848268,0.9632384462878556,Silent-Premium
2.4146203534012454,1.1097642096462512,Silent-Premium
-4.30039410514818,-1.8632231055893633,Budget-Regular
1.713857648530208,1.814130329848983,Silent-Premium
0.41355585173589765,0.09615213234034936,Engaged-Premium
1.140394468714656,0.054142874748678335,Engaged-Premium
1.1144558859101121,-0.5992315262854611,Bulk-Buyer
0.7866989751620806,0.9544455647805287,Silent-Premium
0.7860189231981717,-1.9989320486908995,Delivery-Disappointed
1.2795079962107823,-1.0156284045801227,Engaged-Premium
-0.9918026872114549,1.0090423664310944,Budget-Regular
-0.6931226054052267,0.5045310244413007,Engaged-Premium
-1.174327392612838,0.928968717215304,Budget-Regular
0.7788214690748531,1.718940087797482,Silent-Premium
0.4942240231803521,-2.720856098577344,Delivery-Disappointed
1.643458028202226,-3.0245285346374366,Bulk-Buyer
1.0033184069110574,1.7156648440146092,Silent-Premium
0.35006471167722947,1.5341682357469733,Silent-Premium
-0.07707557518993527,1.2497412834225625,Silent-Premium
-0.3374715444054056,1.0762406111161267,Silent-Premium
0.2881431801956845,1.4467122230607221,Silent-Premium
1.976703166067662,-3.586255629355336,Delivery-Disappointed
-2.9245039484714925,-0.03123170886697977,Budget-Regular
-0.5896236922871385,0.9042494604697385,Silent-Premium
2.07880570512983,0.9574418491056708,Silent-Premium
-0.5898018859269453,0.9380944280551352,Silent-Premium
-0.8762050482759878,-2.4396758271050256,Delivery-Disappointed
0.7126677280174792,1.0430413814251587,Silent-Premium
-1.2101474406644597,-0.30860197359560276,Budget-Regular
-2.3295934382096974,0.1284231381219619,Budget-Regular
-0.7811619320190535,-1.945600958371532,Delivery-Disappointed
-1.4863636579266384,1.1930955087798438,Budget-Regular
0.4853028487915033,-1.78140628443057,Delivery-Disappointed
-0.744684060772443,-0.6757470203814695,Budget-Regular
-1.8085271309668198,0.7950208867978761,Budget-Regular
0.500037237372605,1.3034534289824569,Silent-Premium
-2.553041836331052,-0.3175335483499726,Budget-Regular
-0.25231062260910264,-1.84775318743213,Delivery-Disappointed
-0.6496017136016083,0.4604565413885123,Silent-Premium
-0.650569733199874,0.7332530474693874,Silent-Premium
1.2994084274292674,1.4676774777030133,Silent-Premium
0.15994807764227842,0.5509456186630285,Silent-Premium
1.8439707259356712,1.744734613427248,Silent-Premium
-1.0575544899751739,-0.7309591766934481,Engaged-Premium
1.4289002811515794,-2.349094261575727,Delivery-Disappointed
0.6978486920297887,1.9927688237575296,Silent-Premium
-2.1605230648207288,-0.4224217048968494,Budget-Regular
1.1945113751772523,0.13208984128410012,Engaged-Premium
0.9223891733853788,1.049467278640764,Silent-Premium
-0.82580259711343,-0.06243588849895426,Engaged-Premium
-1.6062156919856716,-0.08833359728051687,Budget-Regular
0.046599073437037765,0.24091684595917506,Silent-Premium
0.0003891596998238883,0.9600005101416897,Silent-Premium
-1.4868693725082751,-2.4974231214783544,Delivery-Disappointed
0.22020096699247282,0.6252689933009122,Silent-Premium
1.3147018468625717,0.3187747489047344,Engaged-Premium
-0.4874383393705851,0.9134972961060971,Silent-Premium
-0.11037813453301752,0.6143850016728635,Silent-Premium
-1.2013771275155687,0.40043052321147005,Budget-Regular
-1.0270962706485005,-1.4909015372081829,Delivery-Disappointed
0.8608338386400237,1.7666354786108227,Silent-Premium
1.5262723480776894,1.5214794524639534,Silent-Premium
0.6447584362684434,0.49790961432689845,Engaged-Premium
0.28640808724517697,-2.5278375904426698,Delivery-Disappointed
1.1621879631619665,1.606123326420765,Silent-Premium
0.31303159973987327,0.009972882706914654,Engaged-Premium
-2.8566538797783445,-0.14252456209238104,Budget-Regular
0.8727133390483438,-0.1978728807066907,Engaged-Premium
-2.3912500475412077,0.15751727440854277,Budget-Regular
0.7727531345058868,1.1090047885343892,Silent-Premium
1.4176759713419627,-3.3229408406231724,Delivery-Disappointed
-3.176225146116328,-0.01912004304030584,Budget-Regular
-0.0171693263010599,0.5017687290588028,Engaged-Premium
1.7840032260483611,-1.4393374162822263,Delivery-Disappointed
-0.10807589624832988,1.406556922606954,Silent-Premium
-0.3099204200061202,0.9769793907204343,Silent-Premium
-0.9724366163175984,0.5029756841563108,Budget-Regular
2.589170443911022,-0.5889296502537201,Bulk-Buyer
-2.1656556733647827,1.0422389002484282,Budget-Regular
1.0094472150718512,0.6320605937521797,Engaged-Premium
-0.987388529226019,0.05910027425321262,Budget-Regular
-1.3557706133504437,-2.490764973794602,Delivery-Disappointed
-1.3292456883735193,-0.22935760283322895,Budget-Regular
0.8547284579446127,1.1535167773303576,Silent-Premium
-0.03855808912306766,0.757859314638017,Silent-Premium
0.2074580366784381,-2.4863973374079715,Delivery-Disappointed
0.6818490571613304,0.6116331291408856,Engaged-Premium
-0.8622940589610227,-0.06845734371226825,Engaged-Premium
-0.9282400431185928,1.1223021196040799,Budget-Regular
2.483753597646866,-2.017846589313882,Delivery-Disappointed
-0.13140185221834189,0.9797230330253242,Silent-Premium
-1.2688533364409191,-3.2505369641996267,Delivery-Disappointed
-0.8889517708624484,0.5366753729539017,Budget-Regular
0.8176054271793572,1.1683800154162904,Silent-Premium
0.05580182835910514,0.9266968867769347,Engaged-Premium
-0.7130544511597807,1.0052290228986318,Silent-Premium
-0.6334556299133215,-2.8735275714748076,Bulk-Buyer
-2.268374849893178,0.21296397308700712,Budget-Regular
-0.42178671210190355,1.090217217591116,Silent-Premium
-1.171488588081725,-1.028954339421513,Budget-Regular
1.0373557229378214,-1.9367645051708948,Delivery-Disappointed
-0.13198962005816245,-0.6768506546012046,Delivery-Disappointed
0.12253472990242893,-0.19943092675865545,Engaged-Premium
0.9916951596565788,-1.0981560426965575,Engaged-Premium
1.2940631296855152,0.1980151148213735,Engaged-Premium
0.012299925429073802,0.8828583351919506,Engaged-Premium
0.30676955428212066,1.852790251938393,Silent-Premium
0.31198836568788746,0.25420450644858994,Silent-Premium
1.9023075912297218,0.06864336762123126,Bulk-Buyer
3.6306936666898997,-2.3542705640294646,Bulk-Buyer
0.5132148226436387,1.278498400631885,Silent-Premium
-0.3169577545709419,0.005412377763199715,Silent-Premium
0.6040609549629412,1.7255768061063412,Silent-Premium
0.14986671868570176,1.3233718870025093,Silent-Premium
-0.12144559582598365,1.1472567514125265,Silent-Premium
0.7425237302047658,-1.047913306643608,Delivery-Disappointed
1.7778326798197575,0.9655875494047271,Bulk-Buyer
1.4475002283015046,-4.243735413045948,Delivery-Disappointed
0.026333639763010643,-0.7169968969369263,Delivery-Disappointed
0.0961064769476024,0.7280819808790082,Silent-Premium
-0.5470063949497227,0.39575267706559203,Bulk-Buyer
-0.0030443102033866263,0.9239305662660885,Silent-Premium
0.377014297574482,0.883860773458105,Silent-Premium
-0.6042873311703937,1.1375015208248669,Silent-Premium
-0.36380425380541825,-1.0091536666077634,Bulk-Buyer
0.65792871408893,0.9830966501250555,Silent-Premium
-0.9221153514262308,0.5819080028884971,Silent-Premium
-2.4940026314695483,0.16204465658240133,Budget-Regular
-0.6489569120951051,0.6873792118152767,Silent-Premium
-1.9784615114302553,-0.5844424913177361,Budget-Regular
1.4679116799368814,-0.4342158262490231,Engaged-Premium
-0.30633544171689653,-3.6224122935848193,Delivery-Disappointed
1.6353871834212248,1.2413582604654874,Bulk-Buyer
-2.6651873383109845,-0.25119028527299964,Budget-Regular
-2.810372886224906,0.4751612285926228,Budget-Regular
-0.7066331691684079,-0.9740675271366659,Engaged-Premium
1.1793990222378214,-0.7168379523981623,Engaged-Premium
-0.7091999597116728,0.08484593980339106,Engaged-Premium
-1.4309247904919193,-1.8759322915422751,Budget-Regular
-1.0644890272746093,1.4807944040975523,Budget-Regular
-0.6938728333623281,1.2287333577204331,Silent-Premium
0.7126248449358964,-1.9356542469969096,Delivery-Disappointed
-2.783762963981318,-0.6495209476030072,Budget-Regular
1.347910722808414,0.6897554652254972,Bulk-Buyer
-0.8024493992370847,0.7923296125349756,Silent-Premium
-0.32370247984568556,-0.23507314826784623,Silent-Premium
1.0884944781267647,0.1872219544002321,Engaged-Premium
0.24949638298045618,-1.243506228270327,Engaged-Premium
0.3325521077654283,1.2197879735146937,Silent-Premium
0.9333211880638967,0.8606096088483047,Silent-Premium
1.2396075676656695,1.1950576379404119,Silent-Premium
1.8564340166494466,-3.278777011811632,Delivery-Disappointed
-2.1283360945329575,0.5998580524612785,Budget-Regular
1.0273842858321007,-1.8006841789293673,Delivery-Disappointed
0.4609672605418492,1.2710506933597776,Silent-Premium
0.1735657025169387,0.5549505452967376,Silent-Premium
0.7907040106453845,1.5143873544131277,Silent-Premium
-1.078395175434029,-0.5997259155015072,Budget-Regular
1.0370964944449594,-1.1404426670929426,Engaged-Premium
0.39800308461235456,-0.13364555413676427,Engaged-Premium
-2.4699310677342248,0.2622137772163542,Budget-Regular
-0.5228171377981886,0.07775260162445978,Silent-Premium
-1.0688998909799026,1.1494009379305379,Budget-Regular
-2.094876683982287,0.9267665345108814,Budget-Regular
1.0792447421604572,0.4693833344059356,Engaged-Premium
0.49523607007595116,0.45256889110070503,Silent-Premium
0.919632791072883,1.1240975574105785,Silent-Premium
-1.1963796531963602,1.2939874097702377,Budget-Regular
0.5582701198665609,0.6307271128735211,Silent-Premium
-0.7693762827400956,0.648750643970565,Silent-Premium
2.4104689941969535,1.3357304224796107,Silent-Premium
0.7419892877527049,0.6061576545127547,Silent-Premium
-0.24223257435092432,-0.2858085317644032,Silent-Premium
1.2688756292974661,1.473513171426659,Silent-Premium
-0.9896039925590465,0.9972087287937684,Budget-Regular
-1.0360562351369613,0.2997162969146551,Budget-Regular
0.23269217419133598,0.3450883749021873,Engaged-Premium
1.9223343919844493,1.4389555412155721,Bulk-Buyer
1.0716474528111368,0.19770657237042283,Engaged-Premium
1.5372506125881682,1.2946325992797385,Silent-Premium
0.33125875207875344,0.38981958571686365,Silent-Premium
1.4153577909652133,-1.9808528009927138,Delivery-Disappointed
0.5774663936467793,-1.2055944721950673,Bulk-Buyer
1.0373732104458186,1.3129262272390698,Silent-Premium
0.3039530966566257,0.7610760331213683,Silent-Premium
-0.5770167045559444,0.7780239115781226,Silent-Premium
0.41647351724652576,0.9961791125190771,Silent-Premium
-0.7933720382746648,1.1083098098155397,Silent-Premium
0.21625860339531122,-2.422531435792647,Delivery-Disappointed
0.611680935210541,1.1619679336268416,Silent-Premium
-0.1089320280846846,1.940232773086965,Silent-Premium
1.4495630216511273,-0.8392977117833529,Engaged-Premium
-2.73920437428351,-0.26562905171266055,Budget-Regular
0.7531023785444901,-0.1697019873545757,Engaged-Premium
1.7966135949398385,0.13268706916122922,Bulk-Buyer
0.8089767869532537,0.20504678998448214,Engaged-Premium
-1.4853872227198734,-0.7697843324153478,Budget-Regular
0.9486043544519442,0.21284675093731617,Engaged-Premium
-1.2041035033338565,0.41606866295155803,Budget-Regular
1.361119538813361,0.40721808345117894,Silent-Premium
0.8033887748029351,1.578271121822562,Silent-Premium
0.681324693518489,0.4002768007865625,Engaged-Premium
0.007283096946360071,1.376051642338774,Silent-Premium
-0.8267006594572417,0.9860498165092138,Budget-Regular
1.1847945896610148,-0.5582751900521759,Bulk-Buyer
-1.818757249008094,-0.04323949124711994,Budget-Regular
-0.8442199250518255,1.3585463881895146,Silent-Premium
0.9158548451477508,0.6049207458303242,Bulk-Buyer
-3.384588297065124,-0.20178404725635515,Budget-Regular
1.277566441760221,0.542676096370586,Bulk-Buyer
0.09791225263419052,0.05410376105190599,Silent-Premium
0.27316497553852687,1.233749275228433,Silent-Premium
-0.9182091431498383,-0.3922607882554938,Budget-Regular
-0.6806924842570133,0.46131785752189625,Silent-Premium
0.9177458524164153,0.06223677947113824,Bulk-Buyer
-0.47885351136451626,0.11044970797825211,Silent-Premium
-1.8859045044408007,0.4209004337897609,Budget-Regular
-0.548635031346965,0.5553569550727302,Silent-Premium
0.7598040330757068,0.7215827556454617,Engaged-Premium
-1.9926206000093012,-0.6943884430525538,Budget-Regular
1.111561725696126,-2.639811132819728,Delivery-Disappointed
1.142120419868143,-1.8300678722003032,Delivery-Disappointed
0.874455468678997,1.1323141965635672,Silent-Premium
1.185283560744985,0.32693364574835077,Engaged-Premium
-1.4018328654776449,0.2982537153637651,Budget-Regular
-0.7991449169950274,0.11335407299118873,Budget-Regular
0.9070600334793547,0.12743455214618934,Bulk-Buyer
0.14913822878545274,0.9406766445156665,Silent-Premium
2.0444956860951518,1.0629031725803693,Silent-Premium
0.6057187116387923,0.6401295878865734,Silent-Premium
2.2641331347162366,-1.508663728591641,Delivery-Disappointed
-0.10170859601006012,1.4604292857583152,Silent-Premium
-0.5943039204105371,0.1855924053643175,Silent-Premium
0.5343128626972524,-0.03125565051010082,Engaged-Premium
0.399594852206298,1.092768084166478,Silent-Premium
1.1557943268509916,-0.009922666855394911,Bulk-Buyer
-0.3295933444926518,-0.42331291081297134,Silent-Premium
-0.6673665992632731,0.8242455083854899,Silent-Premium
-1.9994258608524396,0.2513430119054672,Budget-Regular
-0.22289066978863162,-1.044440516705076,Delivery-Disappointed
-1.0924160956631201,0.7904096086510352,Budget-Regular
1.8218903015691006,-2.2823418336737067,Delivery-Disappointed
-0.359766052338512,-0.14074453588821334,Silent-Premium
-1.4517426077201079,-2.3878577613272767,Delivery-Disappointed
-0.3609657844801649,-0.6992594993940712,Delivery-Disappointed
0.5542817728481431,-0.5523282430819347,Engaged-Premium
0.3893655875809908,1.055874713435038,Silent-Premium
0.8967021066170323,-0.04814900810712254,Engaged-Premium
-1.512923533839996,0.3911832506958171,Budget-Regular
-0.9117068480103631,0.5608722153441541,Budget-Regular
-0.35094957320976217,0.45525248567284565,Silent-Premium
1.906287739060074,-0.800332301755678,Bulk-Buyer
0.21861833618799742,0.40147146284177326,Silent-Premium
0.5577456059929934,-0.970896256569471,Delivery-Disappointed
2.026680876204544,1.5476623276662025,Silent-Premium
-1.7157520744213295,0.06653655318102338,Budget-Regular
-1.1343033686408224,0.6827096755905682,Budget-Regular
-2.0416201692411606,0.08847479405020678,Budget-Regular
1.1329726724579923,0.8852345045736142,Engaged-Premium
1.4930636221455231,-0.43941713788026465,Bulk-Buyer
-1.9191240040181683,-1.0099761184888951,Budget-Regular
-0.7991305036696954,-0.4113983765126522,Budget-Regular
1.933583365360062,1.1671779111537584,Silent-Premium
1.3185025405641881,1.4835665774389517,Silent-Premium
-0.6522608946556843,1.2788397152653985,Silent-Premium
-0.014131794247863127,0.5214717489314296,Silent-Premium
-0.5318829208834598,1.3170484808144116,Silent-Premium
-2.8529328707489894,-0.4229153256336295,Budget-Regular
0.5718434961139929,1.185248263520664,Silent-Premium
0.8518791900403104,-0.14313697485508523,Engaged-Premium
0.557721792054979,0.7173595125671739,Silent-Premium
0.37476873774364233,0.7758484556458739,Silent-Premium
-0.1441176298567961,0.4588737653408353,Silent-Premium
1.2104604433819186,-3.186525915494274,Delivery-Disappointed
-0.7389491592650365,0.1335992165189986,Silent-Premium
-2.9611359146898,-0.5207569377365503,Budget-Regular
-1.0065469109291534,0.6986279306782306,Budget-Regular
-0.7984592003896767,-0.02134970634506348,Engaged-Premium
-0.5906843473227836,-0.7103649015231007,Budget-Regular
-0.3946917196947895,-0.1975269784524166,Engaged-Premium
0.6261907493710094,0.25020676906632455,Engaged-Premium
0.637139285592626,-1.9745500334780275,Delivery-Disappointed
0.29448673386666946,1.4998228483921954,Silent-Premium
-1.8057739156826405,-1.1269345727274354,Budget-Regular
-0.043271549010202665,1.3429652885059344,Silent-Premium
-0.6496308195870601,0.6822214055671317,Silent-Premium
1.4544414838660162,-2.1752810947589247,Delivery-Disappointed
-1.9102951058281865,0.730619944800809,Budget-Regular
1.0376218655912568,1.0297991730854408,Silent-Premium
-0.6736462618820176,0.8466279710497817,Silent-Premium
-1.0169805785476662,0.6218339360151423,Engaged-Premium
-0.6153775386399899,1.2805717407531727,Silent-Premium
-2.4136496655640207,-0.18557914849000198,Budget-Regular
-0.1644976035096704,1.0737743447475339,Silent-Premium
0.3859890726959881,-0.002407620156979547,Silent-Premium
0.8849668766588978,-4.082851638850641,Delivery-Disappointed
-2.1462382545979346,-0.474172155374889,Budget-Regular
0.012947968744996494,0.03124721023191117,Engaged-Premium
2.0096758465993347,0.5829920933661233,Engaged-Premium
0.3947646209770481,-3.086418944257653,Delivery-Disappointed
0.8144424763311277,-0.5003280158370532,Engaged-Premium
0.03354731881923311,1.0695399003454495,Silent-Premium
-0.40795777648002557,1.237986405697686,Silent-Premium
-1.0600614457588637,-0.2698571692749866,Budget-Regular
-0.5281035656170101,-0.12903978510128222,Silent-Premium
0.2272084132982684,0.6858693323550307,Silent-Premium
-1.7136196549310987,0.5111064405543383,Budget-Regular
-2.0398063665089508,0.47338866145416286,Budget-Regular
3.2691790834893815,-0.1667413073682176,Bulk-Buyer
0.3060127072683283,0.6357282565625328,Silent-Premium
4.0791157864504255,1.3962889476995508,Engaged-Premium
0.3472082406928399,-2.6180000915473074,Delivery-Disappointed
0.35121344497833673,1.2161821077180257,Silent-Premium
0.27991630215722646,0.2733857039692753,Engaged-Premium
0.21839238847866213,-1.2105433866958673,Bulk-Buyer
-2.5420460304670396,-1.1225059149673047,Budget-Regular
0.6131278308958615,-1.7795623486921606,Delivery-Disappointed
0.9001641978671038,-0.562348562321538,Engaged-Premium
0.48673265563587276,0.4525038331961903,Silent-Premium
1.043392544478797,1.347624596959961,Silent-Premium
1.8214095955755838,1.1462087762055742,Silent-Premium
-0.8817239470375424,0.912995673798941,Silent-Premium
-0.0654691147434871,-0.3485634028558412,Engaged-Premium
0.3092314060977197,-2.0668246623701108,Delivery-Disappointed
-0.285455690285774,0.4706665229845279,Silent-Premium
0.569388005089402,1.577303007877011,Silent-Premium
-2.645137627840954,0.1957197681389921,Budget-Regular
1.0013067704666563,0.2311436100282069,Bulk-Buyer
-0.8155108538755613,0.7932624031308502,Silent-Premium
0.03812890374064471,0.6358816583448951,Silent-Premium
1.0794297932234673,-0.22605512488860527,Silent-Premium
0.9741395522557632,0.2518218707084547,Engaged-Premium
0.22154874817473935,0.16732250854163194,Engaged-Premium
-1.2459497073768349,0.38131937858648257,Budget-Regular
-0.10549523632780888,-2.1733721286090195,Delivery-Disappointed
-2.855356686094348,-1.1128900816381162,Budget-Regular
-1.6806900075565543,-3.6841017188793614,Delivery-Disappointed
0.6655833704423559,-0.26755259786708957,Engaged-Premium
-0.010827241050268588,1.3626572646458819,Silent-Premium
-0.1433272126436215,0.8793317552129973,Silent-Premium
-2.255699243717349,-0.41904579396487285,Budget-Regular
0.8133074823584864,0.3291889387113291,Engaged-Premium
0.46278171670594,0.6112677590546151,Bulk-Buyer
-0.7366492925078886,1.0268524278107511,Silent-Premium
-0.7666527085462753,-0.6149416084425651,Engaged-Premium
0.6032241320410283,-0.009315340050123279,Engaged-Premium
-0.07107426435272081,0.7230100943318498,Silent-Premium
-1.2585746443040364,0.35900384625888393,Budget-Regular
-0.9984651199751418,0.8289614221277021,Budget-Regular
1.2674619364624236,-0.7103375871043708,Bulk-Buyer
-0.5282449918774847,1.0458777910296495,Silent-Premium
2.0330809454586722,0.4882153499493481,Bulk-Buyer
2.6239481888195457,2.066405153616631,Silent-Premium
-1.0808373336075763,0.7735554586481691,Budget-Regular
0.3976998366501294,-2.7013301090191155,Delivery-Disappointed
1.8272157619135252,-0.8125095944812213,Bulk-Buyer
-0.47230406094029037,0.04686575041452848,Silent-Premium
-1.4709358796774967,0.011658210712057693,Budget-Regular
1.036404060007177,0.1604523842236418,Engaged-Premium
-0.023139807177924607,-2.7266793444246353,Delivery-Disappointed
-1.166429374571702,-0.4402099462976854,Budget-Regular
0.6331322874215203,0.11731396772089711,Engaged-Premium
-0.29263960830475116,-2.9975046769804243,Delivery-Disappointed
-1.610203293648966,-0.07653737751351183,Budget-Regular
-2.412458852472265,0.412494530754603,Budget-Regular
-1.7540548633676467,-0.45239651234329054,Budget-Regular
-0.21593798727678234,1.0218840009266785,Silent-Premium
-0.5377406447089786,0.6771103882424044,Silent-Premium
0.002308994657917752,-0.23222121079240973,Engaged-Premium
0.6067152373590248,-0.11939055400344745,Engaged-Premium
-0.7066467426829677,1.0774855561139582,Silent-Premium
-0.7084159825513977,0.9334398848858125,Silent-Premium
0.5236796716405739,0.3631625264607484,Bulk-Buyer
0.40124641358771723,0.6106412009031157,Engaged-Premium
-0.4810605620381184,-1.553713601071378,Bulk-Buyer
-2.3552240914306237,0.506021102014685,Budget-Regular
0.4437656944950773,0.3779299541519491,Engaged-Premium
0.3538836243614606,-1.739921940558648,Delivery-Disappointed
-0.47630696911096265,0.9365430619175441,Silent-Premium
-1.058191761650601,0.09964838257775106,Budget-Regular
0.9930072804443053,0.36844241218392837,Engaged-Premium
1.8808229722434067,1.771084217882409,Silent-Premium
-1.1208990646764927,0.4359152833896918,Budget-Regular
-0.06318427368305315,-0.3490366138951693,Engaged-Premium
-0.44008316571585815,-0.6310358776487179,Engaged-Premium
0.13962114311587878,-1.0151996866775883,Engaged-Premium
-0.07510332409031473,1.3269537723624532,Silent-Premium
-0.12395430911069562,0.9672259301195948,Silent-Premium
-3.1446993246944706,-0.3784940087681895,Budget-Regular
0.8330812554901418,1.4478960038287496,Silent-Premium
1.3910016424830958,0.47051069627357955,Silent-Premium
0.128590918593413,-0.5653835665689092,Engaged-Premium
0.4733847095012724,-0.20736284480885206,Engaged-Premium
-1.110536407585007,-1.7252445093510813,Delivery-Disappointed
0.265620111866391,1.3918460872575538,Silent-Premium
1.4836139534213277,1.5494973908001444,Silent-Premium
-1.5978694862778104,-0.07439338758306763,Budget-Regular
-1.9597076644213007,0.09500174960269296,Budget-Regular
-1.677153842879309,0.18943914276903226,Budget-Regular
-2.3666243474339046,-0.21214399316723306,Budget-Regular
-0.5471415998879132,0.14827288085922385,Engaged-Premium
-1.2418031309331192,-0.7356011685737104,Budget-Regular
-2.7467574984918466,-2.1832822930270166,Budget-Regular
-0.420907639491446,0.5293506199657997,Silent-Premium
2.1518164996445264,1.3228968019569816,Silent-Premium
0.03638530123950116,-0.8062177291753869,Engaged-Premium
-0.024018876682346004,0.2721969017957326,Engaged-Premium
-0.7420754076378946,-0.056541451183524896,Engaged-Premium
0.8843255803803417,-0.2845407133992453,Silent-Premium
-0.31125482509609737,-0.08335479444776953,Engaged-Premium
0.9803047288963398,1.3260881581822221,Silent-Premium
0.5767174243016232,1.2901099370214073,Silent-Premium
-1.0512404593346345,-0.6810234652465248,Budget-Regular
0.32942007636460935,0.12423187099606856,Engaged-Premium
-0.3836200855175548,1.5627866055560549,Silent-Premium
0.7675293478351131,0.6262087076288737,Bulk-Buyer
-1.3793137284676718,0.00755307157316891,Budget-Regular
0.9133634076165895,0.048972722992933024,Engaged-Premium
-1.68396212630506,-0.29253077503358604,Budget-Regular
-2.173685096028885,-0.6779150899008948,Budget-Regular
-0.035554375931350274,-0.9065658624896851,Engaged-Premium
0.9870663707459315,-1.0330548509488775,Engaged-Premium
-1.133429427987913,0.09120460981583116,Budget-Regular
0.9891612055993606,0.45783329912860316,Engaged-Premium
-0.6697404642531682,-0.8484911377790602,Engaged-Premium
0.5643513629566779,0.7820676672676867,Silent-Premium
-0.28605660040048614,-0.14535481868270897,Silent-Premium
-1.6043287002415751,-0.991505190268571,Budget-Regular
-0.4012561847864109,-2.906351626738255,Delivery-Disappointed
-1.6167346425599014,-0.7480264899437163,Budget-Regular
-0.16874801499802816,-0.3679317825347492,Engaged-Premium
-2.8454575131276565,-0.3769413429231215,Budget-Regular
-0.06818002506764831,0.37009693579236796,Silent-Premium
-2.319518610182079,0.023568169195337114,Budget-Regular
2.1316445044158767,2.22340834814521,Silent-Premium
-0.08400712964699864,0.22850359611477186,Silent-Premium
0.4493104038558924,1.630788893364679,Silent-Premium
-1.023488855363712,-2.976382700390905,Delivery-Disappointed
-1.3809198416497384,0.0038782025279778874,Budget-Regular
1.2644124507514678,2.409805231857555,Silent-Premium
2.442116165388513,0.7496426422913337,Silent-Premium
0.7100977421015122,-0.4068857495097998,Silent-Premium
0.627787684327817,-0.10890062928827879,Engaged-Premium
-0.8297236786512728,0.5100799412545517,Silent-Premium
-1.8323693962863712,-1.8116975629621603,Budget-Regular
0.44868605791318306,0.7031807217018594,Silent-Premium
-0.04392919584226837,0.981904490394056,Silent-Premium
1.517375694836483,0.5998427011586428,Engaged-Premium
-1.885576623741849,0.3918943785769055,Budget-Regular
1.0917680881138123,0.09337146223626913,Engaged-Premium
0.43416874581494924,1.3468534323515706,Silent-Premium
-0.7297410972355237,0.5605991846803678,Silent-Premium
-2.5061387741062164,0.23363667066798818,Budget-Regular
2.238642731252692,0.9722966917900733,Engaged-Premium
-0.10589550846644388,1.046652867892729,Silent-Premium
-0.8944380138461693,-0.33136062266307875,Engaged-Premium
-1.9793332527640943,0.4034793450244231,Budget-Regular
0.5146383025566617,0.3535538814134921,Silent-Premium
-0.13391874318751773,-1.5030818393880998,Delivery-Disappointed
0.18310974579051448,0.7939036498510944,Silent-Premium
0.49773425553948736,-0.5877120753370513,Engaged-Premium
-1.4529927492554087,0.24430823617237135,Budget-Regular
-0.0020772981125924176,1.6308458628940665,Silent-Premium
-0.3985616100070306,0.09140440158852438,Silent-Premium
0.47434381132523606,1.7667342801084196,Silent-Premium
0.5415311518203955,1.1798833151105743,Silent-Premium
-0.22850401074157148,-0.14653286872844548,Engaged-Premium
1.7045334976739683,-0.5851950953944639,Engaged-Premium
0.6236471536478865,1.5993700210721955,Silent-Premium
0.7406002948728098,-1.6427423376818688,Delivery-Disappointed
0.2601883442309301,0.5072909507016192,Engaged-Premium
0.9346299313611606,0.1599970022311381,Engaged-Premium
0.4821234153664814,0.772807777772699,Silent-Premium
0.8180768740148863,0.4013090679242931,Bulk-Buyer
-0.724224278887929,0.6594813154594066,Silent-Premium
-2.002140431349035,-0.6862035692417674,Budget-Regular
-1.3101166027006228,-1.0396773180817538,Budget-Regular
-1.7574698459779732,-0.03257431974710735,Budget-Regular
0.5535648092703458,1.249110250715767,Silent-Premium
2.614831655205953,-2.0970111997815817,Delivery-Disappointed
0.1991599023977313,1.1538212935029402,Silent-Premium
-0.8099884351488238,1.288008272051698,Silent-Premium
-1.816018322273575,-0.7571669040067621,Budget-Regular
2.6238164803342943,-1.99144635141467,Bulk-Buyer
1.236679460686921,-2.0713501782643755,Delivery-Disappointed
0.6852333470535693,1.717337032208975,Silent-Premium
1.927410516347303,-0.08831790011945292,Bulk-Buyer
-1.1685783089712523,0.4242862964390706,Budget-Regular
3.3363992393510222,-3.5207219057498804,Delivery-Disappointed
2.2713863018144687,0.4888373825464843,Engaged-Premium
2.1009079575365517,0.010468891152318506,Bulk-Buyer
1.7111817760322372,0.6615823474366751,Engaged-Premium
1.8366568766835967,1.7866859085769031,Silent-Premium
0.09930847846332859,1.2643841910235962,Silent-Premium
0.8271866317192009,-0.5346638926720544,Engaged-Premium
-0.11430086637976325,-0.017005954258346397,Silent-Premium
-1.5883109031377796,-1.1600278643645139,Budget-Regular
-0.07194899942249817,-0.012815610623872882,Silent-Premium
0.9211715632454399,-0.4878675522386612,Bulk-Buyer
0.1750614118199001,0.325131209794736,Engaged-Premium
0.7119060205333018,0.2071929279372959,Engaged-Premium
1.8135321612825976,-1.0569612466720355,Bulk-Buyer
-2.029301349207651,0.024681853062961633,Budget-Regular
0.5689551290742089,-1.2483750913332337,Engaged-Premium
1.240281963229041,1.6559251233627035,Silent-Premium
-0.7021655224061077,-0.7854161309278992,Budget-Regular
-2.2830673014852754,-2.9152501401323754,Delivery-Disappointed
1.7281955607939046,-0.16751135341732412,Bulk-Buyer
-0.34621416431018887,0.3229970069348409,Silent-Premium
-0.6299007414469705,0.665019080080461,Silent-Premium
-1.8945951427694943,-0.15452916163556937,Budget-Regular
-0.12684062238296956,0.5279443234226301,Engaged-Premium
-0.7071963206262976,0.15661159525029908,Bulk-Buyer
-0.171003325717846,-0.06413818748379704,Silent-Premium
0.7010870190351569,0.4335496993022632,Engaged-Premium
-0.33622919422260417,-0.5498977428314741,Silent-Premium
-0.19094315343080942,-0.5953986274367595,Silent-Premium
-0.36102325447773964,0.2500954866168007,Silent-Premium
1.9084886855071883,-0.2339537363624856,Bulk-Buyer
-0.9847025761547471,0.6312409976001289,Budget-Regular
1.9478488915399372,0.34793595526423915,Engaged-Premium
0.8331189935277333,0.30074265559561897,Engaged-Premium
-0.9643274951791775,-0.04847094775992994,Budget-Regular
-1.5885264740792553,-0.5237608721686773,Budget-Regular
3.0760607350348392,-0.9488855333111714,Bulk-Buyer
0.9161806135046918,-0.9226491345987211,Delivery-Disappointed
4.002656332041602,-0.8928557491502284,Delivery-Disappointed
-0.2782799490184512,-0.21418673343907932,Engaged-Premium
2.6342516176337645,-1.212474444932527,Bulk-Buyer
0.1818496194993713,-0.21647946352703554,Engaged-Premium
-1.7264889864747743,-0.27978399857279956,Budget-Regular
0.49943484895155366,0.22356427133806794,Engaged-Premium
-0.39852978755198665,-0.4211318406668711,Engaged-Premium
-0.06192229873671523,-0.1238923330191439,Engaged-Premium
-0.19366060848061176,0.39646673193063664,Bulk-Buyer
-2.915625067872549,0.03293289156709114,Budget-Regular
0.15452772364749603,1.6219461968992288,Silent-Premium
-3.1268583112167776,0.0868952924810451,Budget-Regular
2.22510799971525,0.13810580368735337,Engaged-Premium
0.9267187254866097,1.3851481313458949,Silent-Premium
-0.5971756402492406,0.423214123716288,Silent-Premium
-1.6167869461053561,-0.522564166600015,Budget-Regular
2.188665804041038,-1.107761659048943,Delivery-Disappointed
-0.4426965548899905,0.11582407938958192,Bulk-Buyer
3.114358236480915,1.0638527432899778,Silent-Premium
1.5851093647667247,0.5197610190612157,Engaged-Premium
0.20957405134252505,0.6108226704300475,Engaged-Premium
0.31985652063097053,-2.6123429886885248,Delivery-Disappointed
-0.4058024236378985,1.2902195835751582,Silent-Premium
-0.1746019622871329,-0.19755446742677038,Silent-Premium
-0.1481946617114958,1.0241416063171043,Silent-Premium
-0.6443610553678124,1.4372179001206198,Engaged-Premium
-0.32236693498798924,0.7768455349517852,Silent-Premium
0.1282066263963037,0.8451441223056845,Silent-Premium
-3.245013935642091,-0.11997909471950896,Budget-Regular
2.2688993618863074,-0.11690898014601972,Silent-Premium
3.730786951306729,-2.534827512407483,Bulk-Buyer
-2.8295443367250117,0.6175468492001202,Budget-Regular
-0.4940258942526548,1.1891386682558043,Silent-Premium
-0.7334692523391089,0.09617345460509867,Budget-Regular
0.35670316856354867,1.534359705738277,Silent-Premium
0.5350209803283472,-1.3333273678947228,Delivery-Disappointed
-0.9494569256444559,-0.5589891709372322,Engaged-Premium
0.24964890247455174,0.5836683579443203,Silent-Premium
-0.663695033578389,0.47011769099441303,Silent-Premium
0.4405253636174016,1.3777430795836514,Silent-Premium
-0.20393640810855657,0.12297576145962444,Silent-Premium
2.572858166168228,2.0608058260317117,Silent-Premium
-1.8586590279341015,0.0752600566745335,Budget-Regular
-0.5372751771250556,0.8872182681528556,Silent-Premium
-0.41883080178309134,-2.075917124874098,Delivery-Disappointed
0.2192004652214954,0.8478733583873379,Silent-Premium
0.5424825227612318,1.2555184863407765,Silent-Premium
-0.7399691625409432,-0.07591570548745774,Budget-Regular
-1.2791467170891637,0.7104483017832411,Budget-Regular
-0.3342976605869494,0.24593626616599182,Silent-Premium
-0.058323598056158034,1.1421823633155417,Silent-Premium
0.7871391094038728,0.3682548288049205,Engaged-Premium
-1.4004543585981788,0.40489937401325254,Budget-Regular
-1.950933428766387,-0.7625539887644068,Budget-Regular
1.3280812958810078,0.7660202334459109,Silent-Premium
-1.0869613951927632,0.5924387906694506,Budget-Regular
3.015144441440579,0.92885421685478,Engaged-Premium
1.1131310209090646,0.38404067806430875,Silent-Premium
-0.014807431072069192,1.326001014569025,Silent-Premium
0.9147613747147513,0.16241994701267817,Engaged-Premium
2.718130318577661,-2.391656653829243,Bulk-Buyer
-0.5895657921729796,1.1945281992303391,Silent-Premium
0.11268338541691238,-0.00317569082352822,Silent-Premium
0.8460751580060484,-0.06252608859917647,Engaged-Premium
-1.3074303136631926,1.0149061614949835,Budget-Regular
1.849375075614492,-2.1585166717789925,Delivery-Disappointed
1.6616375535169405,-2.9322986791699113,Delivery-Disappointed
1.8523158593620017,1.2361199466830395,Silent-Premium
-0.27293276754968676,0.4374433205881854,Silent-Premium
1.9273327811617003,-0.30071506702646517,Bulk-Buyer
0.5658805763420481,0.18319563887640375,Bulk-Buyer
3.1897071521029363,-0.550255553242757,Bulk-Buyer
1.796454721797063,-0.845578222498029,Bulk-Buyer
-0.09930237722517157,1.1231042930099318,Engaged-Premium
-0.35770838539374317,1.3248565324982606,Silent-Premium
0.8674380118124434,-0.46341751229413053,Bulk-Buyer
0.4210904739438793,1.3245064186088293,Engaged-Premium
0.5584303323171038,0.6698806904708852,Silent-Premium
0.8732895934355849,-0.02286299230295088,Engaged-Premium
-1.03199796323671,0.07431210030986928,Budget-Regular
-1.125972286925401,-0.3988049161838879,Budget-Regular
1.3469529134979707,0.615483503071725,Engaged-Premium
-0.9290908399667761,-1.840975281385842,Engaged-Premium
0.3990551242782633,0.7148841483777667,Silent-Premium
-1.3134915849370088,0.15719173951382956,Budget-Regular
-2.5240592643229727,-0.7645972335570246,Budget-Regular
1.1062013475539119,-3.221871073835197,Delivery-Disappointed
0.2238393072951772,0.5513537126571395,Silent-Premium
0.9767234263746865,1.2285468926931264,Silent-Premium
-2.4684117805228034,0.4495776100639195,Budget-Regular
0.8507378688401797,-0.6856460868969382,Engaged-Premium
-0.19316272690051875,0.366865799754412,Silent-Premium
-2.716738398462802,-0.9177404562814078,Budget-Regular
-1.097499998432493,-0.04601218914473551,Engaged-Premium
-0.20109756448559077,1.2717426575884867,Silent-Premium
-0.7159866862612667,0.4493162130736349,Silent-Premium
-2.168081264830872,0.01600494670784299,Budget-Regular
0.10372673061359712,0.7553591581915109,Engaged-Premium
1.6758444193876416,-0.7535665829865745,Delivery-Disappointed
0.15842778029462906,-0.7207514730219974,Engaged-Premium
-0.3881007755668319,-0.9115650642601131,Engaged-Premium
-1.2713169546929746,-2.6142007623420285,Delivery-Disappointed
2.9281892594247045,0.11251419397268848,Engaged-Premium
0.9179261113852487,-2.084005977077244,Delivery-Disappointed
0.6375225918620475,1.1890156002700165,Silent-Premium
-0.7517000943771818,0.7180165844952714,Silent-Premium
-0.5826646503045144,0.810419799286677,Silent-Premium
1.353670610343996,0.7544076958911314,Silent-Premium
0.5151198552107892,1.2296444976361913,Silent-Premium
2.051678682117394,-1.6037781199496342,Bulk-Buyer
1.5134713081655282,-0.2335818715086456,Bulk-Buyer
0.31402619872702814,0.6788410101128036,Engaged-Premium
1.336862566953719,-0.7022637749889762,Engaged-Premium
3.3519982871664866,1.4195127741271878,Engaged-Premium
1.8122963551218123,-2.15056165865381,Bulk-Buyer
-0.48606488342041826,0.8220812933255235,Silent-Premium
-1.4164559439456217,0.5298817522620589,Budget-Regular
-1.5217021374222857,-0.8400163117721877,Budget-Regular
-2.27196571980013,0.5764007299679839,Budget-Regular
-0.36062684123692795,-0.14627961321802105,Silent-Premium
0.2616347730821048,1.2571919377253784,Silent-Premium
-1.7033884049924084,0.6032860011235902,Budget-Regular
-0.5591750781296768,0.7753754164639995,Silent-Premium
-0.0679026111604348,0.23854381597172392,Engaged-Premium
0.2945129245756626,0.02325014179312848,Engaged-Premium
1.8553813981758531,0.4191337895215707,Silent-Premium
1.2149987004903438,-0.29800996380107275,Engaged-Premium
-1.168715486625822,0.29269401142783513,Budget-Regular
1.5468702294356624,0.6872127484335948,Engaged-Premium
0.07268624221939768,-0.31705298956792827,Bulk-Buyer
-0.9966984702467899,-2.2952586981630074,Delivery-Disappointed
-0.36123580463709387,0.5598262144865345,Silent-Premium
0.7720145771174886,0.11336524033043541,Engaged-Premium
0.3550425668690056,1.5885274129276594,Silent-Premium
0.3322941795123052,1.2482808455444439,Silent-Premium
3.2014725420626418,-1.9544576956081754,Bulk-Buyer
1.8152308179527392,-3.7137911713838685,Delivery-Disappointed
0.7031201329942679,-0.5799166784157207,Engaged-Premium
0.6492750268492776,0.2567095395057156,Engaged-Premium
-0.2411041566536427,0.14812269727300828,Silent-Premium
1.712361599738285,0.4162454472273787,Engaged-Premium
-1.626889985241176,-0.38859079492047016,Budget-Regular
1.7053242181752077,1.2314533257626155,Silent-Premium
-2.007837293714356,0.05542721446524113,Budget-Regular
-0.34392884989474926,-0.2562518570958259,Engaged-Premium
-1.5671961409364392,0.7066716342627598,Budget-Regular
-0.557274335588945,0.8347366476592939,Silent-Premium
2.947053901763514,-3.2253239930695368,Delivery-Disappointed
-0.8424777698073384,-1.0525061718601127,Engaged-Premium
1.07993732663308,0.41896133819535897,Silent-Premium
-1.3482894723173253,-2.893688593447955,Delivery-Disappointed
-0.22313583578084117,0.6519558179783428,Silent-Premium
1.3171935260043697,0.4689192386861158,Engaged-Premium
2.2746089720042053,0.6625852462281198,Bulk-Buyer
1.1977397154843972,-2.9225748392619657,Bulk-Buyer
0.8800118173946994,0.3956432795346416,Silent-Premium
0.028623177932248955,-0.270794805376779,Silent-Premium
-0.10959365249021047,-0.04934028829855623,Engaged-Premium
-1.044452745675598,0.5194229057409447,Budget-Regular
-1.7989972177567377,0.38718651565846346,Budget-Regular
0.37725822051170665,0.6499394410761651,Bulk-Buyer
1.6315000059767633,-2.4475589892305907,Delivery-Disappointed
-0.0013584414710301246,3.3235008276270226,Silent-Premium
1.81707040306552,-2.098254383350757,Delivery-Disappointed
0.101667743266053,-0.45819929880411125,Silent-Premium
2.851505895520927,0.9429909470678851,Engaged-Premium
2.8583709529395516,-2.325655831322932,Delivery-Disappointed
-0.41178154878400053,0.08884034998534056,Silent-Premium
0.5766909021566018,0.12947386326519683,Engaged-Premium
0.6611340703384531,-0.3986850606865551,Engaged-Premium
1.6546505155164284,1.0507647100752158,Silent-Premium
-0.655690014210939,-0.3061336189800846,Engaged-Premium
2.60112062588059,1.9140572484181804,Silent-Premium
-0.2083790671108588,0.9037096075487874,Silent-Premium
-0.5273675824736629,0.9239236997246771,Silent-Premium
-1.3640887081747564,-2.0949636572071135,Budget-Regular
-1.1014309145773957,0.24507888826294466,Budget-Regular
-0.08178035769190921,-1.7116045130056807,Delivery-Disappointed
4.532144673533411,-0.7600062782206842,Engaged-Premium
2.3159447477210597,-0.2449304841484338,Engaged-Premium
1.1181178704034247,0.9382930074912692,Silent-Premium
-1.4261611780660255,0.6399115184015445,Budget-Regular
-1.9051803759823394,0.5314643445890667,Budget-Regular
-0.5858575316488007,0.3620722132071769,Silent-Premium
1.6261041823185687,-0.06766154085278883,Bulk-Buyer
1.909111309876292,-3.3834327409540315,Delivery-Disappointed
-0.08785003217830624,0.9206266327588004,Silent-Premium
0.8231947482954177,-0.019536308133083734,Engaged-Premium
1.1584368552741457,0.954217324727666,Engaged-Premium
-3.2600036271142185,-0.4248614385605651,Budget-Regular
0.4545762941921069,-0.07248572075329754,Engaged-Premium
0.9016852157385136,-1.4261359335303327,Delivery-Disappointed
2.814424168223443,1.9004385444205505,Silent-Premium
0.9005436768814795,1.4649708885253612,Silent-Premium
-1.5226836945910063,1.3503483724010725,Budget-Regular
-0.36892414534425116,0.37463911401826905,Silent-Premium
1.8300775037158357,0.01245763941625231,Engaged-Premium
-2.349806848757849,0.0048539525288490565,Budget-Regular
0.8538858503359105,0.3009730118984766,Engaged-Premium
2.915163786326443,-2.7927231409931714,Bulk-Buyer
0.08228939010156727,0.5263806094279038,Bulk-Buyer
-1.8028819809684944,0.6383815805378553,Budget-Regular
0.715755683640554,2.0776119973662746,Silent-Premium
0.09726776314148315,-0.1415753530466755,Engaged-Premium
0.9718952904453488,0.8194411282181772,Silent-Premium
-2.6100337616755507,-0.29095254962746764,Budget-Regular
0.12443860633196606,0.5198257185385465,Engaged-Premium
0.9721480859334153,-0.7895669140550448,Delivery-Disappointed
-3.1444199278102816,0.09299573394986033,Budget-Regular
0.21851362135312263,0.9155600423948481,Silent-Premium
0.34874039160884907,0.5571730608214276,Silent-Premium
0.9259917281366506,0.5860441156834518,Engaged-Premium
1.110093621589139,-1.4713306616011037,Delivery-Disappointed
0.7575194798025982,0.9951794028401515,Silent-Premium
0.0890969652491918,0.597494524904243,Bulk-Buyer
-0.5143043276087877,-0.4808388184171236,Engaged-Premium
0.3478994405902331,-0.07334490233862048,Engaged-Premium
-0.430905738498186,-0.1525944761809284,Engaged-Premium
0.8068989129302071,0.2138100110926356,Engaged-Premium
-0.5675312590376465,0.7236166205813568,Silent-Premium
-1.21637680251669,0.8363165104624567,Budget-Regular
-0.48246808622701554,-0.598354494255242,Bulk-Buyer
1.4737849731927934,-1.5184944090839836,Bulk-Buyer
0.7209689610764779,-1.589816246146428,Delivery-Disappointed
-2.5077533382295814,-1.173667718550883,Budget-Regular
-0.13520302925502786,0.09379551071182862,Engaged-Premium
-2.242440132579809,-0.7025079130080089,Budget-Regular
1.5696309595202933,1.0460850431342144,Silent-Premium
0.19242798002075684,0.6095582382874806,Silent-Premium
-0.46905348028991845,-0.24847165591616285,Engaged-Premium
0.9998193954981691,-1.2751406776345386,Delivery-Disappointed
1.3153603686219348,-2.7339432131440295,Delivery-Disappointed
1.6298318195603858,-1.206445059709679,Engaged-Premium
1.0359875312141975,-4.436446050308365,Delivery-Disappointed
-1.2864910992493284,0.18246295489559036,Budget-Regular
2.4058427942377807,1.5852562851875227,Silent-Premium
0.6966265109705402,-1.7727044154545306,Delivery-Disappointed
0.7283980651696408,-1.6343655828204295,Bulk-Buyer
-0.9754210831977316,-0.5568327712594409,Budget-Regular
-0.673406046750989,0.7615009781664616,Silent-Premium
0.6200420174042894,-1.495510233092753,Delivery-Disappointed
0.533651937534009,0.5256605358172645,Engaged-Premium
-0.5589023596144418,0.9315179113342227,Silent-Premium
1.0039817663583304,-1.1294338071295342,Bulk-Buyer
0.262180657993303,0.7863805311040781,Silent-Premium
-0.9059552532262297,-0.8222679356294358,Budget-Regular
1.6203640381565498,0.4226433356057728,Engaged-Premium
0.08658371173567088,-3.5355344394161565,Delivery-Disappointed
-0.5093491597150508,0.042775874692410544,Bulk-Buyer
1.495808348869345,-1.9016328367307826,Bulk-Buyer
0.04745617758957615,0.20178705508499553,Engaged-Premium
0.4661499160418746,-2.1521862241544447,Delivery-Disappointed
0.5729176497256238,-0.06897203734870808,Engaged-Premium
2.0523061179361237,0.2972080963730487,Bulk-Buyer
0.14108124991812565,-2.4291760332353096,Delivery-Disappointed
0.8260535814815316,-3.1995487648624232,Delivery-Disappointed
0.5602242893569005,0.7546907030867409,Silent-Premium
-0.4772188211810225,0.1783002330372345,Engaged-Premium
1.418455312459586,-2.3690888127754723,Delivery-Disappointed
-2.3442843305612793,0.4017797336970819,Budget-Regular
-0.22566395722753257,0.10621870703135139,Engaged-Premium
0.7414372404939699,-3.4305592279344443,Delivery-Disappointed
-0.21557560002202944,0.9480046984637125,Silent-Premium
1.3120604060244714,0.32111562297822993,Engaged-Premium
0.8699575805779174,-0.10067593394539007,Engaged-Premium
0.9082362648564739,1.1669678041395133,Silent-Premium
0.5846149697041734,1.320738058120049,Silent-Premium
0.14811109450656396,1.3316108470955201,Silent-Premium
0.467087132602125,-2.2589153813631757,Delivery-Disappointed
0.7008429427316671,1.3145481384543316,Silent-Premium
-0.22936993237452283,0.5306040231182664,Silent-Premium
1.4006705886747424,-1.1980899848644555,Bulk-Buyer
2.092302509442494,0.7789866614034551,Engaged-Premium
0.7420155954068324,0.9528101675266445,Silent-Premium
0.04112356077363296,1.2883171445981108,Silent-Premium
-0.6810134255839725,0.35512543417108094,Engaged-Premium
0.46953434815758244,0.08485759990038517,Silent-Premium
0.26455802943610035,1.4184559516751394,Silent-Premium
1.4993214673978126,-1.9936582297210765,Delivery-Disappointed
0.6577407855825619,0.8076252819631647,Silent-Premium
0.8876270153110386,0.6193563223551417,Silent-Premium
-0.2618597344321134,-0.3174105551919273,Bulk-Buyer
0.04804823310194189,1.080473031865596,Silent-Premium
0.7748056087366412,0.9641657879652008,Silent-Premium
-0.9877319711863892,0.24766802648032213,Budget-Regular
-1.9288678206440049,0.3550011007224086,Budget-Regular
-0.6281702578372265,0.8588039185602736,Silent-Premium
0.22217405851590105,1.2780909468333266,Silent-Premium
-0.24460763552637732,1.184914072200262,Silent-Premium
2.007297004162181,-4.195691924314889,Delivery-Disappointed
1.1010316782629281,-1.1734502318398523,Delivery-Disappointed
0.6513354260140846,-2.4129313194997906,Delivery-Disappointed
-0.4380834690208258,1.5385353177481735,Silent-Premium
1.3264336571412472,1.904866611115265,Silent-Premium
-0.9423323868420891,0.23654723621143842,Budget-Regular
0.7804433036539825,0.2430682365210688,Engaged-Premium
-0.8599553848930909,0.7867833265593412,Silent-Premium
-0.9281059552117064,-0.3461200307848612,Budget-Regular
-0.25012196444946255,-0.38633915006159436,Bulk-Buyer
-1.3263104722948351,-0.6055869480386633,Budget-Regular
-0.36072620422562174,1.3489469381483257,Silent-Premium
-0.3014342151695718,1.1184699882976743,Silent-Premium
-0.11748570782153367,0.9418467925288883,Silent-Premium
1.2711137698664636,-0.5106810693089953,Engaged-Premium
-1.4326656029672193,0.7390697208040441,Budget-Regular
-1.119241577010021,0.47949213812407965,Budget-Regular
-0.2664734300085062,0.15740175644030138,Engaged-Premium
0.6072664904934261,0.42536677908189935,Silent-Premium
-1.443891850132516,-0.5751388321498985,Budget-Regular
-0.32823016843051955,1.069303402068334,Silent-Premium
0.6470165685938197,1.4745267343022428,Silent-Premium
0.5613297246449171,1.0655708983658891,Silent-Premium
-1.4546653150355275,0.4302355506965818,Budget-Regular
1.349576193830391,-0.5783810666656133,Bulk-Buyer
-1.2937954625259123,0.55379904803364,Budget-Regular
0.9768460860110892,-1.8751981935522006,Delivery-Disappointed
0.5808039023813206,-0.057790468616757476,Engaged-Premium
1.23916770061527,0.002913574623138494,Engaged-Premium
0.5713020485785981,0.4100467125110907,Silent-Premium
0.13330729367862973,0.24723708733300548,Engaged-Premium
1.0559216409512635,1.0794411275427596,Engaged-Premium
2.0877709935647113,-1.599872234316593,Delivery-Disappointed
1.0017962451467841,0.04231763043716451,Silent-Premium
1.7739213424984204,0.6823355992831817,Engaged-Premium
1.5532022095306057,-0.18115115354636277,Engaged-Premium
-1.0519857292535968,-0.044191483925314023,Budget-Regular
1.2300111398063114,0.9938877643688746,Silent-Premium
0.9700986060991827,-3.0343584920618056,Delivery-Disappointed
-2.1017857828155138,0.25133858772468604,Budget-Regular
1.109515799941468,1.0181459903702563,Silent-Premium
-0.2937255010514705,1.1699031146964063,Silent-Premium
-2.665808450237632,-1.0331709914841594,Budget-Regular
-0.07490551844527799,0.47392472027686744,Silent-Premium
1.3850612864401872,-0.047493874309035,Engaged-Premium
1.0408818545758154,0.2559989525108689,Bulk-Buyer
-0.6387363883607493,0.39559355618015346,Silent-Premium
-0.13188030694748631,0.39979658814642366,Silent-Premium
-3.2396211727602937,-1.0184773406207832,Budget-Regular
-2.494180044501889,0.4660719875578388,Budget-Regular
-1.57689392509849,0.6011114172960333,Budget-Regular
-2.8182078470162506,-0.9837894769603683,Budget-Regular
1.227181801078158,-0.6937725409704089,Delivery-Disappointed
1.7828057402197859,0.29135781590931564,Engaged-Premium
-1.0468096460957192,-0.3087379979792536,Budget-Regular
1.0432349090281159,1.8899556656295002,Silent-Premium
0.0185503512151825,0.5210880349464281,Silent-Premium
-0.9471361774273546,1.2687289013380878,Budget-Regular
0.9233861405065006,-0.8667506442886054,Delivery-Disappointed
-2.536851732070784,-0.9289028963434887,Budget-Regular
0.37559930018566756,1.50060623162887,Silent-Premium
-0.5579495649822497,-4.238213683368726,Delivery-Disappointed
-0.22572939254504049,-1.9964073764657975,Delivery-Disappointed
-1.7558202220657353,-0.9801458004391121,Budget-Regular
0.971723070605139,1.5533431005871723,Silent-Premium
-1.88000162677265,0.3039031811872236,Budget-Regular
0.19152957918019747,0.744900511116184,Silent-Premium
-0.9667067273800386,-0.42984657689719713,Budget-Regular
2.5711182239541888,0.7269314797183742,Silent-Premium
-0.39885042537025983,0.7356453966676381,Silent-Premium
-0.8140928546025556,1.1444812130742374,Silent-Premium
-2.033695336635521,0.12904237106845312,Budget-Regular
-0.7374991746346772,0.5208715344402739,Silent-Premium
-0.8196980414089743,1.0906146882737768,Silent-Premium
0.8251478987104206,0.22678010517077546,Silent-Premium
0.7491090708187567,-0.049867779409075635,Engaged-Premium
1.0692188314327071,-2.5379823996804425,Delivery-Disappointed
1.9957310057039548,0.4390041110238029,Bulk-Buyer
0.13316583815577057,1.0684909277561043,Silent-Premium
-0.9493727914339756,-1.2417087667129154,Budget-Regular
2.434871846667629,-3.398671562004397,Bulk-Buyer
0.385058858893417,-2.5651967119679036,Bulk-Buyer
0.22524740309329194,-0.03725310746317079,Engaged-Premium
0.9211752967633093,0.11958658007458708,Bulk-Buyer
-2.839156279115073,-0.5185429827260262,Budget-Regular
-0.183498001599099,-0.6564788732262533,Engaged-Premium
0.7246189323475969,1.05507415439758,Silent-Premium
0.44292865483672106,0.6761976101247383,Silent-Premium
-0.16523377483691384,0.9136966777408154,Silent-Premium
0.625059282409193,-2.6303768021385197,Delivery-Disappointed
-1.131482788969386,-0.5095296970912147,Budget-Regular
0.1414554130420996,-0.6263683891875009,Engaged-Premium
-0.2760784870706016,0.1894319932036466,Silent-Premium
0.07725642030050513,-0.3595300007954671,Engaged-Premium
1.898778318310525,-3.5418606570565814,Bulk-Buyer
-1.3560960427614486,-1.0289448692092993,Bulk-Buyer
1.6757836107829054,-0.2714406299071176,Engaged-Premium
0.4806842770829681,-0.060210735815394045,Engaged-Premium
-2.7229071572707904,-1.2724685194566785,Budget-Regular
-2.785362980524969,-1.704115328625512,Budget-Regular
-0.16445316795461068,-0.10177024059180506,Engaged-Premium
-0.2105531236218999,0.45390017255812193,Silent-Premium
-1.2288342582139886,0.4994488087150676,Budget-Regular
1.4453435908289713,0.43266079298085963,Silent-Premium
-0.39213212152326415,1.241709064164864,Silent-Premium
0.629757291060938,0.3770898192673837,Silent-Premium
0.7461853119390965,0.927887662533216,Silent-Premium
1.7583079950378213,0.9518262276447634,Silent-Premium
0.1598157525568681,0.03279969302581471,Silent-Premium
0.7195306026242915,1.2390468323054165,Silent-Premium
0.8621335773658361,-0.20929730626750095,Engaged-Premium
0.9562495941271241,0.5409842476700147,Engaged-Premium
1.011662623807967,0.1978467653281701,Engaged-Premium
-0.13547896252015137,-0.8074364291991531,Silent-Premium
1.3029512106460246,0.1924451148903585,Engaged-Premium
2.0695005351813043,0.24037136543143964,Engaged-Premium
-1.2984641080256252,0.6650135194429652,Budget-Regular
0.056688004791890324,0.4537553169894968,Silent-Premium
-1.1972879303982253,1.2457543699320985,Budget-Regular
0.5625981686738538,1.3424188083189115,Silent-Premium
1.0950474214877677,0.12063329336717672,Engaged-Premium
0.7977052163245034,0.8240244520122947,Silent-Premium
0.5772484919742359,-0.22240311510663066,Bulk-Buyer
-1.5766282918038055,-0.066883012617064,Budget-Regular
-1.8005700664117348,-0.8283639675516062,Budget-Regular
-0.7429707868951722,1.0531699000414767,Silent-Premium
2.5801075386707026,-1.030371302235351,Delivery-Disappointed
-0.9040402897081367,0.6873404055624891,Silent-Premium
0.2109452469820814,0.9912077454293554,Silent-Premium
-1.1026050788665425,0.9771488706079001,Budget-Regular
1.3962119804579867,1.0455878464154758,Silent-Premium
-0.756762269439285,0.6905761637954819,Silent-Premium
1.9407683505007916,0.8322624569205773,Engaged-Premium
-0.6527164462728909,0.3799618568948222,Silent-Premium
-1.2757043650829805,0.0972931291493112,Budget-Regular
2.6661000916739765,-2.5885365668553595,Delivery-Disappointed
-1.2179740578231868,0.3717128003191033,Budget-Regular
-0.6439360375359383,0.361677094483923,Silent-Premium
1.1340414910638377,1.340291413848453,Silent-Premium
-0.2715913628627974,-0.6146748972844864,Bulk-Buyer
1.3783787318788228,0.5861627308494154,Bulk-Buyer
-1.409315870990893,0.5163527790515163,Budget-Regular
2.3753919521019893,0.35754033527416185,Engaged-Premium
0.9711435779743873,0.1766773371644284,Engaged-Premium
-0.7624573449399599,-1.1024111744794372,Engaged-Premium
1.7523749246048528,-0.13112909597888558,Engaged-Premium
1.4546335502842083,0.16249658068578313,Silent-Premium
-3.321269719569861,-0.3980358438365805,Budget-Regular
0.8652355180493015,1.3114265803872986,Silent-Premium
0.3634734292461683,1.1472365474904027,Silent-Premium
0.004800040611371398,1.5498933236573287,Silent-Premium
2.619508410262745,0.9132968684934901,Silent-Premium
0.07982135899777494,1.0890781918590167,Silent-Premium
-0.04468093234887419,0.024349473952537976,Engaged-Premium
0.9390980324835889,0.14624894011078715,Engaged-Premium
1.991924311987573,0.47253413424349205,Engaged-Premium
-0.20290410184305066,0.1749639262621633,Silent-Premium
-0.37843151759302585,-1.28520307625101,Engaged-Premium
-0.546032367926697,-0.2388605434772014,Budget-Regular
2.123246275106298,-2.954981700766944,Delivery-Disappointed
-1.0783872347426748,-0.8641005344154516,Budget-Regular
-1.6831825485344385,-0.7306350690450184,Budget-Regular
-0.4858057019021267,0.683421388032003,Silent-Premium
-0.2863199620622102,-1.2507650256810798,Delivery-Disappointed
-0.39988952159401403,-0.6965608209179032,Silent-Premium
0.7144971427746091,1.508638848433926,Silent-Premium
-0.3248826162337395,0.460800815389251,Silent-Premium
0.7331520379973389,1.0849349585016916,Silent-Premium
-0.8543834132448557,-0.15063893335666909,Budget-Regular
0.40425624409347183,1.3024790876899377,Silent-Premium
1.7271867494572632,0.8776292020277922,Silent-Premium
0.7217608697969423,0.21141518479235236,Engaged-Premium
0.06412061851781924,1.0194760983379818,Silent-Premium
-1.1705547172001796,-0.6008887485039568,Budget-Regular
-0.4981578117668988,0.9616454524886532,Silent-Premium
0.5437086863978182,0.4235849014903948,Engaged-Premium
2.9598858671167734,1.2420348303294517,Bulk-Buyer
0.18531247895318242,0.9698969872869206,Silent-Premium
-1.925027154737158,0.42436840152964334,Budget-Regular
-1.0776556209155452,0.6000901490522582,Budget-Regular
0.691459336319401,-0.5085203491751655,Silent-Premium
0.061359162318159056,0.4755908304993738,Silent-Premium
-2.736743104895904,0.11060902973576872,Budget-Regular
1.9194938998283522,-2.078058274893708,Delivery-Disappointed
1.039737422361287,-2.2673146856395316,Delivery-Disappointed
-1.479247622547055,-1.9416577042166365,Budget-Regular
-0.3099808097243566,0.10808296750222732,Engaged-Premium
0.5267288536482606,1.7806149408990706,Silent-Premium
-0.492549549195721,0.189008412927598,Silent-Premium
0.9369731946946305,-0.10432795688437971,Engaged-Premium
0.8072784041949802,-1.7783978712297832,Delivery-Disappointed
-1.8462100284501741,-1.2150328931818848,Budget-Regular
1.1040520867661026,0.786593963919598,Engaged-Premium
-0.7237402718276269,0.32489694319826873,Silent-Premium
1.9732001442576441,2.571176795333344,Silent-Premium
-0.08489351612843654,0.9355733898713432,Silent-Premium
-0.132732129317661,-0.40966246327019823,Engaged-Premium
-0.346059511057969,-2.602228431903547,Delivery-Disappointed
1.3314389398151334,1.4229557077682782,Silent-Premium
0.4890014054762444,1.4121067507524026,Engaged-Premium
1.0025964110421728,0.5950295146416987,Silent-Premium
-0.5398166107212089,1.8573711663806183,Silent-Premium
0.7199883497668249,0.511792126021243,Silent-Premium
0.2253969913598195,1.6884380189669053,Silent-Premium
1.8777723656135936,0.7694914886112633,Engaged-Premium
1.755482139872333,-0.01705374164210024,Engaged-Premium
-2.2100150455585164,0.484130490837725,Budget-Regular
1.394971589625631,-0.6385630120674477,Engaged-Premium
-0.13944717356270983,0.7284176279096313,Silent-Premium
-0.4459016962955916,-0.21772663940563183,Bulk-Buyer
0.36211578375325715,0.7491068504611077,Engaged-Premium
0.07543535368416847,1.4344853110143727,Silent-Premium
1.1804187963014534,-2.8088854688615763,Delivery-Disappointed
1.016185282715255,1.9128405328218374,Silent-Premium
0.33456202449352906,0.9850532842546671,Silent-Premium
0.3096936346495363,1.2098434226249328,Silent-Premium
-2.040419835120843,0.4379331955855208,Budget-Regular
-0.003340471537998523,-0.2561909722609681,Engaged-Premium
1.427951044903103,0.164099355973573,Silent-Premium
-0.3794844745236972,0.7831185403215742,Silent-Premium
-2.692821533377392,-0.897849013987156,Budget-Regular
-0.3249468151759513,-1.691450952487827,Delivery-Disappointed
0.3721672564577991,0.30745946213116726,Silent-Premium
-1.8839006699101684,-0.4748396242877436,Budget-Regular
-0.048231659114181556,0.11529047567591018,Engaged-Premium
1.4482560340497377,1.011149171128953,Silent-Premium
0.8003843542646097,1.3437869448408286,Silent-Premium
-2.3148206458316136,-1.209439146512873,Budget-Regular
-0.4957068834301857,-1.0785323418623651,Delivery-Disappointed
1.9869998047001058,-1.6219279722415647,Delivery-Disappointed
-1.5208249901973563,-2.482909238009362,Delivery-Disappointed
0.20146784387137184,0.6741448862092436,Silent-Premium
2.224396990844282,-2.4754302503149614,Bulk-Buyer
0.6845488122149287,-0.8449904348401427,Engaged-Premium
-1.334443611248408,0.32602300742285223,Budget-Regular
-0.5725413359210575,1.4155914478040097,Silent-Premium
1.9017961478964258,0.08361950688246231,Bulk-Buyer
1.5470854631924675,0.28413642398501904,Engaged-Premium
1.0680404161292465,1.1398839051475889,Silent-Premium
0.9299523543436621,-0.7879702853764606,Delivery-Disappointed
-0.3241370761437825,1.2036468176677573,Silent-Premium
1.8345105212229111,-0.019554390202639618,Bulk-Buyer
-1.9277721352170771,-0.28587289553453993,Budget-Regular
0.2657830629943406,0.06024596055489999,Silent-Premium
2.397154157309268,-1.8964070291523296,Delivery-Disappointed
-0.5620535261835076,0.6317371144364118,Silent-Premium
-0.2053471664864285,1.1753478659471028,Silent-Premium
1.2719048038793581,0.4925784795968498,Engaged-Premium
2.481407860198747,2.2653788998752677,Silent-Premium
-0.7438996668186927,0.6144270195469594,Silent-Premium
-0.7429278466915072,0.06231876418512758,Silent-Premium
-1.4751756487071084,-0.520682133514609,Budget-Regular
0.892514745887435,-2.7384448610168795,Delivery-Disappointed
0.37289849820725013,-3.208323206479772,Delivery-Disappointed
0.6796157626475235,0.16566387135109456,Engaged-Premium
1.5779511801497492,0.8899245438503623,Silent-Premium
0.7647967311037374,0.45488114033924554,Bulk-Buyer
-1.4097703771418,0.3709248299826859,Budget-Regular
0.08347740941649955,-3.202411114614726,Delivery-Disappointed
-0.03625515778546403,1.336423748949914,Silent-Premium
2.7464838483531877,-3.113729940238701,Bulk-Buyer
-2.109732405643221,-3.375422538512326,Delivery-Disappointed
0.36495688628499434,-0.09850631883441366,Engaged-Premium
-0.9609104028888452,0.8516386474242175,Budget-Regular
-0.12305096257318751,-0.3117645609817427,Engaged-Premium
-0.6282067144523545,1.0069337065564956,Silent-Premium
0.5200022216855767,1.2577597936566158,Silent-Premium
-0.04606608000944071,1.4685666864876552,Silent-Premium
0.5294172494358225,0.9719714300589051,Silent-Premium
-1.0790034209126709,0.05803725548746666,Budget-Regular
0.5322622458739609,0.4378843204596043,Engaged-Premium
-1.5849862607502534,-0.4742310176128638,Budget-Regular
1.2745156810723042,-1.3835247041401684,Bulk-Buyer
1.04672355311454,1.2718196504992283,Silent-Premium
-1.441874093115847,-0.5422223495148605,Budget-Regular
1.3763712431606534,1.095445805488175,Engaged-Premium
2.035388723821517,1.1534002895123383,Engaged-Premium
1.1589320468506095,0.00377592202996016,Engaged-Premium
0.4681968040096287,1.1633963802624476,Silent-Premium
0.8658157616114396,0.7611994891624707,Silent-Premium
2.136517622763549,0.9626353711883282,Silent-Premium
-1.225478789904803,0.6493038741969283,Budget-Regular
1.1707456620553796,1.4382569369440166,Silent-Premium
0.5649297658503325,1.041906878097644,Engaged-Premium
0.4774302215364814,-1.1908510700868529,Bulk-Buyer
-1.8662528580187618,-0.9611606771944019,Budget-Regular
-1.0573529644104525,0.5125703955945708,Budget-Regular
-0.4315713883503134,-0.3321012473276448,Engaged-Premium
0.17480505551418396,-2.854880114767719,Delivery-Disappointed
-0.2003177248910198,-0.6724881110516645,Engaged-Premium
0.43898001066263725,-0.3612734632903879,Engaged-Premium
-1.3430563148057406,-0.1149718914931554,Budget-Regular
0.15226658502363738,0.93585458351541,Silent-Premium
0.25408472678520394,0.7027500141820693,Engaged-Premium
-1.887070599202976,0.41460256595052564,Budget-Regular
0.17692425080344132,0.3643604495036586,Silent-Premium
0.5193951644902645,0.8005204040505831,Silent-Premium
-0.8668094169545589,-0.8977236565160335,Budget-Regular
0.4282148690647451,1.543885897340565,Silent-Premium
2.228959346777999,2.3959215855757523,Silent-Premium
-0.2130224015491236,1.110005679458671,Silent-Premium
1.609178841658706,0.09407252378744163,Engaged-Premium
-2.065058993694515,-1.7430183973027848,Budget-Regular
2.6765685727766377,-2.4008111613936722,Bulk-Buyer
0.30397269349612627,-2.941168651382702,Delivery-Disappointed
-1.8116311130752392,-2.088518570746653,Budget-Regular
0.6881299398549557,1.0337916601288282,Silent-Premium
1.1880887272127976,0.4998109904797848,Engaged-Premium
0.07908717648184772,-0.013193981072831228,Engaged-Premium
0.9221965146776451,-0.19138828295984742,Engaged-Premium
-1.0721255491816049,-0.11302524334719719,Budget-Regular
1.4584144011563247,0.42663994339136774,Engaged-Premium
1.1905311275564647,1.5338474719227948,Silent-Premium
-0.38670107054120845,0.7684451547990866,Silent-Premium
-0.48363553745841087,-0.16822023990420717,Engaged-Premium
-0.09603785490106763,1.0377782100987463,Silent-Premium
0.6737084251996391,0.022985972854620923,Engaged-Premium
-0.20932965266156142,0.7927058610182639,Silent-Premium
1.9737612248147038,-0.2714790904306208,Bulk-Buyer
-2.222537607344236,-1.694642091776742,Budget-Regular
-0.15469062301945635,0.20940122765039518,Silent-Premium
-0.20512551243065108,1.089889906930291,Silent-Premium
-2.089337838295241,-0.252171976127286,Budget-Regular
-1.2557573964589315,0.16312852517959306,Budget-Regular
-2.5855912551421425,0.3918880655120663,Budget-Regular
1.8087919839803888,-0.6741911114121373,Engaged-Premium
-1.9230255673469387,1.201470788166494,Budget-Regular
0.26349867900050494,1.0848287464452713,Silent-Premium
-1.8799215704885954,-0.2729077070816178,Budget-Regular
0.5113815786347529,0.18979344114941185,Bulk-Buyer
-0.3660263586051221,-0.03089672369012999,Silent-Premium
0.39811469270839056,-0.046868120801567534,Engaged-Premium
1.2089012129535501,-0.6759089283491774,Engaged-Premium
-0.29008848769842777,1.2673776807122985,Silent-Premium
-0.03731639195418605,0.6001043803323317,Silent-Premium
-1.7704378552958289,1.0377482071088413,Budget-Regular
-0.724345218026239,0.26180293738668037,Bulk-Buyer
0.21216647590051574,-1.581477608023602,Delivery-Disappointed
-0.8545528476120552,1.058826125770959,Silent-Premium
0.020474684817848792,1.255975762479834,Silent-Premium
1.979526556263353,1.1326422639828715,Silent-Premium
-0.409143008518592,0.8641026786755054,Silent-Premium
1.1826191543542681,1.6042035217742705,Silent-Premium
-0.052963948314584626,-2.27659239533377,Bulk-Buyer
-0.2448036843643337,-1.255443488680298,Delivery-Disappointed
-0.5234853761432701,0.9664260089893016,Silent-Premium
0.4028491947214241,0.7472403797997187,Silent-Premium
2.228775612392138,-2.739824952302958,Delivery-Disappointed
-0.92224802200842,0.09092790131978307,Budget-Regular
1.4341975931196496,0.25236251920231473,Engaged-Premium
-1.1529645700208262,0.20325566268388587,Budget-Regular
-1.416768555279353,-1.1652736417960796,Bulk-Buyer
-3.124858390164508,-0.41832738758693094,Budget-Regular
1.6458849996626563,-2.0927633970198753,Delivery-Disappointed
0.5873211934285707,1.5016104356998066,Silent-Premium
-0.2617126097750909,0.7388906036145314,Silent-Premium
0.3727578479297474,1.488093651403407,Silent-Premium
0.05988045983830779,-0.3370399087145751,Engaged-Premium
1.0755266826301477,-1.4203969040856972,Bulk-Buyer
-0.8366715857881961,0.863643507448878,Silent-Premium
0.22573630450450316,0.16815968510985912,Engaged-Premium
1.7695464226964381,1.7485461225269665,Silent-Premium
0.6729872470849232,0.36877272607079487,Engaged-Premium
3.2069988675165506,-1.7947470052501364,Delivery-Disappointed
-2.0592573540824053,0.40226093151103953,Budget-Regular
-1.6191885385206286,0.48171476597212876,Budget-Regular
2.30582792460394,2.126902880542789,Silent-Premium
1.2145802260349707,1.0834510122305938,Engaged-Premium
0.8562801547104841,1.7491804468076293,Silent-Premium
-0.02404920415112855,-3.539317107394795,Delivery-Disappointed
1.520547952037198,0.818976347716454,Engaged-Premium
-2.6997879797341966,-0.6769467924073707,Budget-Regular
-1.8623213627158064,-0.7018546079157467,Budget-Regular
-2.436417207285541,-2.0334044261021456,Budget-Regular
0.26040116771087124,-0.9678585347350694,Engaged-Premium
0.3704605260653378,-0.002530477260394189,Engaged-Premium
-0.7654819384038419,0.8559001139219704,Silent-Premium
-1.4695352688879872,0.6575884530654315,Budget-Regular
1.0717888274874905,1.0142072380437028,Silent-Premium
0.17180887662742225,-0.5693654705452782,Engaged-Premium
-0.8813923397886777,0.957223042911432,Budget-Regular
1.5542591891480542,-3.025643631966307,Bulk-Buyer
-3.3853106571983216,-0.770968101786544,Budget-Regular
-0.9060099469064662,1.4919941215165442,Silent-Premium
2.7346516843392026,-2.164042509928679,Delivery-Disappointed
2.056370491692277,-0.20913470906767026,Engaged-Premium
0.019324122834151494,0.9215864070728571,Silent-Premium
-0.5655603161746323,-0.3115097436218479,Silent-Premium
-1.9349194415351203,0.42838997829528686,Budget-Regular
-1.2808231891696977,0.7493235786786334,Budget-Regular
0.49854813141365084,0.4854912339495293,Engaged-Premium
-1.30376279393111,1.6901144504156729,Budget-Regular
-0.873950655366593,-2.207953588611777,Delivery-Disappointed
-1.201361452736455,0.453081866874765,Budget-Regular
-1.513661776498042,0.0077171353863199,Budget-Regular
2.8199680725558403,0.3986077322691639,Engaged-Premium
-3.0313452023091485,-0.14151959833867625,Budget-Regular
1.007466799458036,-2.105544336661836,Delivery-Disappointed
0.7232185037830553,0.12239604631257682,Silent-Premium
0.15760529883044003,-3.2723705253465556,Delivery-Disappointed
0.8139903639491836,-0.7436436541762876,Engaged-Premium
4.753569127164313,0.043789261896429045,Bulk-Buyer
-0.645788271954749,-0.03506525189448946,Engaged-Premium
-0.858840450084122,0.43101536989018424,Budget-Regular
2.5946192886721997,1.5437970896938238,Silent-Premium
-1.6564143386878691,0.4567138248065755,Budget-Regular
1.8779244931774586,0.5456167706816253,Engaged-Premium
1.9186479161817687,0.6360793444173373,Engaged-Premium
0.28678987991940436,0.056180346054031306,Engaged-Premium
1.7555979030471474,-2.140649022597791,Delivery-Disappointed
-2.46508284941643,-0.059729356108304155,Budget-Regular
-0.4869345621291591,0.8972703413995738,Silent-Premium
2.155912727967558,-0.26295346871152137,Engaged-Premium
-1.3401576537749653,0.338820733037627,Budget-Regular
-0.38717281919944946,1.106894220310857,Silent-Premium
-0.7934876079922293,-1.358067035312744,Bulk-Buyer
0.6842310084538024,0.06458793093333329,Engaged-Premium
4.171138485434684,-1.8600835391164947,Delivery-Disappointed
-1.4264139748563598,0.8580815455831459,Budget-Regular
0.870114456851643,-2.0918826869237575,Delivery-Disappointed
1.3603738230833384,-2.1620031067298835,Delivery-Disappointed
-2.320331652101271,-0.12509654390541403,Budget-Regular
1.5050663415908305,1.3723550944856042,Silent-Premium
0.8837643341710317,-0.5998871185469673,Engaged-Premium
0.2841384364824834,1.1206215794595784,Silent-Premium
0.14301765847756054,1.5153461069515146,Silent-Premium
0.5129240024002806,0.6347537687225545,Silent-Premium
1.1859949227130877,1.50801833453535,Silent-Premium
0.3710559947293781,1.0983877600872123,Silent-Premium
-2.564891307654014,0.24341979232352345,Budget-Regular
-1.3302519490315792,0.8011293028649962,Budget-Regular
0.735890834825514,0.16907670639156852,Engaged-Premium
1.0737199914712006,-0.43109881256527866,Engaged-Premium
0.6967910044628796,1.0993535055501542,Silent-Premium
-1.348977751023664,-0.013037941977185656,Budget-Regular
-0.8731973030708071,0.7874931164675928,Budget-Regular
-0.3930869214052246,-0.0020437124162030686,Engaged-Premium
0.5849874765276709,0.7831215044759042,Engaged-Premium
0.4450659625210074,-0.5865836795800388,Engaged-Premium
1.3778288324402617,0.6519308998268468,Engaged-Premium
2.632550932656762,-1.3319667977884817,Delivery-Disappointed
0.2316636885278423,1.126404588095707,Silent-Premium
2.9836180495992646,-2.0139508646374993,Bulk-Buyer
-0.2685336339487837,-0.9283997526274892,Bulk-Buyer
1.8739988926079891,0.21281474916084697,Engaged-Premium
-0.005562462325111475,0.5610115379233994,Silent-Premium
0.28607486100864377,1.1986898969346613,Silent-Premium
0.5424581148016269,1.3225924143708299,Silent-Premium
-0.11023959104091977,0.1980509783633097,Silent-Premium
0.8313372736937259,0.9432467144144543,Silent-Premium
-0.07823280633262773,0.9167458265882626,Silent-Premium
0.6084667210113652,-2.975264276354303,Delivery-Disappointed
-2.573453606341578,-0.10524826101521789,Budget-Regular
0.7842969485537705,-1.0361451231213858,Bulk-Buyer
-0.4779831967367788,-0.000304932572383933,Silent-Premium
0.2513647622441002,0.7076328628676642,Silent-Premium
-1.3156345051654614,-1.8118131892899796,Budget-Regular
-1.844019375656263,0.4387622456499892,Budget-Regular
-0.7195477772541387,0.04142572800083631,Engaged-Premium
-3.7931600126644556,-0.6042330889353776,Budget-Regular
0.04801458553798419,-0.5330483214031074,Engaged-Premium
1.4342039990273558,1.1842854650525947,Silent-Premium
0.34661651742673627,0.05472655546991918,Engaged-Premium
1.007250422362651,0.7397169652824379,Engaged-Premium
-0.9468996128353365,0.7431098872788815,Budget-Regular
-0.8856982346289152,0.4054998167950943,Bulk-Buyer
-1.6052060083466675,0.22647498957143158,Budget-Regular
-0.4778880418304474,-0.16494439714035725,Silent-Premium
-0.16509947744378328,0.22463582108792868,Engaged-Premium
0.7839885202251596,1.0032614042389232,Silent-Premium
1.6730591896550673,0.4827656403945806,Engaged-Premium
1.3448202229882247,1.5989903696131291,Silent-Premium
0.40457275959203853,-0.4917759893994089,Engaged-Premium
-0.8903120215636842,-0.3987112459885852,Engaged-Premium
1.900792513503896,-0.7491905257967151,Delivery-Disappointed
-0.7183681609271473,-3.0961793950812586,Delivery-Disappointed
0.7213434245668625,-0.43794197931438195,Engaged-Premium
0.21354142918977348,0.44102040800969083,Silent-Premium
-0.09240046447413673,1.2596851289346478,Silent-Premium
-3.5859084972846187,-0.5919225830005478,Budget-Regular
0.006696652269293608,-2.731480607142804,Bulk-Buyer
2.9317404229569437,-1.0640716601808873,Delivery-Disappointed
-0.1298155469505576,0.49582272536351774,Silent-Premium
-0.561809747747963,-0.8450106262315291,Budget-Regular
-0.024789434250598038,0.3501431283805677,Silent-Premium
0.8125262299954105,-0.3031699547903108,Engaged-Premium
1.9657628568545193,1.398528237102962,Silent-Premium
-0.36528183285442073,-2.206357309397194,Delivery-Disappointed
-1.2273316933569511,0.3340099526922543,Budget-Regular
-2.5269125061627724,0.2743809712040602,Budget-Regular
1.2269685938640853,0.2147910841579529,Engaged-Premium
-1.1856712604242108,-1.402432769873676,Engaged-Premium
-0.8898588383980354,-0.06835801599472754,Budget-Regular
0.9375594961400018,-1.6493992349449214,Delivery-Disappointed
-0.8040346092095743,0.42040789725483335,Budget-Regular
0.771045159758021,0.9604784922197894,Silent-Premium
-0.24989024789048256,1.0253561991984688,Silent-Premium
0.1663647584362902,-1.1912954056103293,Delivery-Disappointed
0.14298268133888423,1.1416562533138488,Silent-Premium
1.1713625390228093,-1.9797626361122742,Delivery-Disappointed
0.6787024899090279,0.3870153610923075,Engaged-Premium
-0.4148862167015739,1.0030939587755447,Silent-Premium
0.23558370735363,-0.09780494645554377,Engaged-Premium
-0.8633239135149977,-0.0424391241645401,Budget-Regular
0.3225319154985053,-1.9469723468788327,Delivery-Disappointed
-1.9259876776716927,0.40269714969990267,Budget-Regular
-0.18952791433805588,0.26999737361436726,Silent-Premium
1.0762491708022794,0.2877088047193438,Engaged-Premium
1.6430075943102536,1.114193841180107,Engaged-Premium
1.1848339218004686,1.2615356454837046,Silent-Premium
-1.2934153966921063,1.0138088868460473,Budget-Regular
-3.356238486457492,-0.05401261097301177,Budget-Regular
0.5877607833294829,-1.1096649784903752,Bulk-Buyer
-1.1976763775587727,-0.275243675629123,Budget-Regular
0.6692741179879659,1.5694807956166186,Silent-Premium
1.1565692217795809,-0.33697562000462283,Engaged-Premium
0.09580058980299745,-2.147968505698577,Delivery-Disappointed
-0.004530003967626099,0.461021096152456,Bulk-Buyer
-1.3863101407550023,-0.816879663309739,Budget-Regular
-0.6204560570494866,0.9430009835323174,Silent-Premium
-1.0154027936659815,0.7494241308320746,Budget-Regular
1.404460864768005,1.1124070964623782,Silent-Premium
1.3068362162909168,1.1095483237125519,Engaged-Premium
0.8156834092219867,-1.668729605441092,Delivery-Disappointed
-1.929427582385195,-1.0017691493740883,Budget-Regular
0.051140102722606336,0.7603611382474837,Silent-Premium
0.11635846706272264,-0.3133327452966109,Engaged-Premium
0.7838512727835802,1.7358249067054148,Silent-Premium
0.060925848485982155,1.753386196138339,Silent-Premium
-0.3695181308310955,0.05914492888153072,Engaged-Premium
0.4015622991963012,-0.3857548043223342,Bulk-Buyer
2.3488835251602267,-2.587977301181269,Delivery-Disappointed
0.4595891726610758,-0.022282006450613158,Engaged-Premium
0.3293286366296174,0.7596047560326598,Silent-Premium
-0.152501077340947,0.5340740222788356,Silent-Premium
0.08648347775098487,1.022010314094575,Silent-Premium
0.6413746477546023,1.9664374006154797,Silent-Premium
0.5710481345365304,0.619265474508042,Engaged-Premium
2.3317538974234493,1.5628176251281953,Engaged-Premium
0.5870607051702982,1.4879339043734046,Silent-Premium
-0.7503561196676897,0.6157727130924809,Engaged-Premium
-0.8501141969148671,-2.348920320347582,Delivery-Disappointed
1.5607087131321236,1.9033332008167272,Engaged-Premium
-1.8812720852218958,1.0433044961444928,Budget-Regular
-0.5231285584725888,0.3034472853247327,Silent-Premium
-0.14967806427385166,-0.5725822025500583,Engaged-Premium
1.2508405886827716,0.11976048451126059,Engaged-Premium
2.0538498800624807,-0.7529085878423584,Bulk-Buyer
-1.7601355091329896,-1.0445970297597114,Budget-Regular
0.32769065213437765,1.01028602458762,Silent-Premium
-1.3404841273794772,-0.20447710715759163,Budget-Regular
-0.46512275349192367,1.1541185811567032,Silent-Premium
-0.18908019702990647,-1.2316985836419467,Budget-Regular
0.4619290600236611,0.3558495932734995,Silent-Premium
-1.1157579139896292,0.6582606707525193,Budget-Regular
-0.05185695141393095,1.2174371631023786,Silent-Premium
0.387866604642366,0.015565399236898661,Engaged-Premium
-2.3699146958319695,0.31577768714971494,Budget-Regular
2.4805118421903463,0.6499147422811281,Engaged-Premium
-0.2824388248283298,0.513809378031583,Silent-Premium
-0.856560848193138,0.5827529148519909,Budget-Regular
1.5493202353146778,-1.3580015632554288,Delivery-Disappointed
0.4404932360294135,-0.5872412928748726,Engaged-Premium
-0.5215428873040607,-0.26525406136463525,Silent-Premium
-0.15617692356692905,-2.737963186467321,Bulk-Buyer
-0.039033886107105106,-0.23572878957355323,Silent-Premium
0.0032398056572931024,0.7393977551015024,Silent-Premium
1.5778186497273923,1.174272409683614,Silent-Premium
0.43465763139143077,1.1919403722920277,Silent-Premium
-0.5063779848080967,1.1410445257674962,Silent-Premium
-1.793202893027683,-0.02546635510389785,Budget-Regular
-0.127957305909066,-0.8453647500786219,Engaged-Premium
1.2549682125013966,1.1911744149035675,Silent-Premium
2.23453929397012,1.746598019552884,Silent-Premium
-0.6109883904721345,0.9063797956258769,Silent-Premium
-0.4143089716863936,-0.24699507864687667,Engaged-Premium
1.42267145209383,-0.8545974331402991,Delivery-Disappointed
0.01083421736886136,1.1494580063622981,Silent-Premium
-0.46557691511055893,0.11283136261313172,Silent-Premium
-0.4942115574364002,-0.10255015244512797,Silent-Premium
-1.620284941617315,0.5676048091254965,Budget-Regular
1.1469238390595302,-2.066559005839521,Delivery-Disappointed
0.004669786765721851,-1.3985893818244897,Delivery-Disappointed
-0.6633181957394031,-0.43519186922695424,Engaged-Premium
-0.33846519585543794,0.16232797524658604,Silent-Premium
0.2133815154476309,0.777610153546288,Silent-Premium
1.654474294107099,-0.7361156015035439,Bulk-Buyer
1.127302936157661,0.2930987907135382,Engaged-Premium
-0.47390056736537733,1.341598898958109,Silent-Premium
1.6166937650997382,-1.230471755224684,Engaged-Premium
0.8014363028023019,1.2215717497010203,Silent-Premium
-0.3624224972581769,-2.3255645267713256,Bulk-Buyer
1.0393849982634062,-2.5688287125131146,Delivery-Disappointed
-1.327800464513654,0.6704127015109088,Budget-Regular
-0.07333975023526794,-1.6071253420151437,Delivery-Disappointed
-0.32185525424909406,0.048883804593228046,Engaged-Premium
0.9528788519420945,-0.5946940303648804,Engaged-Premium
2.5035955033201778,1.5599874404813876,Silent-Premium
-2.136212629934038,0.6450368427232884,Budget-Regular
-0.5354663168579682,-0.06316181268235102,Engaged-Premium
-2.012350470977274,-0.9421107287710271,Budget-Regular
0.16962474176966458,1.2441937081502352,Silent-Premium
1.0074528530832734,0.9172067480053876,Engaged-Premium
-0.5946212349279532,1.2285834416902812,Silent-Premium
-0.2226019846626771,-0.751666313809682,Engaged-Premium
1.1234883615142404,0.3857188773557052,Engaged-Premium
0.176435298965115,0.8478785976732954,Silent-Premium
-0.6778650560063245,0.5383444441523669,Silent-Premium
-0.29194478290133125,1.4077881225920792,Silent-Premium
-0.2560869271980803,-0.38255181890278867,Engaged-Premium
1.0370660600205224,0.21625483428164302,Silent-Premium
0.040161638181282745,-0.11084988109834798,Silent-Premium
0.5577678478621696,-0.9721567783935632,Engaged-Premium
1.1458276690910725,-0.15415183829341964,Silent-Premium
-0.2609721552977797,1.6511692106735114,Silent-Premium
0.2669250441216624,-0.9392075405508472,Bulk-Buyer
-1.7244430593656086,-0.4666222901468313,Budget-Regular
1.4011882380714258,0.271046588601735,Engaged-Premium
1.0294752784721508,0.8711455824081112,Silent-Premium
-2.1841727342728507,0.1134911771411462,Budget-Regular
1.1579332520948924,2.2504050846130563,Silent-Premium
1.4140043371492124,0.6179166159409397,Engaged-Premium
-0.49658268438273234,0.6779069153069401,Silent-Premium
-0.712270227550435,1.1048211547560458,Silent-Premium
0.38529465803922736,1.5982864627225375,Silent-Premium
2.5219191595312136,-0.3356110421032875,Engaged-Premium
0.6170830267158899,2.445123785603024,Silent-Premium
0.8859779355170527,0.48658728492692493,Silent-Premium
1.1810920431955614,1.8069322003248398,Engaged-Premium
-0.22034367461410853,-0.43252205191990123,Engaged-Premium
0.6201913730702199,0.2748999646940119,Engaged-Premium
1.41179039697016,1.3964182161891772,Silent-Premium
-1.1693708807743983,-0.9048454232377867,Engaged-Premium
0.8458236048140484,1.407877358853805,Silent-Premium
0.37272861518013123,0.07825550920636665,Silent-Premium
0.24954372391398,1.2407894154184462,Silent-Premium
-0.8331997221872965,-0.8505952326990718,Budget-Regular
0.5622830094126648,1.2519695726613567,Silent-Premium
0.18439052648391216,-0.08499887153398025,Bulk-Buyer
-0.3086705751486207,0.567038965334415,Engaged-Premium
0.9715623380761139,-0.09260606376906941,Bulk-Buyer
0.6534668889982621,1.4426527665016213,Silent-Premium
0.5587263812800184,-0.0036217332153534805,Silent-Premium
1.0199633727873212,-3.1472825581279507,Delivery-Disappointed
0.5335725148042755,-0.5822184695426534,Engaged-Premium
0.48219578656367934,2.1890614971612155,Silent-Premium
0.6447319136031002,-2.248618528937189,Delivery-Disappointed
0.6491332565264517,1.4163156381964628,Silent-Premium
1.4591929996607775,-1.4670072762224193,Delivery-Disappointed
1.5168037101769882,0.1500322745608302,Engaged-Premium
0.25087934016358776,-0.09127723891110834,Engaged-Premium
-1.0543181035678812,-0.24509002725078569,Engaged-Premium
3.2592396478374064,-2.3045913763577213,Bulk-Buyer
0.38383071741234376,-0.6724714988958425,Engaged-Premium
-0.727739163463978,-0.34919800357028896,Engaged-Premium
0.5730843382405252,0.9509248112793527,Silent-Premium
0.1746620212319686,0.9324710877293398,Silent-Premium
0.6101499816480082,0.8277859453295477,Silent-Premium
0.358299779184367,0.6270405568624074,Engaged-Premium
-0.11075810212924549,0.9149514839616149,Silent-Premium
1.4839145828898557,-0.5940624743259224,Engaged-Premium
-1.4341417427797787,-0.8571781878420811,Budget-Regular
0.32007839593131043,0.9607435487296893,Silent-Premium
0.34081890730133174,0.43432976987380867,Silent-Premium
1.4983926594766188,1.119819687609649,Silent-Premium
2.598839015456557,1.0687814547434182,Engaged-Premium
-0.35893333952922624,-0.7944223427764553,Engaged-Premium
0.526090050366863,1.0640530860703878,Silent-Premium
-0.35466438703421094,0.5826789902347292,Silent-Premium
0.9328093957435257,0.8540521017667447,Silent-Premium
0.0385259915896241,0.7987866043184212,Silent-Premium
-0.04970515891583481,1.1239822196538363,Silent-Premium
0.43610366540600554,1.0174520455011582,Silent-Premium
2.159937586302122,-1.856018545486692,Delivery-Disappointed
-3.7585215064380226,-0.28476168830584053,Budget-Regular
2.232903675753157,1.4460403412851697,Bulk-Buyer
0.12563735740023918,0.8504885311921084,Silent-Premium
0.6079064370491699,1.5968780986684399,Silent-Premium
0.9057818350370651,-0.8176203744323928,Engaged-Premium
-0.5532650910947001,0.8364181211320565,Silent-Premium
-1.901978023916568,0.7163510155757817,Budget-Regular
1.1756263244391099,1.0162269537477284,Silent-Premium
0.05622365674020104,0.4673945837422429,Silent-Premium
-3.6642195894503136,-3.9935492700101327,Budget-Regular
-0.3155877620629708,1.2700018299938454,Silent-Premium
-2.243940934520869,-0.6097407275281491,Budget-Regular
0.2286218184630086,0.6820687778340127,Silent-Premium
-0.6332429034099626,0.7150153112720085,Silent-Premium
-0.7751788074124204,0.7416510651683474,Silent-Premium
3.360525305592304,-0.47083393776201365,Engaged-Premium
1.6691486510057862,1.593715953401727,Silent-Premium
0.006178078682396096,-0.2537453909218657,Silent-Premium
1.2560960418548193,1.1121406006186016,Silent-Premium
-0.9829634467027674,0.5767390190942278,Budget-Regular
0.1225827454823916,-0.8185056103524705,Engaged-Premium
-0.3380619179744522,1.8114074987145783,Silent-Premium
2.0249983359014205,-1.6821005845303163,Bulk-Buyer
-0.6653727428698722,1.5899955753991843,Silent-Premium
0.4152860281274899,-1.466352649565833,Bulk-Buyer
-3.4044399643840437,-0.706164499385,Budget-Regular
0.05255773242716929,0.6789142249944989,Silent-Premium
-1.720840650418643,0.4928574232540813,Budget-Regular
1.3227371230051037,0.1720549606145877,Engaged-Premium
1.7583384512931926,0.5569301646844443,Engaged-Premium
-0.8062462928742323,0.3591080149117548,Bulk-Buyer
2.9011579243166077,-0.7783672365417561,Engaged-Premium
0.2843416450174931,-0.055791864936386534,Engaged-Premium
-0.9141290053817182,0.8361470744515699,Silent-Premium
2.6980899460316197,-2.405375899484939,Bulk-Buyer
0.16138108236705723,-1.0159617753005556,Engaged-Premium
0.4793634676306734,-0.17406512851976785,Engaged-Premium
0.8833283399656263,0.6753504158607663,Bulk-Buyer
0.26721795632473905,-0.7853637034084318,Engaged-Premium
-1.8307405086526545,-0.18532379874979213,Budget-Regular
-1.157214035169601,-3.457446673841207,Delivery-Disappointed
-1.9008154640377577,-1.227812556667257,Budget-Regular
0.7032589950532689,0.9963462977472588,Silent-Premium
-0.4859010094851112,0.87275004293462,Silent-Premium
0.40829840556372354,-1.6268295204472325,Delivery-Disappointed
-0.96696986164897,-2.3860793724639517,Delivery-Disappointed
0.3370052233139451,2.263631216445484,Silent-Premium
-0.3552771297680111,0.21851987552247523,Engaged-Premium
-1.0010465485118052,0.3879936154013514,Budget-Regular
-1.2845885832433963,0.5987074950367139,Budget-Regular
0.10210949800503459,1.183949426902407,Silent-Premium
-0.1968449540875657,0.9109534972526422,Silent-Premium
-0.3467082488753745,-0.27886226952061577,Engaged-Premium
1.7953978171106904,-0.19092780557406894,Engaged-Premium
-0.5710393608778909,-0.28296775175548816,Engaged-Premium
-1.3765749545960473,0.8565896892835978,Budget-Regular
0.5703887696902263,-3.293824928192539,Delivery-Disappointed
-0.6808759755216425,-0.9584638163323398,Engaged-Premium
0.6384314327229262,-0.186942214132187,Bulk-Buyer
-0.16978044864344882,0.7239860099080483,Silent-Premium
-0.5923155307791234,-0.6728378339186016,Engaged-Premium
-1.4923592835653865,1.1385822172963453,Budget-Regular
1.564914951336514,0.8080564680009551,Engaged-Premium
-0.8064848202188665,-0.266521324125819,Engaged-Premium
0.16512217783481514,0.3748574661087183,Silent-Premium
1.0943252432564765,1.810427783807188,Silent-Premium
1.2705668661586489,1.297860462023836,Silent-Premium
-0.9444787588271595,-0.5135138277357411,Engaged-Premium
-0.0749855263491475,1.3151562223447757,Silent-Premium
-1.7976154713051289,-0.46777282239388907,Budget-Regular
0.6609204680822558,1.805488159557532,Silent-Premium
-1.904113114452469,-0.3452117143822141,Budget-Regular
0.6679128544966044,-0.11667662792075639,Engaged-Premium
0.821050436831696,-2.804378697320709,Delivery-Disappointed
-0.1573943574771599,0.023698487218738462,Silent-Premium
-1.4082871531346837,0.10217467709342527,Budget-Regular
-0.5523557830005992,1.2858553724379778,Silent-Premium
-0.37178835632416424,-0.8510283660489264,Engaged-Premium
1.104563503046006,1.1272497734012026,Silent-Premium
1.0538766306093121,0.23700661237529588,Bulk-Buyer
-0.13576082641415585,0.3824696159184136,Silent-Premium
0.4768803776037457,1.556605450485624,Silent-Premium
1.5945318466822884,0.892310465713173,Silent-Premium
2.415118582436046,-1.257480854642655,Delivery-Disappointed
-0.17950384072934913,-0.5631127865181715,Bulk-Buyer
1.0011237612219823,-0.8152724119840679,Bulk-Buyer
1.0829731797352824,0.5893360633823926,Engaged-Premium
0.23455754287824604,0.7211598925863755,Engaged-Premium
-1.2198689783782846,2.0660341241617877,Budget-Regular
0.2373402298592272,0.2915870757272489,Silent-Premium
0.017301233419673736,1.0547167911263327,Silent-Premium
-0.06995202020563562,1.3668603281357437,Silent-Premium
0.43936170949729325,0.4817574977619595,Engaged-Premium
0.049958580273547486,-0.47836035605989713,Bulk-Buyer
-0.8750121025095132,-0.05316127328761863,Budget-Regular
0.5983761755438189,-0.001041804727336913,Bulk-Buyer
-0.4775931649238897,0.8436892929308392,Silent-Premium
-1.2751645062455301,-0.8751842763435479,Budget-Regular
0.38370057540331903,0.13527849963320346,Silent-Premium
0.5821514533593385,0.7226068650064482,Silent-Premium
0.4948139052115632,1.2567418640824504,Silent-Premium
0.9086810909333622,1.7369120994911946,Silent-Premium
-0.7409235377499793,0.7529908669513824,Silent-Premium
0.4206021727094697,-0.9494864931425779,Engaged-Premium
0.033305856874451235,0.7141954745032393,Silent-Premium
-0.34843659779177955,0.5897045997537714,Silent-Premium
1.1946542999022076,1.1024520274021112,Silent-Premium
-1.2748678819986596,0.2661820509532381,Budget-Regular
-0.662465424279683,0.8506854922567838,Silent-Premium
-1.2309064238266296,-3.696972749498794,Delivery-Disappointed
-0.6559238992235817,-1.6847670761165725,Delivery-Disappointed
0.8029656898295097,0.13800583665293165,Engaged-Premium
0.3074932345123499,1.2358183251035202,Silent-Premium
0.9508382649974523,1.6050356443032185,Silent-Premium
2.418208197747372,0.8884497360364104,Engaged-Premium
1.7176174823356987,1.3838911150748399,Silent-Premium
0.7571478333871356,1.0597939043149718,Silent-Premium
-2.373318367501775,-1.2917355211053365,Budget-Regular
1.3997436560044805,0.5793484844186011,Silent-Premium
-0.3118871382297534,-0.09208840231830212,Engaged-Premium
1.2574694267257076,1.3117204944448366,Silent-Premium
2.43467437047458,0.722864852050712,Engaged-Premium
-0.13863134059308266,0.5530242601660312,Silent-Premium
-0.45674171878805864,-1.103976200396484,Engaged-Premium
-0.6696799053987109,-0.1920382664881131,Engaged-Premium
0.877310773392221,-1.0580589116814139,Engaged-Premium
-1.2170855393249935,0.0369018786327985,Budget-Regular
-1.426113484667344,-0.2889132041049588,Budget-Regular
2.5178784046227456,-2.564946944136014,Bulk-Buyer
0.6222023522249391,1.4314527132482944,Silent-Premium
-2.6148886461747596,-1.416044265563752,Budget-Regular
-0.18169326845497039,-0.12815372089181032,Silent-Premium
-0.5148200893120934,1.1377417353280126,Silent-Premium
-0.8553489178106942,0.2914480549333876,Budget-Regular
-1.6519379529117348,0.46340566721387016,Budget-Regular
0.8876156692463327,0.21246591012338695,Engaged-Premium
-0.6488640383688188,0.3020071829214999,Silent-Premium
-0.9942212195555417,-0.9776153220832606,Budget-Regular
1.1811865670925839,1.6309765179942182,Silent-Premium
0.204869133647617,1.6449011626270222,Silent-Premium
0.41493760290727827,0.7541796590735692,Engaged-Premium
0.7300577266659255,-1.981334643083674,Delivery-Disappointed
1.2996192307559629,1.6177231676797088,Silent-Premium
1.4386920170249353,1.9235777450618678,Silent-Premium
-0.09660405842244915,-0.3264269810373041,Engaged-Premium
1.2111613430226131,0.6231416756483763,Engaged-Premium
1.325810263297673,-2.2544204443397264,Bulk-Buyer
0.6811534035512127,0.17772483702758787,Bulk-Buyer
-0.44785471878627525,-0.24049025192038095,Budget-Regular
1.0094104334109735,-0.2333417385058136,Engaged-Premium
1.5868171032003748,0.4581310642166114,Bulk-Buyer
0.5961054331184524,-0.8193779694648391,Engaged-Premium
-1.3062973220826937,0.6443797309111046,Budget-Regular
1.1389781658371225,0.6457742925722009,Silent-Premium
-0.17157183597751485,0.9909933370496703,Silent-Premium
0.9213826380912312,-0.6493541362769755,Engaged-Premium
-0.029021457148099016,1.1697308192158367,Silent-Premium
1.1849583140848925,-0.591341118690758,Engaged-Premium
0.8374196408659761,0.2855118589269109,Engaged-Premium
1.5685728387249378,0.20144522521008865,Bulk-Buyer
-1.1949143794661152,0.09318153782467506,Budget-Regular
0.23534482298218473,0.8129809533489354,Engaged-Premium
-0.1771873275468649,0.4006810045221543,Engaged-Premium
0.35874236532955833,0.35701553647929757,Silent-Premium
-1.2296912619882434,0.17366354695409256,Budget-Regular
2.4790995816580472,1.3545641884313666,Silent-Premium
0.5503597081329682,0.11265715316208433,Bulk-Buyer
0.7368690218772352,0.5242580227558089,Silent-Premium
1.589229514665284,1.3683383578154307,Silent-Premium
1.4311225520922015,1.560980073393437,Silent-Premium
1.5444126612688067,-2.154745290688876,Bulk-Buyer
-1.00267605704162,0.6293773359052672,Budget-Regular
1.0578110721227694,0.20142038963967795,Engaged-Premium
-2.5170118576891016,-0.023969596816607326,Budget-Regular
-0.8491314871468746,-0.01090121414129095,Budget-Regular
-1.6275849246031537,1.2479583567320083,Budget-Regular
2.6964876233221218,-2.7265912824306833,Delivery-Disappointed
0.22548851392189906,-2.293460960813406,Delivery-Disappointed
0.3844742756205562,0.6289183910346332,Silent-Premium
-1.6201144554456564,-1.0955736785138392,Budget-Regular
-0.007501243083196515,-0.06670159064610104,Engaged-Premium
0.20886380096971668,0.9731622209086701,Silent-Premium
0.420313552094724,0.29435674203726236,Silent-Premium
1.729994979568302,-1.4868491576686038,Delivery-Disappointed
2.4327440046976236,-1.0114084884061636,Delivery-Disappointed
-0.8512385219850533,0.4621050020754645,Silent-Premium
-0.45544857499995467,0.6417652154547003,Silent-Premium
-1.6230008360452397,0.20670523397848514,Budget-Regular
0.42329410895463576,1.1492303869601068,Silent-Premium
-0.392022743855161,0.26123070751586974,Bulk-Buyer
-0.8591164758795687,-0.31704388887120505,Engaged-Premium
-1.7060267124446356,-2.1468196783582525,Budget-Regular
0.7906826536517935,0.10734509492884502,Engaged-Premium
0.2585658709779014,0.9417070882255711,Silent-Premium
-0.11113086342958986,0.8877622525458017,Silent-Premium
1.4808156703298847,0.992183522307528,Silent-Premium
1.8729581062968337,-0.5793006197665087,Bulk-Buyer
-1.4313168182996079,0.010211051481132875,Budget-Regular
0.5678151079972168,-0.9170964526326837,Engaged-Premium
-0.48016377777814595,-0.42433302429421466,Engaged-Premium
-0.2279524086665132,0.6197609761150206,Silent-Premium
2.197882980565604,-2.4223827876815487,Bulk-Buyer
-0.27812076560247156,0.17922231019734716,Engaged-Premium
-3.356185125031129,-2.0350335957833305,Budget-Regular
-1.3052147861191405,1.016541306057605,Budget-Regular
0.12809144788096727,-1.0187099159777109,Engaged-Premium
0.9051590292377825,-0.428835201862817,Bulk-Buyer
-1.4733689175738938,-0.6565179478984943,Budget-Regular
0.40090702569805614,-0.18655051474731105,Engaged-Premium
0.9323454952469086,-1.4902181787311135,Delivery-Disappointed
-0.0957071973725016,0.797219386350572,Silent-Premium
1.4481444650103847,0.9260563810312522,Bulk-Buyer
-0.24132009376212238,-2.5522991341173253,Delivery-Disappointed
-1.2244196404770542,0.5605869915688072,Budget-Regular
1.1727109639860613,0.31381144590870413,Engaged-Premium
-0.3483091256751704,0.7169849369441563,Silent-Premium
1.42777168877451,1.5248387417326756,Silent-Premium
0.3345425632563928,-0.007512897761380748,Engaged-Premium
-0.3058848170479719,1.0168614422784312,Silent-Premium
0.18632436705272648,0.8801041372642041,Silent-Premium
2.0936228474395904,0.8329387813879993,Engaged-Premium
-0.9639937819945603,0.3351111277838951,Budget-Regular
0.5049413568611135,1.3157395484048915,Silent-Premium
1.0435167019644525,1.296014612158241,Silent-Premium
2.4581302482703857,-0.47688235814487917,Bulk-Buyer
1.1886942116478691,-0.11399275832577677,Engaged-Premium
-0.13376608316532132,0.6630856919499508,Silent-Premium
0.395794088295867,0.7836095352255124,Silent-Premium
-0.22952183864034198,1.0697770113669198,Silent-Premium
-2.405978597037733,0.15234504789044861,Budget-Regular
0.27908485283895307,0.4565595310445609,Engaged-Premium
-0.5729353231672807,0.8470753806183782,Silent-Premium
-1.0003431933034974,-0.8384962948649979,Engaged-Premium
-0.06914037298135721,-1.9210180865169455,Delivery-Disappointed
-0.8689875659117934,1.3520252720552344,Silent-Premium
1.0610773114475507,1.7008313299068847,Silent-Premium
0.3995858881681324,1.0737662887668964,Silent-Premium
-0.9226563423143733,0.6335449542542074,Budget-Regular
0.3325244451156826,-0.3117765802688953,Engaged-Premium
0.6385719284863323,0.2728768339838311,Silent-Premium
1.952141066004727,1.6387529083081087,Silent-Premium
0.6966281954843232,-2.1592089823874034,Delivery-Disappointed
-1.706345839823496,0.006777078127004912,Budget-Regular
-1.3736662917229652,-1.1489653118902245,Budget-Regular
-2.4637844784900125,0.1975771906588809,Budget-Regular
0.29724824382289494,0.992188796869868,Silent-Premium
-0.8474954117170794,0.7153145289059879,Silent-Premium
1.386212764473586,-1.746270863293947,Delivery-Disappointed
-0.746848902872812,0.04402876872766961,Engaged-Premium
0.2541573045117463,1.1637798376364192,Silent-Premium
1.9872007588985012,-2.430756118312053,Delivery-Disappointed
0.07356528546108322,0.9947460305117946,Silent-Premium
-0.6421340322134544,0.9527314582085009,Silent-Premium
0.39228300109268527,-0.17625041018237747,Engaged-Premium
-0.16351570726414305,-1.6589815171025002,Engaged-Premium
-3.229360693182858,-0.12270311871732659,Budget-Regular
3.026903129111784,1.649708207246384,Silent-Premium
-0.7075684760195182,1.0628027040715706,Silent-Premium
-0.6793779613167061,0.23227791341289775,Silent-Premium
0.09567265775504148,-1.1254223203390197,Engaged-Premium
-0.07148458383974564,1.1020133674527748,Silent-Premium
-0.1454249030016677,0.0622243831519058,Engaged-Premium
0.1876637868841936,-0.5159468756564907,Silent-Premium
2.425389087841374,0.012811964558457713,Bulk-Buyer
-0.6908061353752704,-0.9030570368720926,Budget-Regular
-1.5055878017471298,0.3830097395632772,Budget-Regular
-1.3186724558480853,0.9833516780948469,Budget-Regular
-0.501786711683482,0.4122660838387462,Silent-Premium
-1.4796407492162096,-1.3648919212167865,Budget-Regular
-0.07185371427271493,1.102475681602694,Silent-Premium
2.723933874780849,0.7144728703117832,Engaged-Premium
-2.2017757470546515,1.2185275515946175,Budget-Regular
-0.5689386672742658,-2.095864831581064,Delivery-Disappointed
-1.5231178670099046,-1.5969912874509824,Budget-Regular
1.5538453596534316,-0.4163369700684048,Bulk-Buyer
1.7819373022190264,1.244646310097668,Silent-Premium
0.7155142664319528,1.3012487553301293,Silent-Premium
-3.0160646356533123,-0.21466584782307938,Budget-Regular
-0.047690412151864446,0.13952904648136452,Engaged-Premium
-1.1850980220382328,0.7172297427928606,Budget-Regular
0.002580746826967915,1.08656542980373,Silent-Premium
-0.11114918516359408,-1.0263475962190105,Bulk-Buyer
2.153166250795375,-0.9019824160710699,Bulk-Buyer
-1.2872924556652612,-0.9183915556100174,Engaged-Premium
0.29382055470568763,1.2300919875860632,Silent-Premium
0.7162469121365861,0.10989206862304804,Engaged-Premium
-1.001203917375589,0.25420570085242084,Budget-Regular
-0.963424248107285,0.7246656894724094,Budget-Regular
0.46851111897243225,1.533495705711598,Silent-Premium
0.2230380057903903,0.8672357547352569,Silent-Premium
-0.28042976043845347,0.26184416655243475,Engaged-Premium
2.8633084856358315,0.47950497186837593,Engaged-Premium
2.9761360742789407,-1.1184828293029854,Bulk-Buyer
-1.9692662692416842,-0.10107689788704144,Budget-Regular
-0.41969559038787796,0.017614576668280972,Silent-Premium
-0.4236864997779638,-0.2296735011086912,Silent-Premium
0.07218233377590684,-1.2727557031515269,Engaged-Premium
0.5973219406940231,-1.7760992084007714,Delivery-Disappointed
1.217464776412158,0.43968606503911195,Engaged-Premium
0.31466140726796643,-2.869939223966054,Delivery-Disappointed
-0.29815975777111436,-0.5451439246773592,Engaged-Premium
-1.128954108586746,-0.34146966860384537,Budget-Regular
1.0192917622149695,0.6835951890132769,Engaged-Premium
1.2879013285982868,1.384763581162177,Silent-Premium
-0.15690695152294515,-2.031422289126011,Delivery-Disappointed
0.671408539179185,-1.7888157234809494,Delivery-Disappointed
1.011453996144696,-0.10659660737470023,Silent-Premium
1.1917896668204173,0.09626377612633356,Engaged-Premium
-1.1478042661563201,0.6937285904587212,Engaged-Premium
2.4943507437101347,-3.447596753231798,Bulk-Buyer
-1.079910051356361,0.5329012867256142,Budget-Regular
0.9569262530952825,-0.05638692164253145,Engaged-Premium
-0.4341692301130174,-3.1137450364034227,Delivery-Disappointed
2.3627165462563133,-2.2418860307249737,Bulk-Buyer
1.8636029702748762,1.6438432732179216,Silent-Premium
-2.5741411389332036,-0.13146231628231814,Budget-Regular
-0.07235471249349991,1.1053493427221983,Silent-Premium
1.9630991233778603,-0.1663576803134614,Engaged-Premium
1.2425427659994095,0.5632880023755226,Bulk-Buyer
0.5240618152402214,1.2793348157181033,Silent-Premium
-2.2574486701073346,-0.12041116799305088,Budget-Regular
-2.3953254099568433,-0.6706468318325208,Budget-Regular
-2.959929969810245,0.6408979544254501,Budget-Regular
1.356536811050718,-1.5440098114344392,Delivery-Disappointed
1.1953594745794125,0.23076047438916797,Engaged-Premium
-0.6633084696062033,0.17955020852676698,Silent-Premium
0.6092707620233437,0.4110387436523696,Engaged-Premium
0.5199065616527335,1.3504995406020115,Silent-Premium
-0.0360098476299898,1.2635134008606455,Silent-Premium
0.2139990045876387,0.6882627528420785,Silent-Premium
-0.5609077296197494,-2.9978570174191033,Delivery-Disappointed
0.28362699653883416,-1.4889654944160726,Delivery-Disappointed
1.1206655235801555,-0.0021985193304992694,Bulk-Buyer
2.641112144832436,-0.5878682074723538,Bulk-Buyer
0.48611173686464715,1.0416182977304898,Silent-Premium
-1.8939883409304419,0.46726827633482076,Budget-Regular
-0.523826358756808,-0.08324311827933126,Bulk-Buyer
0.34534727394095105,1.5623734845239812,Silent-Premium
-0.06337358431052348,0.9037071947223423,Silent-Premium
0.17647483389675175,0.7439241986315889,Engaged-Premium
2.081227871377874,-0.10828417939900212,Bulk-Buyer
0.6363684967255574,0.3061360116014545,Silent-Premium
1.1976991000367,0.40481289638117784,Engaged-Premium
2.7602584155354473,0.8205259957657683,Bulk-Buyer
0.3289348385570843,-0.2867631924486559,Bulk-Buyer
-0.09515003686165738,-2.4756073587263177,Delivery-Disappointed
-0.1788149830601418,0.5116226923165955,Silent-Premium
-0.1809863247550806,1.6386882197274828,Silent-Premium
-1.6956721476385126,-0.19839594888578646,Budget-Regular
-0.8373024433568138,0.9896706731148881,Silent-Premium
0.4500107387541613,0.054382112599247114,Engaged-Premium
1.9226176126993872,-0.5717279996677753,Delivery-Disappointed
0.7894862801925205,0.5754409919863065,Silent-Premium
-0.4750562791186018,0.8424753969270248,Silent-Premium
-1.6685298567129208,0.4485285901296492,Budget-Regular
-0.9784871176595802,-0.3622188760366076,Engaged-Premium
1.0292770517718073,-0.3232721343827979,Engaged-Premium
-3.0505643393742488,-0.445347805303125,Budget-Regular
-0.6423396601775674,0.6910395831065714,Silent-Premium
-1.7440303139433135,0.1699098568426264,Budget-Regular
-1.3208136608461032,-0.2568246397860895,Budget-Regular
0.9807031088577376,0.9139853877264676,Silent-Premium
-1.066106154968338,-0.2918226438674526,Engaged-Premium
-2.366143522867376,0.2994030389819024,Budget-Regular
1.3129522953388733,-1.3802657792644084,Bulk-Buyer
0.560413817338592,-0.14656656005538252,Engaged-Premium
0.3977790823509565,-2.1794048011521094,Delivery-Disappointed
1.2340913410006045,0.20748024098518472,Engaged-Premium
-0.3577447613033496,0.9249222211571624,Silent-Premium
1.0740338104678062,1.3908251373531324,Silent-Premium
1.5918952441277203,1.4862615613966235,Silent-Premium
-2.069783022245202,0.6867302834348673,Budget-Regular
-0.3327925221211628,-0.534060762036218,Silent-Premium
1.9089181548665832,0.3822119426142803,Engaged-Premium
2.646867975179466,-1.1559558032568806,Bulk-Buyer
-0.5831022317085386,0.46613566678567436,Budget-Regular
-1.0387029029663235,-0.8405796699233611,Budget-Regular
2.070364837399489,-2.0715823078283013,Delivery-Disappointed
-0.06629547416856414,0.35033028496190527,Silent-Premium
0.18160124756639692,1.7419039578634514,Silent-Premium
-0.1801241874864797,0.24813678767764696,Silent-Premium
-1.742922534885226,-1.2006351610540864,Budget-Regular
0.6000478640616099,-0.19797212624592544,Engaged-Premium
2.159942607211182,-0.3886660269901148,Bulk-Buyer
-2.70745365328198,-1.045061535676231,Budget-Regular
-1.2656869230678809,0.3844916667568502,Budget-Regular
-0.8206641242154784,-2.9877713272554303,Delivery-Disappointed
-0.4466746146260484,0.9348628814705109,Silent-Premium
-1.925562584913809,0.31994040075883096,Budget-Regular
0.7476699885667257,1.2567591624259011,Silent-Premium
-0.7301105238936998,1.0654765890042572,Silent-Premium
0.6912410989209388,1.8417508306272352,Silent-Premium
-0.6304331843114314,1.1844812851722621,Silent-Premium
2.0792416932450344,1.3947975241491246,Engaged-Premium
-0.5954517794265964,0.7455883258163831,Engaged-Premium
0.3983585931569828,0.5063239755760537,Silent-Premium
0.48387955139854194,-1.5715312475779246,Bulk-Buyer
-0.340764883325629,0.1969230564917978,Engaged-Premium
-0.9679298598950056,-2.0789639668364566,Bulk-Buyer
-1.9281227882874463,0.41494386856592813,Budget-Regular
-0.07273554457793309,-1.7082646387652782,Delivery-Disappointed
-0.9884417480860977,1.978904025510702,Silent-Premium
-2.743561668335879,-2.3969357063333763,Budget-Regular
1.4915678139186466,1.3804242479699567,Silent-Premium
-0.29345788689979146,-1.1283508499491997,Delivery-Disappointed
0.0861615093683357,1.4945783822111478,Silent-Premium
0.26813685658495695,0.27522798976063506,Engaged-Premium
0.3542832881611861,-2.0201682803865673,Delivery-Disappointed
-2.4559885875969933,-0.8266341031244384,Budget-Regular
-0.41153895063614554,0.9794330879028889,Silent-Premium
-1.6289139654677736,-0.8058337287342326,Budget-Regular
-0.732067606805501,1.4833812827122657,Silent-Premium
0.26701164517077297,-0.6865635225427353,Engaged-Premium
0.22313163051529977,-1.396689755177419,Delivery-Disappointed
0.11827249960752641,-0.583285526470399,Engaged-Premium
-1.324381597833622,0.7194587015312651,Budget-Regular
-0.9663403420774241,0.1330255756943615,Budget-Regular
1.197903773747756,0.8392982493706539,Bulk-Buyer
-1.0793284884004801,0.8521723512704356,Budget-Regular
-0.33952966876988483,0.5533797803837047,Silent-Premium
-0.24067518896223447,1.6838766066221664,Silent-Premium
-1.9981009582841451,0.7595448863799472,Budget-Regular
-0.14905020689839218,0.8011512480798222,Engaged-Premium
-0.7838248905714726,-0.7670343270244566,Engaged-Premium
0.6507598269339002,0.8205669933346408,Silent-Premium
-3.4214845234918676,-0.4367542264727598,Budget-Regular
-0.2514565965734223,1.3146505552220888,Silent-Premium
1.6163783530479694,-1.1323786607984623,Engaged-Premium
0.4686729921410059,-1.5887011702766938,Delivery-Disappointed
0.48233475593172226,0.961319980015595,Silent-Premium
-0.8659929493360458,-0.6046645309488154,Engaged-Premium
-0.40036313253638306,-1.494460626911975,Engaged-Premium
0.6015765178263872,-0.6127211242938553,Bulk-Buyer
-0.6888819667928239,-0.3274450975721973,Engaged-Premium
0.7515124241625777,0.5704871851982377,Engaged-Premium
2.0630170638285312,-1.9513689745519114,Delivery-Disappointed
0.24710982715426116,0.3073191181818756,Engaged-Premium
0.2072872231120566,0.9589775527225672,Silent-Premium
-1.4890562449347136,0.769558251665435,Budget-Regular
-0.19392565199056605,1.4983948788809294,Silent-Premium
-0.13960903596583465,0.3235854966780468,Silent-Premium
-0.14630562663627178,0.7079483695659465,Silent-Premium
-2.6880257299187704,1.2982152203557031,Budget-Regular
1.2018905826984503,-2.2354541788938747,Delivery-Disappointed
-2.90101296375658,-2.766884389509506,Budget-Regular
-0.053367591533848256,1.1980523842413635,Silent-Premium
-0.27910009260236524,0.3925771836413782,Silent-Premium
-0.4728838929462047,1.56648238937226,Silent-Premium
0.5000923581061982,1.207480630286742,Silent-Premium
-0.46734345208170147,-0.20173150999454356,Silent-Premium
-1.369448282430922,0.810604592928028,Budget-Regular
-0.42246767964855103,-0.573564786313853,Engaged-Premium
-1.2577894638423364,-3.8852962660444614,Delivery-Disappointed
-1.6249149633446385,-0.46811107581707045,Budget-Regular
1.4074538918304782,1.7177636745326148,Silent-Premium
-0.6235860551551066,-1.037538036818673,Bulk-Buyer
-1.1376934813768056,0.42503390567475596,Budget-Regular
-2.362804370285757,-0.5050115299814438,Budget-Regular
0.2016127625235874,1.0675777602472236,Silent-Premium
-1.0055781424694152,-1.4372265962707034,Bulk-Buyer
-0.4459569739775631,-0.6873291708461257,Engaged-Premium
-0.5904968463604433,0.8815399450495792,Silent-Premium
-0.3650917330175599,-0.25897422366132683,Engaged-Premium
1.4999513410526704,0.4759619481270473,Silent-Premium
0.04916214524396544,0.4137250024201411,Bulk-Buyer
-0.6480303510303128,0.10033836537735429,Silent-Premium
3.0371201564241685,-1.83285446293292,Bulk-Buyer
-2.6891940346706593,-1.5774653528011868,Budget-Regular
2.8137213656076394,0.023206580274938916,Bulk-Buyer
-0.8216143847760885,1.0400302299698139,Silent-Premium
0.4924667396008616,-0.263355238459371,Engaged-Premium
2.0408524220143587,1.6644636859743718,Silent-Premium
-0.7194181172324863,-0.15364210961153607,Engaged-Premium
0.8739121646435914,0.6216389392046324,Silent-Premium
-0.5842014202220869,-1.3028388274688327,Engaged-Premium
-0.055982261766196834,-1.8398088133195845,Delivery-Disappointed
2.0469463111258754,0.9888879288162437,Engaged-Premium
-0.303563575184728,0.10569573109641492,Bulk-Buyer
0.4682322376260012,1.6521681763255476,Silent-Premium
0.6666412484656553,1.185329835352866,Silent-Premium
1.8977160161508484,0.36378924923637734,Engaged-Premium
-0.3941275549370466,-0.45854037826112337,Engaged-Premium
-0.9701985192893576,0.666539581363601,Budget-Regular
-0.044653009581445254,-0.02912753710224577,Bulk-Buyer
0.1360665947211166,1.3445664197844989,Silent-Premium
-0.3618775959709659,-0.03150667099406952,Silent-Premium
0.6276495945313135,0.5323129212279835,Bulk-Buyer
-0.45753507836613394,0.09020756734364709,Engaged-Premium
-1.6330415829284204,0.6722840406263076,Budget-Regular
-0.8469599588554964,0.36590351813864486,Budget-Regular
-1.0152391410028734,0.9933161299704809,Budget-Regular
-0.4459985125786442,0.15439372749860852,Silent-Premium
0.11098386644442683,-0.18189120627310779,Engaged-Premium
-0.9182526329760441,1.1217692717919536,Budget-Regular
2.959201099614587,-1.374699426281643,Delivery-Disappointed
0.49988201842600155,-0.3853626082464449,Engaged-Premium
2.634758532187906,-2.630277108603271,Delivery-Disappointed
0.22355373224732394,-0.6197418141161675,Engaged-Premium
-2.4423778324399668,-0.19505283206730564,Budget-Regular
0.13878927231235164,0.6226548072971528,Silent-Premium
-0.3854711345050899,0.10199559990670785,Engaged-Premium
-2.456580795824694,0.23557176031136184,Budget-Regular
-2.7481164495833594,-0.7307484588008888,Budget-Regular
-1.1995801904023102,0.5898196191339605,Budget-Regular
0.2835378085984149,1.0113751914963653,Silent-Premium
0.6437861904448894,0.2880780778359202,Engaged-Premium
-1.9760935420620482,0.0883888771568276,Budget-Regular
-3.1323493346541826,-0.1873978368948783,Budget-Regular
0.9163342992812514,0.07565912409181097,Engaged-Premium
-1.0169043887372533,0.3543006274976999,Budget-Regular
-2.2051357895185744,0.09403589617295496,Budget-Regular
-0.09905872181928452,0.868285679603456,Silent-Premium
0.2596560106257905,0.13812620920774593,Engaged-Premium
1.1261902695378851,-0.26124510012941965,Engaged-Premium
0.9490649200958514,0.8259390358078664,Silent-Premium
0.8548502294722916,-1.5864899209275547,Delivery-Disappointed
-0.25114858345427576,-0.574203117564171,Silent-Premium
0.772154101629104,1.2797289326628896,Silent-Premium
0.8788989651347582,-1.6375425154172296,Delivery-Disappointed
-1.0410124380589028,0.11486348568745268,Budget-Regular
-1.3960263401563975,0.6263994078927024,Budget-Regular
0.3640161605612915,1.151288080730804,Silent-Premium
0.9824316742156511,-0.4834617943057652,Engaged-Premium
-1.4528331984868919,-0.5250151504726083,Budget-Regular
1.6780545599812473,1.3458096133086748,Silent-Premium
-1.6607284865052363,-0.039068236948636925,Budget-Regular
-1.4978004406538261,0.030297093848092392,Budget-Regular
0.9848905687532283,0.41329842173078674,Engaged-Premium
0.8472502112212913,-1.342806348307309,Engaged-Premium
-0.619001940574118,-1.0398262071584772,Budget-Regular
1.4597715950204633,-1.3889666095575934,Delivery-Disappointed
-0.3519110356674632,0.7448349304418881,Silent-Premium
-0.9160135884433342,-0.7203076460408262,Budget-Regular
-2.8266841755794823,0.0746167658529735,Budget-Regular
-2.9853616057162817,-0.26487358542254436,Budget-Regular
-1.0444427449346076,0.5483809448996437,Budget-Regular
-1.2598009470542124,0.6531299109276427,Budget-Regular
3.146343928947707,-1.9271431444909664,Delivery-Disappointed
-0.6248755394549096,1.7683632160388165,Silent-Premium
1.051553460441112,1.368049760745452,Silent-Premium
0.6132164802626582,-1.5254832111041896,Engaged-Premium
-2.3545481342734074,-1.1275096701841867,Budget-Regular
-1.6919778468679458,0.23862750161149715,Budget-Regular
-0.4767547331885143,0.44805613739285277,Silent-Premium
-0.7202108607237271,0.8543033739426779,Silent-Premium
-0.13917102391324268,0.8976777488251225,Silent-Premium
0.6981298029148585,-0.40151319057022694,Silent-Premium
-0.44422090516258855,0.4381913783777672,Silent-Premium
3.5059861063018327,-3.798811326465338,Bulk-Buyer
-1.7442552528035986,0.9925331827084724,Budget-Regular
1.0244804616853351,0.3562785945344549,Engaged-Premium
2.672138746486233,0.5155284387808173,Silent-Premium
0.9471782932374058,-0.08271505665426751,Engaged-Premium
-0.6550306118737581,0.4677854130646466,Silent-Premium
1.0442959758897086,-2.0924391322697664,Delivery-Disappointed
-0.4920017025011575,1.227125316147535,Silent-Premium
-0.1314576543675313,0.9614377137732266,Silent-Premium
0.6476210928400574,0.037470077936410655,Engaged-Premium
-0.3507857289773898,-0.3323086022691199,Engaged-Premium
0.8624378662447377,1.4323529102471584,Silent-Premium
0.5116005113942225,-1.5721247954162916,Delivery-Disappointed
0.37989130229867524,0.5415822109804902,Silent-Premium
0.212461942755439,0.9984850532405644,Silent-Premium
-1.8031498978728777,-0.19927778875337807,Budget-Regular
-1.1895374115001351,0.7426935076561727,Budget-Regular
-2.506392411352074,0.4519617680026425,Budget-Regular
0.19107419637609607,1.2163318285456617,Silent-Premium
0.8089229854661357,-1.7609690546464223,Delivery-Disappointed
-0.06189099623787882,0.9627546151240496,Silent-Premium
0.8811446615336804,1.1175993768726462,Silent-Premium
0.4570301009771689,-0.15242929486746437,Silent-Premium
-1.383921999790789,-0.1815368505138601,Budget-Regular
-1.490419823716658,-1.5405229846246928,Budget-Regular
0.4363020152242094,0.09809678079575639,Silent-Premium
-1.7063118387576968,0.46580887589306713,Budget-Regular
-1.0768584020365155,0.5379699908850558,Budget-Regular
0.6868542682663048,-0.30602936217783283,Silent-Premium
-0.22953963939106312,0.4146043121329363,Engaged-Premium
-1.675429333551266,0.2925824081012226,Budget-Regular
-2.810693871819921,-1.3182406611091966,Budget-Regular
-0.4191042448273876,0.23178494369802466,Silent-Premium
1.823612339793947,0.7501716090310864,Engaged-Premium
0.2531539412367768,0.27768193332731994,Engaged-Premium
0.5757475826362187,-1.6924531712069382,Delivery-Disappointed
-0.7951838313171459,-0.8651058762957934,Engaged-Premium
-1.485088078236115,0.3823257850263313,Budget-Regular
0.3110468557949905,-0.16864158577290492,Engaged-Premium
-0.3784599770527818,1.0568784360147458,Silent-Premium
0.8542860399443792,-3.4795597316108386,Delivery-Disappointed
-0.11027181259056287,1.0893406312749419,Silent-Premium
-0.8988107258359338,-0.6746675921803759,Budget-Regular
-2.624758007910535,0.6438672495146214,Budget-Regular
-1.6889234294000997,0.5852134928052188,Budget-Regular
-0.017601228703958274,0.45601284351365057,Silent-Premium
-0.9504412990466062,-0.8293744530220688,Engaged-Premium
0.9916240291576963,0.46317494868763187,Engaged-Premium
-0.8787910568667677,-0.43302179960496107,Budget-Regular
3.0570501823012353,0.17709834099726904,Bulk-Buyer
-1.454720869586267,0.5158288597242606,Budget-Regular
0.24932782225630923,1.2241741591922077,Silent-Premium
0.36070853352040655,0.20151609182293242,Engaged-Premium
0.06346781271619477,0.08067645909706168,Engaged-Premium
-0.9824722685569593,-0.47514230295286763,Engaged-Premium
-0.2595641948781559,-0.1526203045773705,Engaged-Premium
-0.11517846470442973,1.1113092963364835,Silent-Premium
-0.9590707622423973,0.7496343263911877,Budget-Regular
0.26702423158076605,-2.8232551922245137,Delivery-Disappointed
0.44404330876548587,-1.5877458703874805,Bulk-Buyer
-1.8072721166781271,-0.5295277871742092,Budget-Regular
0.8697036106671764,0.8130546588964886,Silent-Premium
0.310854891029003,1.4452254684692467,Silent-Premium
-0.061063436979538394,0.6671944722878573,Silent-Premium
0.9500662365225048,-0.06260500932115934,Engaged-Premium
-2.5991461151935273,-0.8066919168724045,Budget-Regular
-1.3541593759160475,-0.5320971912139717,Budget-Regular
-1.0938046984415994,0.5842685389120033,Budget-Regular
-2.936960482219264,0.3940653452806048,Budget-Regular
0.23832805517046002,0.28916775668653955,Engaged-Premium
-2.374177124915146,-2.0761016933691936,Budget-Regular
1.252389308827765,-0.10922817691152617,Engaged-Premium
0.30752147455586076,1.1107271095421065,Silent-Premium
-1.4792154654523875,0.5664582277283619,Budget-Regular
-0.991406966995738,1.0372947273276854,Budget-Regular
0.18996533887574168,-3.999612961382136,Delivery-Disappointed
-0.4796403999694265,-0.23912007776583075,Silent-Premium
-1.0546748404179322,-0.20063379851150506,Budget-Regular
-0.9220316585675389,-0.16665518328032342,Budget-Regular
1.7015662372076208,1.365872101988192,Silent-Premium
-1.9082874980995148,0.7645501504284282,Budget-Regular
-0.2784194671086283,-1.3773748575899594,Engaged-Premium
-0.6763322806896431,1.829204230742488,Silent-Premium
0.8764584489825382,0.6448546857754155,Engaged-Premium
1.8077311090019423,-0.5488157018657551,Engaged-Premium
0.2257794517761653,0.4557331901372439,Bulk-Buyer
0.03675646835809885,0.27728217101695557,Engaged-Premium
-0.0679248015186671,-0.32206898256916333,Engaged-Premium
-1.3168161605894748,-0.49163777367892725,Budget-Regular
0.14886553122203003,0.6915330020329901,Silent-Premium
0.10097442529926777,-1.856277892778361,Delivery-Disappointed
1.8787340943070217,-0.12017299499938681,Bulk-Buyer
-3.5413137217883963,-0.5355857089715035,Budget-Regular
0.753288735654631,1.986508040745399,Silent-Premium
1.4536649002308377,-2.426204389870444,Bulk-Buyer
0.8055543687443728,0.7478337913532098,Engaged-Premium
2.4916235017489106,0.4476060831251742,Engaged-Premium
0.38927154767485866,-0.8894705842801044,Bulk-Buyer
-0.20131741077854468,0.7204615949502542,Silent-Premium
2.1473351972583017,1.4669802489857795,Silent-Premium
0.16376688178615356,0.904143759423189,Silent-Premium
-0.8533949790688421,0.6624104218349376,Silent-Premium
0.7959572213125597,-0.04064647807329537,Silent-Premium
0.3949826904494167,-3.0909188003009627,Delivery-Disappointed
-0.3531743873630193,0.5984212389574746,Silent-Premium
0.579249070931148,0.3388248787930621,Bulk-Buyer
1.6356929005903853,0.8441716822316672,Engaged-Premium
-0.7131634037712564,0.9029450163671405,Silent-Premium
-2.7358908340285235,0.1284571774212726,Budget-Regular
0.12754438967924503,1.050386857537281,Silent-Premium
0.7182772283820579,1.6244755912002464,Silent-Premium
-0.5581687114241166,-0.5035653810581455,Budget-Regular
-1.271568822468078,0.5082931866917906,Budget-Regular
0.049823162544488896,0.4814306779419597,Silent-Premium
-0.06874499516116382,-0.6235268406089398,Silent-Premium
0.8486443276190998,1.4961757375947093,Silent-Premium
0.3868749543061179,1.3886994599956974,Silent-Premium
-0.9310731960028348,-0.1198123440501124,Engaged-Premium
-0.49281246147159413,-0.5287828574422263,Engaged-Premium
-0.8988089871980222,0.8780230970100315,Budget-Regular
0.48463251470662216,-0.25696048182725656,Engaged-Premium
0.26891577494761437,-0.04302604187989241,Silent-Premium
0.9590298362503309,1.0049377654081573,Silent-Premium
-0.38408044278873316,1.0526578039085854,Silent-Premium
1.40706064370165,-0.023194559520889557,Engaged-Premium
-0.7846978456945942,0.8326965180655858,Silent-Premium
-1.8153603960753166,0.021169202786105512,Budget-Regular
-0.43797873148607425,-0.32301714914013935,Bulk-Buyer
1.2945551105489503,-1.5849006746891718,Delivery-Disappointed
-1.5243875484550333,-1.170044155839449,Bulk-Buyer
-0.3846467633456057,0.6945221675803993,Silent-Premium
-1.8179656374230735,-0.014395729652769258,Budget-Regular
-0.3221488138221441,0.036903267678121195,Silent-Premium
0.2422588291549297,1.3529190610374715,Silent-Premium
-1.2230395278997603,0.3905853280125536,Budget-Regular
0.5090826014786907,0.8018114485992017,Silent-Premium
-1.5268406770844072,-3.364708674004096,Delivery-Disappointed
-1.659393766927165,-0.9948470531728855,Budget-Regular
-1.693868257648955,0.43541050394518216,Budget-Regular
-0.7750116807508812,0.6566449846182383,Silent-Premium
-0.22948258128466517,-2.4982297093256123,Delivery-Disappointed
0.8970163815494586,0.06324076708318137,Engaged-Premium
0.16685811337995193,1.5065316480532247,Silent-Premium
-0.30591237028784235,0.8174233094801064,Silent-Premium
0.7756954267113557,0.20550993282695695,Silent-Premium
-1.3231235478720067,1.5397466994155775,Budget-Regular
1.751296708605343,-1.933512394494506,Bulk-Buyer
1.0834882263119447,1.4998593410284136,Silent-Premium
-0.16739612337100468,-0.2957951439785156,Engaged-Premium
-1.609339785671253,-0.0034548204687462826,Budget-Regular
2.921041725085628,0.23324648444998788,Engaged-Premium
-2.156884968142083,-1.120032950656888,Budget-Regular
2.0575748446441473,0.9878828075595272,Silent-Premium
0.6345912982267119,-3.239238434937668,Delivery-Disappointed
1.2002269465373219,1.638220975554917,Silent-Premium
-3.145627841651124,-1.5179213682579609,Budget-Regular
0.28041316526830873,1.0727988133009996,Silent-Premium
-0.7364550623336643,-1.065811986034965,Delivery-Disappointed
-1.2688901372820411,-0.49977384678488335,Budget-Regular
-1.3009320659156591,0.4511970981007241,Budget-Regular
1.1840031124733728,0.5888123551722269,Engaged-Premium
1.3676377253063299,0.3071189865172445,Silent-Premium
1.24407865491499,1.791482543150162,Silent-Premium
2.206798998992621,-0.33741105813178873,Delivery-Disappointed
0.04052010353046894,1.1677847195423467,Silent-Premium
0.44107383347300233,0.16128167807588661,Engaged-Premium
-0.2796217757106731,1.1506537922977582,Silent-Premium
1.9027916652419348,1.9976144929599182,Silent-Premium
0.7193744328257257,-0.444763915200448,Bulk-Buyer
1.162806557914988,-0.791341312469751,Delivery-Disappointed
-0.5215668274911884,0.8658160304446793,Silent-Premium
0.8502362859384578,0.4038933760533659,Engaged-Premium
0.5783623315585877,1.4855370933477041,Silent-Premium
-0.14310620374616434,0.23914498234898746,Silent-Premium
0.1264173863169764,-0.222450831417527,Engaged-Premium
1.5813605047384287,0.973564514822311,Silent-Premium
1.4716088608112003,1.6421498034656195,Silent-Premium
1.8333504382783987,-1.552726812515469,Delivery-Disappointed
-3.1503941406139466,-1.546073570042357,Budget-Regular
2.2404883854280864,0.8944988516529992,Engaged-Premium
0.5840526078617859,0.8900103251431728,Silent-Premium
1.9131748584892851,-1.601179378119886,Delivery-Disappointed
0.8860690689191512,1.2059023533969437,Silent-Premium
-1.242144130742285,0.603517329927812,Budget-Regular
-1.0041224927846777,-0.4829232335760846,Engaged-Premium
1.2555941088960745,0.3516711928690335,Engaged-Premium
-1.0092542232295183,0.7116925780600424,Budget-Regular
-0.18424518965792666,0.7538480574473849,Silent-Premium
1.4041459974271984,-2.7079631721017976,Delivery-Disappointed
1.9413382415747977,-2.049813343383635,Bulk-Buyer
1.6304279384432736,-1.341904859775551,Bulk-Buyer
-0.9823621247199618,0.6902223579250173,Budget-Regular
-0.311173319481282,-2.9076689886726883,Bulk-Buyer
1.4007662841682011,-2.0969277535999344,Delivery-Disappointed
-0.3788420958460612,0.5284592699153444,Silent-Premium
0.08336859725008484,0.33008544534856443,Engaged-Premium
-1.894474349561192,0.4700559591009223,Budget-Regular
0.7082900481628912,-1.0816217549540184,Engaged-Premium
-0.061910060078813334,0.8139678455039749,Silent-Premium
0.7383934190058498,0.8242966778219193,Silent-Premium
2.1672320219397787,1.815242134207002,Silent-Premium
-0.6774804006081164,0.3878232978935551,Silent-Premium
1.578278264539291,1.1232997636364819,Silent-Premium
0.5674226580390563,-3.287621413689656,Delivery-Disappointed
0.9825683576499467,0.8974067273692765,Silent-Premium
0.8248170333521573,-0.5830958454985177,Delivery-Disappointed
0.3229900072670874,0.5105348709771191,Silent-Premium
1.3598770586775941,0.25394166029392173,Engaged-Premium
-0.5724253523522705,-0.12154089730543916,Silent-Premium
-2.234903289619329,0.23658102270050108,Budget-Regular
1.0525558262832155,1.483424351839444,Silent-Premium
-2.172809270987612,0.3597521467237916,Budget-Regular
0.8145153327889404,1.540820646293397,Silent-Premium
1.504713585325552,1.6552606720953755,Bulk-Buyer
1.1239783446807319,0.8677282827656687,Silent-Premium
0.5338533613933595,1.5359109574723964,Silent-Premium
0.038283878420158644,0.055421701811311744,Engaged-Premium
0.022429603368493835,0.9305523313737235,Silent-Premium
0.4332527667213353,0.12663812413703615,Engaged-Premium
-1.5696663288047572,0.10666046917884235,Budget-Regular
1.2331403441214515,1.7543590265711044,Silent-Premium
2.2299336989806733,1.9211551791360917,Silent-Premium
-0.972911090893071,0.284456870138766,Budget-Regular
0.8392551655159941,1.193591005831124,Silent-Premium
-0.16844785405558513,-2.4407959271129873,Delivery-Disappointed
0.5385805990680367,0.3415317448208398,Engaged-Premium
-0.41693937542830817,0.228030743545328,Silent-Premium
-1.1973209047544893,0.1125575447509278,Budget-Regular
-0.6092279570054955,0.32638078614391225,Engaged-Premium
0.3544120524179711,1.434542201530955,Silent-Premium
-0.5682759736629054,-0.5294398391090038,Budget-Regular
0.44858491456361055,-2.4168558150084776,Bulk-Buyer
-0.9180431519084717,-2.2442065693528863,Delivery-Disappointed
1.2576300007970047,-0.043648341006248384,Engaged-Premium
-0.4236565648183103,-0.5239118562937594,Engaged-Premium
0.22159991905039977,1.4682276082773895,Silent-Premium
-0.7866243381273532,1.1515926472968785,Silent-Premium
-2.544987209596719,0.1364934103282343,Budget-Regular
0.7466327005163992,0.7954850696045214,Silent-Premium
1.1737628310025539,1.8604694063725837,Bulk-Buyer
0.016843873843720044,0.09049058453254769,Silent-Premium
-0.2604142467872036,0.5194475947111851,Silent-Premium
-1.3014426579575786,-1.7379797517087556,Budget-Regular
1.22118174586448,-2.3720896992917284,Delivery-Disappointed
1.5778289186939243,-2.673529599761774,Delivery-Disappointed
0.014453915886997898,0.9904446435342277,Silent-Premium
-0.021915700578262084,1.4392946956610184,Silent-Premium
0.23619591922719452,1.4708315401265533,Silent-Premium
-1.6932432510363264,-0.6994581497194341,Budget-Regular
1.50221782300452,0.39499875591296213,Engaged-Premium
0.48984589973380577,-2.1509226018827787,Delivery-Disappointed
-0.6514878139770849,0.3528240214597006,Silent-Premium
1.7700650562988074,-1.9953912804315388,Delivery-Disappointed
-0.28705907563370653,1.0382247911208777,Silent-Premium
2.3015014362907094,1.0571195748397046,Engaged-Premium
-0.15218731875994201,-0.11444515328494681,Engaged-Premium
-1.0037707688140272,0.09336042550471466,Bulk-Buyer
-1.9237403337059902,-1.9393659089509223,Budget-Regular
-2.587826154024234,-0.4689473604030914,Budget-Regular
-0.14907086583657347,0.13350277720100936,Engaged-Premium
-0.46145602552887793,0.7094098982808995,Silent-Premium
-0.670774694192454,0.3341624054693315,Silent-Premium
-0.12396639882878999,0.18910424669709158,Engaged-Premium
-0.6377031639598122,-0.022983942888998375,Budget-Regular
1.6289933202107973,-1.7239196009093847,Delivery-Disappointed
0.619989915842679,1.6569041055465739,Silent-Premium
0.48522353552571884,1.3395591482135594,Silent-Premium
0.2885087519779905,0.2744239554314581,Silent-Premium
-0.2670456851480532,-2.874339431988702,Delivery-Disappointed
-1.443021512284488,0.7428771802445999,Budget-Regular
-2.152177022146145,0.012677284425577598,Budget-Regular
-0.5687613719565389,0.872364719089975,Silent-Premium
-1.7856583901548404,-1.3258403671254324,Budget-Regular
1.312493695017348,-1.1646842927312056,Delivery-Disappointed
-1.3036088581252885,0.5529954155577346,Budget-Regular
1.64698760878071,0.4847608276286901,Engaged-Premium
0.45477704639968364,0.9403909231913988,Engaged-Premium
0.027366504937473,-0.6295759296002746,Engaged-Premium
0.6370028879548594,0.11945798365186602,Silent-Premium
0.4006396125671155,1.265355117957751,Silent-Premium
-2.1761000507890236,-0.7826013172804083,Budget-Regular
-0.5747325879392887,-0.1591634570334855,Engaged-Premium
1.9102240868969982,-1.6817437615201303,Delivery-Disappointed
0.5325035266781096,1.1393239106723183,Silent-Premium
1.4243726734712843,-1.1472365062497762,Bulk-Buyer
-2.0659221176395453,0.24764318135559832,Budget-Regular
-0.002646752909472074,2.172168606932559,Silent-Premium
-1.19755270353848,0.22404653843051356,Budget-Regular
-0.5755646642619813,0.403237515951448,Silent-Premium
0.47899418533500737,0.869721816156906,Engaged-Premium
0.08025328185975612,-0.24544228304443386,Engaged-Premium
-0.05308578490504737,1.15204014317172,Silent-Premium
0.46813894923505184,1.6001011559228955,Silent-Premium
-0.9475130142420506,1.068745971405142,Silent-Premium
-1.5953359528983286,-1.8973298672810108,Budget-Regular
0.9279244577562813,1.367408302050286,Silent-Premium
3.1363019429823638,-1.9971080207715104,Bulk-Buyer
0.735169951603755,0.30184207163678983,Silent-Premium
1.5173006998582836,1.2132238333898917,Silent-Premium
0.6257374080505504,0.3524408966186421,Engaged-Premium
0.7810405791301067,-0.44398754289609377,Engaged-Premium
0.039476267000328254,-0.10786846051899071,Engaged-Premium
0.9995469528359335,-2.002962325060006,Delivery-Disappointed
0.7968902890747598,-0.36669353839824026,Bulk-Buyer
1.8082340822863667,-3.06977331933607,Delivery-Disappointed
1.4252452175775852,0.05813967976793702,Engaged-Premium
0.9119874440763819,1.1910717292440527,Silent-Premium
-0.30280127121233713,-0.25075149287569054,Engaged-Premium
-1.2712861747722999,-0.1640436527150149,Budget-Regular
0.038801985847707145,-1.9395787380034963,Delivery-Disappointed
-0.7562119033443593,-0.1642280130455663,Budget-Regular
0.891448519492407,1.240935974550244,Silent-Premium
-1.5718513990948269,0.7575899627694214,Budget-Regular
-1.1582014879041536,0.4509801929911206,Budget-Regular
1.93738089431271,0.8020878475509212,Engaged-Premium
0.9385444722669427,1.2788933625496652,Silent-Premium
0.21558381983558128,0.7702432194361408,Silent-Premium
1.0044904340493752,-2.264252724033795,Bulk-Buyer
0.7356475160410869,0.45017559043359856,Silent-Premium
0.34845970692488587,0.8850963086371417,Silent-Premium
-0.8193467110625701,-0.9708604000572544,Bulk-Buyer
0.4592443740843669,1.0879447401072555,Silent-Premium
1.142448887527324,-1.3357463559769551,Delivery-Disappointed
-0.36035207703995337,1.0164394910084658,Silent-Premium
-0.5150934264294242,-0.19688936486762001,Engaged-Premium
-2.4948526296848104,0.2761378466878748,Budget-Regular
0.6444905977425783,0.916982358855767,Silent-Premium
-0.4416457624425309,-0.24569254042379543,Engaged-Premium
1.3562411754428787,0.502572514323494,Bulk-Buyer
0.23583209603060856,-0.28318301459954714,Engaged-Premium
-0.18515717734735337,-2.258055266358538,Delivery-Disappointed
0.45809214031655854,-1.3853181295818648,Delivery-Disappointed
-1.0748553253689943,-0.15474551097748304,Engaged-Premium
-0.5412566477889181,-0.22455712422560922,Engaged-Premium
-0.5106920183047995,0.06796751255659196,Engaged-Premium
1.4303057941444397,1.3054611363260598,Silent-Premium
1.9555776347285743,-2.5722999037640917,Bulk-Buyer
0.40985108413357085,0.7144980891566477,Silent-Premium
-2.63024981630188,-1.2518183944297285,Budget-Regular
-1.1335456728075133,-0.18180712969704438,Budget-Regular
1.7466874771805188,-0.3686925557622445,Bulk-Buyer
0.9338913436209952,0.8717725996535812,Silent-Premium
-0.43782422646955227,-2.9254523566158146,Delivery-Disappointed
-2.724683716560951,-3.174554774080692,Budget-Regular
1.945240639831762,0.8092044441018021,Engaged-Premium
0.2160432247885936,1.3757103285826144,Silent-Premium
0.23898879972805231,1.2186212162718524,Silent-Premium
3.324745180524412,-1.018041352669948,Delivery-Disappointed
0.175947572336891,-0.10078698602052324,Engaged-Premium
0.0007217749487036328,0.9086621508052214,Silent-Premium
0.17199351714057884,0.6954089049268505,Silent-Premium
1.1619980701308932,0.40031911076168325,Engaged-Premium
0.18281329262055895,-1.7233151356292509,Delivery-Disappointed
2.5864155886532005,-1.7340097589479613,Delivery-Disappointed
-0.44472604479122474,1.321306833862397,Silent-Premium
-0.9726559424573192,1.0590674774905822,Budget-Regular
-2.962747107528641,0.14067359894641987,Budget-Regular
1.121989006024994,0.5361088116478001,Bulk-Buyer
-3.2095394648473228,-0.5385611753944295,Budget-Regular
3.0013770728680056,1.1136323710105254,Engaged-Premium
-0.740723147394459,-2.797366808045613,Delivery-Disappointed
0.4512251178232973,-0.35522901702199594,Bulk-Buyer
-0.16664154879093773,0.3930352070477761,Silent-Premium
0.7780228242045173,-0.05651948869414758,Engaged-Premium
0.7438702837526376,-2.799730926710195,Delivery-Disappointed
0.31095830816091247,-0.9416244120458934,Engaged-Premium
-1.104085401809165,-0.2896275349483903,Budget-Regular
2.091038212736591,-1.0909554518290212,Bulk-Buyer
0.5233835418962505,0.46244842543311976,Silent-Premium
-1.880784655620444,-1.4018030675877016,Budget-Regular
1.0802512466986933,-0.6982520403835303,Engaged-Premium
0.4269816669067146,1.1781053641224757,Silent-Premium
0.5424045184345945,-1.0409853531685025,Engaged-Premium
0.6591957734869126,0.03281589915363034,Silent-Premium
-2.7883370331476747,0.5301771494429353,Budget-Regular
0.5518440627825733,-2.463708271606994,Delivery-Disappointed
-2.393661370787904,0.1764296819067779,Budget-Regular
0.5271682389109854,2.2993450264770083,Silent-Premium
-1.145979045971481,0.04433553219210578,Budget-Regular
2.7912779556273315,1.8524647148749798,Silent-Premium
-2.994666589178736,-1.2498818442638981,Budget-Regular
0.8012081967761636,-1.3764264190645397,Delivery-Disappointed
-1.1838598856089317,-0.19502130084046818,Budget-Regular
2.525825151663258,-4.654931162142106,Delivery-Disappointed
-0.5836579360180744,0.1831180723800914,Silent-Premium
2.223877054460294,-0.007458176840545415,Bulk-Buyer
0.6832738111133864,0.3355604258980019,Engaged-Premium
1.0451243298270712,-1.5593345077511378,Bulk-Buyer
-0.0884422038026536,0.303361434076983,Engaged-Premium
-0.34360355480121496,1.4453921635565359,Silent-Premium
-1.2873290439987317,-0.680347157084897,Budget-Regular
1.1955061905952566,0.7882483290923886,Silent-Premium
-0.3130827408907432,-0.3688408349862985,Engaged-Premium
-1.0306885572666113,0.645589971430602,Bulk-Buyer
-1.5013641700540128,0.46148901627938715,Budget-Regular
-0.2582156617785567,0.3293236528987251,Silent-Premium
1.6742634660558953,-2.026809382195251,Delivery-Disappointed
0.6984100702121967,-0.1674309004191341,Engaged-Premium
-2.2442643683592185,-0.9861417336140237,Budget-Regular
0.8128877946057363,1.1472186532472748,Silent-Premium
-0.3510719062524132,-0.05377608702509869,Engaged-Premium
-1.1451236416818942,0.7944926724244488,Budget-Regular
0.15614202184823664,1.3928608260769455,Silent-Premium
-1.0401968210853383,-3.5789118943186224,Delivery-Disappointed
-0.40223317958778065,0.40333494501077183,Silent-Premium
-0.575868225700016,-0.864021954156073,Engaged-Premium
-0.34590063538989196,-2.3376402763786057,Delivery-Disappointed
0.49675876583729883,-0.9019102359995244,Engaged-Premium
0.589952239547951,1.242636386593352,Silent-Premium
0.8172432912316293,1.6327147805772426,Silent-Premium
-0.9990770078041682,0.7088665405753032,Budget-Regular
2.3520568193195497,0.30922500749396375,Bulk-Buyer
0.042838233072281996,0.9179649684990083,Silent-Premium
0.12034240195734362,1.2381434627928567,Silent-Premium
-0.09317139681029153,1.8597914581373733,Silent-Premium
0.1359636606024496,1.1377056300961226,Silent-Premium
2.128961984806881,1.5186051239160057,Silent-Premium
1.520458757086719,1.0434545414740597,Silent-Premium
1.188822353628597,1.4987637218055894,Silent-Premium
-0.9141208756497332,-0.065310703507794,Engaged-Premium
-0.5158616934474197,0.9742024685265789,Silent-Premium
0.5121396298355375,1.4483478999114179,Silent-Premium
-0.017719424206409203,0.24303909741725244,Silent-Premium
-1.088129467012952,0.986570075476246,Budget-Regular
0.41663391008854633,-1.906126693868035,Delivery-Disappointed
0.7442746259089341,-2.6234005152042705,Delivery-Disappointed
0.5517980362083368,1.4493617337027818,Silent-Premium
-0.008987255878867449,1.1786096149713297,Silent-Premium
0.4426612501151014,0.8966094587156066,Silent-Premium
0.3661580621948448,-0.49275554856307335,Engaged-Premium
1.6735423048149527,1.3099818872728184,Silent-Premium
1.9575205962969122,0.6921578759729091,Engaged-Premium
0.23943919410637593,1.0976140071579656,Silent-Premium
-1.92910784500115,0.2483352560706772,Budget-Regular
-1.505175841508812,-0.6667959992412638,Budget-Regular
4.831003663282783,-2.838136836727126,Bulk-Buyer
-0.6602749097566086,1.041145911944524,Silent-Premium
0.04060383087872554,1.2285537004161462,Silent-Premium
2.6375536138613285,0.8426966347850213,Engaged-Premium
-3.630925139593119,0.2802726767215942,Budget-Regular
-0.6154844242712388,-2.394672490827974,Bulk-Buyer
-0.8694130548712958,-0.28227571123437606,Budget-Regular
-1.9684793718916564,0.5152526081916252,Budget-Regular
0.8891223612186724,-2.6903069343842363,Delivery-Disappointed
-0.798345822423626,1.2414792478843735,Silent-Premium
-0.03379305950824818,1.0329381953287473,Silent-Premium
0.8155037742801144,1.3502409240631983,Silent-Premium
-1.951860157713252,0.34746222005779964,Budget-Regular
-0.05335947969021229,0.1486933336688198,Engaged-Premium
-1.0173988190210341,-0.06710105028428387,Budget-Regular
-2.075225923468938,0.14426785734379544,Budget-Regular
-0.51167634345501,0.7003641845902925,Silent-Premium
0.5412012338444097,-1.0786537304983175,Engaged-Premium
-0.6657914360791967,0.6889509888139783,Silent-Premium
0.2182473530488213,-1.503953426226076,Delivery-Disappointed
0.7958800718673962,1.5741159646423657,Silent-Premium
1.7300341471864704,-0.38742945257205086,Bulk-Buyer
1.5470918654329193,1.370478017087949,Silent-Premium
-1.1738623420534702,-0.5811701319880712,Budget-Regular
-0.09278443531459447,-2.29646180668924,Delivery-Disappointed
-0.8998372389146987,-1.0139942113218436,Engaged-Premium
-0.8904441477407339,0.13206119018401827,Budget-Regular
-3.446831517976603,0.004365656257287624,Budget-Regular
0.9952839414199806,-0.6997645210576191,Delivery-Disappointed
-0.959945529040036,-0.18570202834313138,Budget-Regular
1.113340249323412,-0.9228085837663759,Engaged-Premium
2.0738745727593937,0.21753435136537913,Engaged-Premium
1.7680796824119904,-2.8861333085160443,Delivery-Disappointed
-0.12031142773033199,-0.26731394685903576,Bulk-Buyer
-0.4201510824166515,0.9441825941220416,Silent-Premium
2.993540714794965,-1.695744753685157,Bulk-Buyer
0.5455514142985678,0.03504401518392744,Engaged-Premium
1.7923508179840026,0.29687158985364914,Engaged-Premium
-0.2122195113546381,-0.40280271917337107,Silent-Premium
-0.7571068282836715,-0.44843961941765387,Engaged-Premium
0.8025714708030354,1.0928784413935753,Silent-Premium
-0.9708125119931064,0.15765683111505896,Budget-Regular
-0.19597660403193698,1.275715436019979,Silent-Premium
0.19627889178396485,0.9558092053145064,Silent-Premium
1.0800608428458458,0.35316909956764536,Engaged-Premium
0.6351565587841087,1.0343382838775348,Silent-Premium
0.40410611013219017,-1.8210146616540712,Delivery-Disappointed
0.44196924346644995,0.9693225336439953,Silent-Premium
-1.750095136079073,-1.6658805652192117,Budget-Regular
-3.1993791958624134,-1.4272393387838251,Budget-Regular
1.1638226259667168,-0.2593652572165604,Engaged-Premium
0.3999790040557038,-0.19564253694070424,Silent-Premium
-0.1246046487040245,-3.038398540997557,Delivery-Disappointed
0.440863516190936,-0.49289676354162026,Silent-Premium
-1.4168673551015707,0.3690102625355717,Budget-Regular
-1.4201821472485043,-0.818285661056216,Budget-Regular
0.8011523396713316,0.9731359523826939,Silent-Premium
1.3701937842271246,1.5112721655790278,Silent-Premium
-0.9433346908643178,-1.6494852258033752,Engaged-Premium
-1.0148384127996533,0.8864862975499189,Budget-Regular
1.6278965689589777,-1.3808028859757977,Delivery-Disappointed
-0.3217768683436335,-0.17731674798570618,Engaged-Premium
-0.26522827821499223,0.46884694761304224,Silent-Premium
-0.7210570182614042,0.5107884287309107,Silent-Premium
-0.7491878985393013,-0.013960053626801201,Budget-Regular
0.13327776860956034,1.167198188655844,Silent-Premium
-0.32308823166382905,-1.0368867234422043,Engaged-Premium
-1.732178132774242,-0.5826964394490067,Budget-Regular
-2.7128751264752498,-0.15826666028041267,Budget-Regular
-1.6656534954806699,-2.6992348949586193,Delivery-Disappointed
0.26463344987115217,-0.8064266275731313,Delivery-Disappointed
-2.4586899663636514,0.26250548084603614,Budget-Regular
1.7163034137922384,1.1248178110029974,Silent-Premium
-0.38641777009694933,0.2805005416284293,Bulk-Buyer
-1.578619505457643,-0.4499376387475038,Budget-Regular
-0.47291364806797004,0.9262296683742328,Silent-Premium
-0.46395617699667324,-2.63195080626159,Delivery-Disappointed
3.120229215308826,0.5108432749465732,Engaged-Premium
0.6714999374525229,0.2743601048044231,Bulk-Buyer
-0.4851913413068771,-1.522972867519169,Delivery-Disappointed
0.7785422636141134,1.3961391245205697,Silent-Premium
-0.6142094450018576,-0.02706430152198016,Silent-Premium
-0.058187667733172244,0.642591344128298,Silent-Premium
1.0868606694776741,-0.37555717346921486,Engaged-Premium
2.64334285294681,0.7206449246046956,Engaged-Premium
-2.8394159720196694,-0.05035477949483677,Budget-Regular
1.4110847160494504,0.6184037189670808,Engaged-Premium
2.971128097396741,0.8151005350481986,Engaged-Premium
-1.2711170612638536,-0.12749880350883988,Budget-Regular
-0.36488876819464694,0.9483960550997916,Silent-Premium
0.2580462418343433,-0.8052841087914753,Engaged-Premium
-1.8106082719947358,-2.124164698331046,Budget-Regular
0.3021270901634549,0.26911264815249913,Silent-Premium
1.9505833040591518,1.4527631678381712,Bulk-Buyer
2.079091112843908,0.9547883999292609,Engaged-Premium
1.7214533103490133,-1.941740387149532,Delivery-Disappointed
-0.374123051888716,-0.048681153380162115,Engaged-Premium
-0.45696526745576327,0.9715773021888086,Silent-Premium
-0.9637277427474722,-0.04367132931015813,Budget-Regular
-0.4162024456085787,0.30756263175845144,Silent-Premium
-0.7061195389050171,0.6473869489213805,Silent-Premium
-0.8493536366746529,0.805088667845411,Silent-Premium
-2.230437870844163,-1.5664202454286567,Budget-Regular
0.5615897920432342,1.1406977016893547,Silent-Premium
2.1148945426762134,1.8427352584744048,Silent-Premium
-0.29684216134332836,-0.9315312841404281,Engaged-Premium
1.049987641773198,0.1335373718752399,Engaged-Premium
1.6222879340314231,0.2619216555977923,Engaged-Premium
1.0834131672178118,0.731922942552902,Engaged-Premium
-0.5996179060648233,0.8543597145685189,Silent-Premium
0.9327308833802233,-0.239557017662458,Engaged-Premium
-1.4699614038676532,0.5881449340401099,Budget-Regular
-0.2279773551536851,-2.4522270345844337,Delivery-Disappointed
-2.714681700178107,-0.09691308806053797,Budget-Regular
0.5521216064878801,1.3981712276601597,Silent-Premium
0.35074430954505265,0.9695845497562896,Silent-Premium
-0.6699103968268549,0.5641476632402554,Silent-Premium
-0.23936314553415444,0.6800759885125347,Silent-Premium
-0.22305212373597244,0.0641599045268484,Engaged-Premium
-2.8790587131305934,-0.2653031944071256,Budget-Regular
-1.1933181508336281,0.8991861060813332,Budget-Regular
-0.41142606461103104,-0.5175440038344584,Bulk-Buyer
0.5595012084023961,1.7374253754092548,Silent-Premium
0.07501130759438752,0.9313274612589268,Silent-Premium
1.1525833399773873,-0.22906258583344632,Engaged-Premium
-0.7584011074738073,-1.4149199175632106,Engaged-Premium
-0.18495825708386288,-2.513895108018438,Bulk-Buyer
0.3750337094090114,0.3642152639297458,Bulk-Buyer
-0.8784083769994344,1.0689475949355616,Silent-Premium
0.7800729186816132,1.5567146099645015,Silent-Premium
2.4788513473374505,0.06531384413827432,Bulk-Buyer
2.024179303018174,1.1394866117972722,Bulk-Buyer
0.8750082322319532,1.017487563277334,Engaged-Premium
1.8419412552255192,-2.56477541682629,Bulk-Buyer
0.4608637937743293,1.5242976170038767,Silent-Premium
-1.3470257880583043,-2.420446965490507,Delivery-Disappointed
-0.8767581498916974,0.04124655693518074,Budget-Regular
-1.867369537261801,-0.013847408309683236,Budget-Regular
1.0066587666505453,-2.0884702410195106,Delivery-Disappointed
-0.01298529373394943,0.9058858217707776,Silent-Premium
-0.5010698814380118,0.3327331768218593,Bulk-Buyer
-1.2955852721490166,-1.0997356762679147,Budget-Regular
2.3189574632111825,-1.656170734012399,Delivery-Disappointed
-0.1211817108939606,-1.1412693051941385,Delivery-Disappointed
0.104241954715716,1.0068511321816278,Silent-Premium
0.8598199595312205,1.1108565040268557,Silent-Premium
1.7553521431316277,0.8571965687763857,Engaged-Premium
0.278138963100627,0.6844339560676976,Bulk-Buyer
-2.8718003569287767,-0.06099644776925242,Budget-Regular
2.033723202610349,0.6241969719957345,Engaged-Premium
-0.26013316129207287,0.982423925502761,Silent-Premium
-0.5391113279428744,1.3436708416095327,Silent-Premium
1.8574250790625833,1.4569648188281652,Silent-Premium
-1.7968687018089402,1.2940081229619227,Budget-Regular
-0.594551004666268,1.066390162622133,Silent-Premium
-0.3467731036852405,1.0409323858865396,Silent-Premium
-2.373472619108086,-0.2751417549852781,Budget-Regular
0.5736726387907413,-0.41573784507211536,Engaged-Premium
0.6036646125749174,1.3872160175758783,Silent-Premium
1.2102996287321715,0.36406830865634265,Engaged-Premium
-0.8777104267517631,1.7257352520272649,Silent-Premium
-1.496812555367747,-0.11515967061802995,Budget-Regular
-1.7156688867760355,0.9019771732934859,Budget-Regular
2.925926103720758,-2.438235090943596,Delivery-Disappointed
-0.525910892082378,-0.1884158334769089,Engaged-Premium
-0.5934598025571723,0.09992690217503039,Engaged-Premium
0.14349989755141607,0.36210969878621024,Engaged-Premium
-2.0922820399649678,0.5475605743804076,Budget-Regular
-1.7019253814591018,-1.8126804513422414,Budget-Regular
0.05271329969264978,1.001215870535247,Silent-Premium
3.383025848217006,-3.175719495186675,Bulk-Buyer
0.9110949484285361,0.483290311794275,Silent-Premium
0.8728181350952805,-0.1566157641949529,Bulk-Buyer
-1.0718683876993533,-1.1795552567704295,Budget-Regular
0.036080222070521674,-0.12550714703014457,Silent-Premium
2.1450733393630124,-1.661123064061278,Bulk-Buyer
0.18856283402404217,0.00017537412050016413,Engaged-Premium
1.263574141137487,0.7672485451375507,Engaged-Premium
1.8057480492960665,0.5797851647631852,Engaged-Premium
-1.3977534523253647,1.2412470282154897,Budget-Regular
-0.4498037937312396,-0.49962650454428204,Engaged-Premium
0.8223310071172172,-1.0003814652383904,Bulk-Buyer
-0.20302877138171824,-0.4481385956625136,Engaged-Premium
-0.5047908303900038,1.1677423278992616,Silent-Premium
0.44098593682656884,-0.501274442578646,Engaged-Premium
-0.7171734390953046,-0.6202431030141853,Engaged-Premium
-0.19991415603006638,-0.737059339055076,Silent-Premium
2.5530374677637857,-1.1413907944097752,Engaged-Premium
1.5308541603108745,0.7741794883435187,Engaged-Premium
1.2866609231623776,-0.2104610796240509,Silent-Premium
2.0177742654792814,0.8394732581074641,Silent-Premium
1.4349427789511497,0.4656565431870681,Engaged-Premium
1.5781354605440832,1.2918240645005954,Silent-Premium
-2.371233208248904,-3.3982919512969243,Delivery-Disappointed
-0.19052472993341296,0.9506305521667551,Silent-Premium
0.07466196384375574,1.5491171091864404,Silent-Premium
-1.582146578811031,0.1289166653680296,Budget-Regular
0.9447048706656456,0.9758299827417856,Silent-Premium
-1.8664060445403452,0.5076691379917536,Budget-Regular
-1.6313196160491885,0.7410879991313054,Budget-Regular
0.45311479341480065,1.2124677963414197,Silent-Premium
0.3653196291112032,1.2112413694383637,Silent-Premium
1.8580710073249844,-0.33161857700962827,Bulk-Buyer
1.5296822177617422,0.6328063066145396,Silent-Premium
0.23723251417620894,1.1213725544298678,Silent-Premium
1.3895136709696159,-1.0978207818567476,Delivery-Disappointed
1.8011495411013538,0.30407249089352695,Silent-Premium
-1.6745664706558083,-1.0668447951585835,Budget-Regular
1.5877674452143786,0.13527793561721865,Bulk-Buyer
-0.2227618155814074,0.9167974249722411,Silent-Premium
1.877765249069206,0.8975571862331176,Silent-Premium
0.13757743538054704,0.43386744100583663,Engaged-Premium
1.552292458141145,-0.2447866174023918,Bulk-Buyer
-2.141407444455311,-0.9705497670589724,Budget-Regular
-1.5423066424154113,0.37817242401284173,Budget-Regular
3.187765605144111,1.3631960896979416,Engaged-Premium
1.05120843573319,0.7367199802083272,Silent-Premium
-0.1443949305406271,1.0631771344013452,Silent-Premium
-0.43823739113836946,0.9267507019617126,Silent-Premium
0.3435454905047655,-0.887797493746427,Engaged-Premium
-0.2143020515937995,0.8052885876803492,Silent-Premium
-0.3864325699483593,0.30766230161689945,Silent-Premium
1.314908272975899,0.5811695578572919,Engaged-Premium
3.6196749460437254,0.42229063867671335,Bulk-Buyer
-0.5723375983599756,-0.6817881411732056,Engaged-Premium
1.0657050048439247,1.3002750739051958,Silent-Premium
1.1682591021778712,1.5544423553644962,Silent-Premium
1.0306776159375106,-0.6871480248551585,Delivery-Disappointed
0.3129289052128086,1.241721058939008,Silent-Premium
1.6519320573579406,0.7195157437779721,Engaged-Premium
-1.6130509500455794,0.08822918274345457,Budget-Regular
-1.4025412527140861,0.5098385119600244,Budget-Regular
0.04927163659603693,-0.2985705057777682,Engaged-Premium
-2.775138822640261,-0.6316807764329909,Budget-Regular
0.6974579482416041,0.6230492664624879,Bulk-Buyer
-0.6833579801519801,0.030071705189722964,Silent-Premium
-0.3672338909491487,0.7037222599413555,Silent-Premium
-0.3333922495481927,0.7110867332580671,Silent-Premium
2.5765659270483443,-0.005590737600886368,Bulk-Buyer
-0.22815389212386364,1.084635181855608,Silent-Premium
-0.7812448485414469,0.8484861289741719,Silent-Premium
2.122429534328761,-2.070205064849587,Bulk-Buyer
-0.6149776601396567,1.0764030744070898,Silent-Premium
-1.5069502177739482,-1.9621021718611311,Budget-Regular
-0.6997777336471411,0.7051362940862329,Silent-Premium
0.7819202408465397,-2.2131093232078425,Delivery-Disappointed
-0.15230357607196587,-1.84504033780244,Delivery-Disappointed
2.0758645763904995,-1.6442257021948163,Delivery-Disappointed
0.4673625907877855,0.3991865183246736,Silent-Premium
1.050915973871654,-2.4925956919507373,Delivery-Disappointed
-0.37727727398039307,0.10797214305979302,Engaged-Premium
-1.4899133388203878,-2.8110402713099814,Delivery-Disappointed
1.5675845918332802,-1.048878614012272,Engaged-Premium
1.0878819133648432,0.06399924717783004,Engaged-Premium
-0.19645056585949353,0.49683058341509045,Silent-Premium
1.7085279781623588,0.8881472894640675,Engaged-Premium
-0.3390500978036665,-0.2692898353957297,Engaged-Premium
-1.741567104952981,0.5037870060897887,Budget-Regular
0.2025505514896035,0.1965231913270057,Engaged-Premium
1.2142385543606848,0.6104328007192059,Engaged-Premium
0.7539786317715694,1.2444755068113826,Silent-Premium
0.8250606431023982,1.786540146435957,Silent-Premium
1.0537217502811091,-2.1744498840385296,Bulk-Buyer
0.4962877806521393,0.5217100824080966,Silent-Premium
0.8360287708106935,0.6758968472501462,Engaged-Premium
-1.824002963924286,-0.5510914249900833,Budget-Regular
0.2538641917010518,0.3938857466547311,Engaged-Premium
0.22079651620719937,-0.32048308152670635,Engaged-Premium
0.4194887166765336,1.0585932292873241,Silent-Premium
1.3650077377775043,0.10300715920076114,Engaged-Premium
-0.7674835554631033,1.0261251805921923,Silent-Premium
0.5475143612782051,0.9570929507516064,Silent-Premium
-1.8009261725679993,0.32967450990457875,Budget-Regular
0.4620883700348668,0.32508614700917066,Silent-Premium
-2.4091009955426674,-0.2742828903947332,Budget-Regular
2.141420004639334,-0.006433955654879785,Bulk-Buyer
-1.1394723349151852,-3.3036867000621815,Delivery-Disappointed
-2.0999429344992406,0.4230066465616306,Budget-Regular
2.5628123647662355,-1.5605960318486471,Delivery-Disappointed
-1.0151720446267607,0.03136653952060813,Budget-Regular
-2.194495986752789,-1.1573283538178558,Budget-Regular
-0.20101197296861578,0.9271022273406411,Silent-Premium
1.8560115371312629,-0.839471350479846,Bulk-Buyer
-0.5880570104489659,0.23228186025975095,Silent-Premium
-0.02600719059175446,0.9071547500295347,Silent-Premium
0.5201751813339329,2.3343704460052193,Silent-Premium
1.2770222972267837,-2.0821765068701654,Bulk-Buyer
-2.270692852337557,-1.2624618939511913,Budget-Regular
-2.0700173830408097,-1.1775792834853498,Budget-Regular
0.08606250146479898,-0.15252375997785317,Engaged-Premium
-2.083707764278574,-0.8471247027976959,Budget-Regular
-0.03610951386387911,1.0543987686673117,Silent-Premium
1.3166457060576353,1.6397021675564507,Silent-Premium
0.887278602510718,0.706671749435357,Silent-Premium
0.8002243745516299,-0.49759128489442617,Delivery-Disappointed
0.19588669064536768,0.34350640591319304,Engaged-Premium
0.412378174792902,0.1404696062005415,Silent-Premium
-2.926349948753315,-0.4131026071498289,Budget-Regular
-0.4399862469536539,-0.2645985587464817,Engaged-Premium
1.2943321215643333,0.40020657307227475,Engaged-Premium
0.4595470093992059,0.2165372278762461,Engaged-Premium
-0.19271605298930816,-0.39911215451398363,Silent-Premium
-0.34112334249947435,1.1224399985883047,Silent-Premium
0.7340438903565529,0.7170819080600703,Silent-Premium
-0.41511548574370294,-2.3352639917240796,Bulk-Buyer
-2.0844065404708862,-0.2316446691133506,Budget-Regular
-1.3643629431922097,0.702231561198141,Budget-Regular
-0.19322175516875933,0.8786825525194574,Silent-Premium
1.655259284926452,-1.303698997371583,Bulk-Buyer
-1.0676988074667906,1.0543706480876656,Budget-Regular
-0.48106069104192706,-0.3056648235932379,Engaged-Premium
1.2737707393281696,1.5005819671285328,Silent-Premium
1.299875142619661,1.6393846029884334,Silent-Premium
0.3761324566313064,1.3432932662724668,Silent-Premium
-1.4829510870575773,0.5592383513698633,Budget-Regular
1.9817142350178916,-0.3280403754380893,Bulk-Buyer
-1.8752527956516551,0.3429199044222088,Budget-Regular
-0.23872554486559255,0.6501324051957813,Silent-Premium
-0.9916081494357563,0.5734144928348912,Budget-Regular
0.0009770046441636272,-1.7855561230288703,Engaged-Premium
-0.5651652941438037,0.12726050050943127,Silent-Premium
2.033374589420693,-0.7898308501945882,Engaged-Premium
4.485580315994924,-3.1047708590780996,Bulk-Buyer
1.2648641899105755,0.9479931177156082,Engaged-Premium
4.58825455627462,0.8080523984819744,Engaged-Premium
-1.2158543313785535,1.0294234236198725,Budget-Regular
0.6931409000456487,-0.18308764629225424,Engaged-Premium
-1.2084482659378768,-1.1465187769351206,Budget-Regular
-2.1755674113419263,-1.4125576787376328,Budget-Regular
-1.7757409840458573,0.0390809943264355,Budget-Regular
-0.09931250765211634,-0.39494568060969776,Engaged-Premium
-4.098509449576956,-1.9370226008772204,Budget-Regular
0.33098830217584657,1.0642654494915833,Silent-Premium
2.082299231215476,0.9526412425929791,Silent-Premium
-0.22360318931767975,0.4318654092605706,Silent-Premium
-0.8525338141286838,0.8095670958865069,Silent-Premium
0.06072312580695061,1.1436635656562497,Silent-Premium
-0.045923591671032334,1.0494746823202978,Silent-Premium
-1.1297118818455825,0.26171048761624194,Budget-Regular
1.4603160037784573,-0.34681886401619055,Bulk-Buyer
0.1752313937364155,0.959457149562318,Silent-Premium
-0.5686496219168276,-0.02625086810299223,Engaged-Premium
1.1743463822377551,-1.346594122321041,Delivery-Disappointed
-1.869805939790469,0.6714885942813413,Budget-Regular
1.522364288443184,0.3130987970934365,Engaged-Premium
1.1450718772599433,-0.17303359792452905,Engaged-Premium
-1.4694284093435828,-1.1070720164895147,Budget-Regular
2.150428013386446,-2.417819839537189,Bulk-Buyer
0.18547542238104506,-0.14262307526295567,Bulk-Buyer
-1.9737612765914918,0.5638892389900952,Budget-Regular
0.022707721002214794,1.0676324939493158,Silent-Premium
-3.139016143654701,0.7792456986337517,Budget-Regular
0.4643757650723821,2.0380241064243116,Silent-Premium
-0.3742374450504077,0.7214020956698171,Silent-Premium
-2.6491569249571736,-0.32301963312736515,Budget-Regular
-1.392667915983518,0.29735342425311345,Budget-Regular
-1.4841889740954466,0.29813700145031885,Budget-Regular
-0.8017197261573994,-1.0194079292315235,Engaged-Premium
0.3902681023127932,1.3055980240214065,Silent-Premium
0.2823780424544268,0.7438819676672244,Silent-Premium
1.5457843728100433,-1.622613675105787,Delivery-Disappointed
-2.319244280718166,0.18374016529009637,Budget-Regular
-0.6816101995122105,1.299480216188093,Silent-Premium
-3.3203533837859696,-1.4948473892603447,Budget-Regular
-0.7382103966413263,0.870344119613583,Silent-Premium
2.8541236259618774,0.328287608183235,Engaged-Premium
-1.5177373876238407,-2.5152503473259538,Delivery-Disappointed
1.970761137228846,-0.6355785159317294,Bulk-Buyer
0.12547148679979184,-2.021368608866793,Delivery-Disappointed
-1.8214262969362243,0.4164205203909705,Budget-Regular
0.4113849850545657,1.2351873287316772,Silent-Premium
-0.9193199973858034,1.3871243908848543,Silent-Premium
-0.9934126484015503,-0.3475792044221461,Budget-Regular
0.5244610430834363,1.3225105770623626,Silent-Premium
-0.906593992441411,0.06286980851663454,Budget-Regular
-0.27522069491731116,-0.025101869702662864,Engaged-Premium
0.10645801469269116,1.238981246474037,Silent-Premium
0.14565310119594407,0.2764906958233516,Engaged-Premium
-0.922750971821215,0.3885288570539815,Budget-Regular
-0.5631663548996368,0.8312196576678115,Silent-Premium
2.3181337047901778,0.9251475910870253,Silent-Premium
1.8497718960087464,1.542931852796313,Silent-Premium
-0.2477396943303367,0.9417072018172914,Silent-Premium
1.1470986703387283,0.22440955443388547,Engaged-Premium
1.3957871040603644,-0.7963313769699011,Engaged-Premium
0.30848604378856254,-0.47143681642180957,Bulk-Buyer
0.27374725966328384,-0.7300405894382499,Engaged-Premium
0.5663703714558773,1.4529962109076955,Silent-Premium
-0.04929670457078203,-0.9520018471640759,Engaged-Premium
-0.03708396265483868,0.7429778327378513,Silent-Premium
-1.5233583161889803,-0.7286358208303256,Budget-Regular
0.28822858613854757,1.4699070450745133,Silent-Premium
-1.4097225787729428,0.8324513286077264,Budget-Regular
-0.42129745911418726,0.7125736612298623,Silent-Premium
0.8094663709677357,0.11344133092486805,Bulk-Buyer
0.8783760322141755,-0.2593111254939338,Silent-Premium
-1.4286964528301807,0.35456104357897306,Budget-Regular
-0.24471409313783046,1.110648045930905,Silent-Premium
0.1622354223655055,-0.06331032554582056,Engaged-Premium
-1.6841861681049017,-0.4551394135680531,Budget-Regular
1.005668851749988,0.20784752987131971,Engaged-Premium
2.5060298821762004,-0.8831814873426428,Engaged-Premium
2.113700754810085,-1.6970507469907943,Delivery-Disappointed
1.140585687514464,1.2454933467756502,Silent-Premium
0.6300867354260514,-0.9773457826783234,Delivery-Disappointed
-0.9639348137366912,-1.1139996759125907,Budget-Regular
-0.28813555454718687,0.07603508974053226,Silent-Premium
0.045674479276575315,1.3047322431349924,Silent-Premium
2.0556121011319295,0.09787669019452921,Silent-Premium
-1.780599007544689,-1.3180305770820033,Budget-Regular
0.24982545679306223,-0.8092300109967722,Engaged-Premium
-1.5965091652842354,0.5192939565495138,Budget-Regular
-0.20664303726635935,0.15127326786844836,Engaged-Premium
-1.8850859624482466,0.16293506615776623,Budget-Regular
3.094816732028348,0.6463559310782127,Bulk-Buyer
-0.35737396376531183,1.682573634460152,Silent-Premium
-1.5379774708450515,0.12414448286184646,Budget-Regular
0.2992056615315027,1.1893611899345495,Silent-Premium
2.574725729649841,1.2752641117418384,Engaged-Premium
-3.34263438637762,-0.03576851838724286,Budget-Regular
-1.0516451648663399,0.16644258561684913,Budget-Regular
1.1128128815491696,0.16633273708044738,Engaged-Premium
-0.6175021316516066,-1.9622965273557595,Delivery-Disappointed
0.558734415832121,1.0965941892609703,Silent-Premium
1.384094736506165,-0.76207243456957,Engaged-Premium
0.5206079599612211,0.32978856637633797,Engaged-Premium
-0.5659844261609441,0.8824972250458603,Silent-Premium
-0.3452535545855392,1.032216448412455,Silent-Premium
-0.4175868593472642,1.0016689009522397,Silent-Premium
-2.109082988190758,0.7592377500478109,Budget-Regular
2.53804171592998,0.5717089634053477,Bulk-Buyer
0.1905672443762554,-1.0194362224080313,Bulk-Buyer
-2.55079435877467,0.45886547920182474,Budget-Regular
1.0045567864899674,-0.6006566976231755,Delivery-Disappointed
-2.358715588006335,-3.3823571719879353,Delivery-Disappointed
0.25664820924331316,0.5747052455197449,Silent-Premium
2.2157898226156183,-0.10979832985343985,Engaged-Premium
-1.670049893624401,0.37536211168875233,Budget-Regular
4.167856770306798,-1.9656103367719402,Bulk-Buyer
-0.2355604297172903,-0.06756748322681214,Silent-Premium
1.2813529968491841,0.14641093807570982,Silent-Premium
0.14138309698826104,-0.10728206825396436,Silent-Premium
-2.009041612702743,-0.7370319813004089,Budget-Regular
-0.6361032662783579,-1.287750805767914,Engaged-Premium
-2.6772420788112448,0.3250597116576511,Budget-Regular
-1.483919148438744,0.598785131351303,Budget-Regular
0.8083400577475272,1.057485079622955,Silent-Premium
-0.4396964770845815,-0.38329804546599433,Engaged-Premium
0.033277425937092965,0.9687675831544076,Silent-Premium
-1.1530695210538369,-0.7305108505568081,Budget-Regular
0.07459795895328226,1.525825536134388,Silent-Premium
0.15660877828627343,1.1414944849122464,Silent-Premium
-1.39770047095671,-2.840049427066001,Delivery-Disappointed
-0.013721850862526785,-0.15035357427498927,Silent-Premium
-2.438743922889838,0.027500035293400553,Budget-Regular
1.0095094710512067,0.9030730925991367,Silent-Premium
-0.7069001364683957,-0.040505429566255496,Engaged-Premium
-2.431001800281124,-0.046901995358820336,Budget-Regular
0.9832999999283338,-2.613037433543457,Bulk-Buyer
-0.41978376054416444,0.06887643816731392,Silent-Premium
-2.211943399684082,0.07181766725745173,Budget-Regular
-0.8116349025286604,-2.937219799586114,Delivery-Disappointed
3.5908096448788926,-2.426494064798527,Bulk-Buyer
0.29250077482455034,1.0716416988540514,Silent-Premium
-1.4710531303869117,-1.5689303650670605,Bulk-Buyer
-0.3899227612434207,1.2696579827507817,Silent-Premium
2.6329595696531976,-2.2191249691678943,Delivery-Disappointed
-0.16178142268705376,-0.1340494054981748,Engaged-Premium
-1.2518392070825117,-0.8307692963696149,Budget-Regular
-0.2813564089254436,-0.15228954798796934,Engaged-Premium
-1.582713096463828,1.0508547060544897,Budget-Regular
1.0575154947098455,-0.3734950293551695,Bulk-Buyer
-1.1126836840440284,-0.6094448095436898,Budget-Regular
-0.5038581707927612,0.8011414801931396,Silent-Premium
0.9025173595235281,-2.9487907385771854,Delivery-Disappointed
1.852780226424158,0.22122130273390062,Engaged-Premium
0.12347532159160031,1.1079417427837481,Silent-Premium
-1.2089154528204655,0.3120574695577725,Budget-Regular
0.19952626955888458,0.25880222059716773,Engaged-Premium
0.7123890269926844,0.34710922850168924,Silent-Premium
-0.7685826577267493,0.9474032699589561,Silent-Premium
0.3536161182799619,1.2861389361872282,Silent-Premium
-0.905398295029839,-1.0646936535400908,Budget-Regular
0.5596677185737207,-0.3096100705223422,Bulk-Buyer
0.1658746343281445,-0.42996936341174663,Engaged-Premium
1.7378660334543838,-1.1154579056226295,Delivery-Disappointed
-1.1945917005808249,0.27909809115561646,Budget-Regular
0.8942204405270051,-1.9091510457768803,Delivery-Disappointed
0.47459229822836213,-0.14736545065890322,Engaged-Premium
0.4309102531333072,-1.8694582958803558,Delivery-Disappointed
-3.372688037786078,-0.2136104295711467,Budget-Regular
1.5422503248531978,-2.6756572719802882,Delivery-Disappointed
1.5466290553400746,0.8960043299297265,Silent-Premium
-1.2563213885310451,1.1257577786208546,Budget-Regular
0.5850628249266756,0.19508840218939708,Engaged-Premium
0.38291983163439797,-2.3969764247174186,Delivery-Disappointed
1.0836238795061301,1.244837845940247,Silent-Premium
-1.2116856188585734,0.13954403685518485,Budget-Regular
2.064743160213806,-1.8551457905381077,Bulk-Buyer
1.2827500315639415,0.6299573198803657,Engaged-Premium
1.7558651616833196,-1.119720152792951,Delivery-Disappointed
-0.2187543032077628,0.9297444151870261,Silent-Premium
0.8130379099764313,1.2022952889549503,Silent-Premium
0.7053713996074248,-1.944778824598185,Delivery-Disappointed
-2.4563864734703897,-0.6917359627193496,Budget-Regular
1.0835299085039247,1.39921493020707,Silent-Premium
0.27918901802261537,0.2776255008346956,Silent-Premium
1.1329837469576574,1.1346250930666089,Silent-Premium
-0.7422922432710161,-0.11361737137332026,Bulk-Buyer
1.0664660321270496,-7.174473855488384,Delivery-Disappointed
0.3347070422398923,-0.07732885939398529,Engaged-Premium
-0.9162896604043768,0.8299547921083185,Budget-Regular
-0.6550288113999209,0.2845514600718535,Bulk-Buyer
0.4926110759196328,-0.09545906909753513,Silent-Premium
1.3607669729634477,1.062075026607786,Silent-Premium
0.8423288786228603,-2.2081770598506596,Delivery-Disappointed
-2.3843117464970778,-0.37616728892755136,Budget-Regular
-0.2403714991122822,-0.12653697588489699,Engaged-Premium
-0.5081864544967712,-1.1648413966218492,Engaged-Premium
0.12752596382050138,1.5056066017311258,Silent-Premium
0.04191347357143594,0.4799203523902466,Silent-Premium
-1.061733785844149,0.5648706483474929,Budget-Regular
-0.49201636394421094,0.7211536738031892,Silent-Premium
0.4347019275296068,-0.1217173636752216,Engaged-Premium
-0.77740987364598,0.8770423029563986,Silent-Premium
0.33940906759764705,-0.13544629987332293,Engaged-Premium
-0.8429323412876436,0.6544471600876289,Silent-Premium
0.8952562355704351,-1.7579155029597542,Delivery-Disappointed
0.8102513947010077,-0.9449750373912214,Bulk-Buyer
-1.1811073748543925,0.1525539241478829,Budget-Regular
-0.7996838091017736,0.6948074857986039,Silent-Premium
-0.7862171662285364,0.5926605086768634,Silent-Premium
1.6320931017583322,-3.70836733573129,Delivery-Disappointed
-0.7951175379436798,0.4789189385620884,Silent-Premium
-0.6081908602551379,0.8966161737460585,Silent-Premium
-1.6356268943698515,0.33033544557551586,Budget-Regular
-0.9215014718206621,-0.7798260586519714,Budget-Regular
-1.2512132992589058,0.43058053739374813,Budget-Regular
-0.9497737215744061,0.8078854508240102,Budget-Regular
-3.438559935568277,-0.7443419413104049,Budget-Regular
-0.18438246935660896,-0.07398703109790669,Engaged-Premium
-0.4691208176285395,1.1919002289018015,Silent-Premium
0.36433275498782447,0.05923837825614249,Engaged-Premium
1.7251785706567224,1.1757424899811557,Silent-Premium
-0.48819636917729087,-1.5081360705232152,Delivery-Disappointed
0.5909558841782709,1.0358446449479777,Silent-Premium
3.408877795604759,0.5040846387541432,Engaged-Premium
1.492115757709736,-0.08530937233383515,Engaged-Premium
0.4652673471276786,-0.14668207115768306,Silent-Premium
-0.4438981311634998,1.1026906240112957,Silent-Premium
-1.0694666154262666,0.5964119404913889,Budget-Regular
-2.5634894752946025,0.3516710478816312,Budget-Regular
1.5692187454811946,-2.8570854176915206,Bulk-Buyer
-1.0375324061949407,0.17444689012635142,Budget-Regular
-1.3227632448521525,-0.9380740472656219,Budget-Regular
0.5262865111411033,0.8225220037339894,Engaged-Premium
-2.0718617459906947,0.23699709929080476,Budget-Regular
0.1087674822939604,0.9554420499088875,Silent-Premium
3.19529555339855,-1.7679469661781066,Bulk-Buyer
0.8866018011227075,0.5976520258507102,Silent-Premium
-0.928343200044306,-0.2514298664030543,Bulk-Buyer
-1.1363304140037405,-0.0001481278697258381,Budget-Regular
-0.9934114778126373,-0.04446202382898801,Budget-Regular
-0.37706815597593946,0.5880432359590633,Silent-Premium
2.151562922988079,1.6787730076160376,Silent-Premium
0.39928779809642656,1.3693244510319227,Silent-Premium
-0.5793440656840699,0.8910621254188051,Silent-Premium
0.5619966034649551,1.467460086471344,Silent-Premium
-0.8852256563654092,0.0770108548955441,Engaged-Premium
-0.6120525739499587,-0.7570497523020736,Engaged-Premium
0.7772282497454287,-0.0661526156310229,Engaged-Premium
2.5520486865042673,-2.873041190432432,Delivery-Disappointed
-2.531480826749569,-1.2338770861269153,Budget-Regular
2.9708309020337507,0.2240236745905191,Bulk-Buyer
0.41700421734664417,1.5228286886319988,Silent-Premium
1.968388347122538,-1.2103068214531492,Engaged-Premium
-0.1588861637554076,-2.153852411789152,Delivery-Disappointed
0.06299281572300401,-1.85624246930433,Delivery-Disappointed
1.9731863170445683,-0.7221221893977303,Engaged-Premium
-0.9538303628940475,0.1389590027006956,Budget-Regular
-1.177270101834168,0.8555846530857242,Budget-Regular
1.607371042773806,1.0962344990158377,Silent-Premium
-0.8702234176579289,1.2656587196013682,Silent-Premium
0.8851800353053098,-1.0157706862100226,Engaged-Premium
0.28806628250318733,0.15351563459647927,Engaged-Premium
-2.657735306537229,1.5330136042435754,Budget-Regular
-1.597149669681526,-0.6954492374621677,Budget-Regular
1.8713964948561321,1.1495065374858027,Engaged-Premium
-2.8779481718477977,-0.9541208151110823,Budget-Regular
-0.4801409978872227,0.91654925138833,Silent-Premium
0.3772793614696842,1.1128986107824437,Silent-Premium
0.4718844335950596,1.4352596045162824,Silent-Premium
-0.4740844356332826,0.03642511314551677,Engaged-Premium
2.5499933652145077,-2.0447006970539596,Bulk-Buyer
0.08758704799370713,0.30525773348692187,Silent-Premium
-3.2563728565553847,-2.019869015322336,Budget-Regular
1.1799899349739766,1.066964583928198,Bulk-Buyer
2.0482112627754927,-2.7453342916784376,Delivery-Disappointed
0.43318954225556516,0.2577853886659154,Engaged-Premium
-0.4003315599391897,0.981134923904011,Silent-Premium
-1.0631776024888184,-0.79232836357196,Bulk-Buyer
-3.3825042833086427,-0.2107567549891424,Budget-Regular
0.4305793147280767,-0.03739404239497118,Silent-Premium
-0.7181600850682233,-2.807763887152842,Delivery-Disappointed
0.06537658033268291,1.3668739770923437,Silent-Premium
-2.5455253060664016,0.0669046685917853,Budget-Regular
-2.482097812846867,-2.0783888941794704,Budget-Regular
-0.9930218391237331,0.5636022991003588,Budget-Regular
-0.08998415254487735,0.0075223643095373785,Engaged-Premium
-1.065742544380189,-0.019398477290956943,Budget-Regular
0.5012083593740881,-0.07592103581812873,Engaged-Premium
-0.49159786118604043,-1.4025039520005975,Engaged-Premium
-0.03475498010860955,1.1384422316711988,Silent-Premium
1.1994147839566462,-3.6948372957763946,Delivery-Disappointed
-1.4569785958118624,0.5264341260553662,Budget-Regular
1.8139730645862784,0.11765831050547623,Bulk-Buyer
0.2488960121273479,1.4877733644113549,Silent-Premium
-1.6849814746831284,-0.6047245784028602,Budget-Regular
1.7041267899056813,0.8975333784477169,Silent-Premium
-1.6925999977694728,0.5743034149132588,Budget-Regular
0.19330090047173543,-0.6490881896291214,Engaged-Premium
0.8176797722894747,1.4842920189981519,Silent-Premium
0.45741222837187945,0.7623593659116819,Silent-Premium
1.3725482306022152,-0.23546996535485826,Bulk-Buyer
-2.3548209793962336,-0.8581934609183897,Budget-Regular
0.0333903501573136,0.9243701762483487,Silent-Premium
1.9220121804191534,-0.35344486080370047,Bulk-Buyer
-1.23940436882706,-0.4247310377447556,Budget-Regular
-0.25682520831353445,0.4416342544807936,Engaged-Premium
0.016031615554304875,0.009785777048433794,Engaged-Premium
-0.6178151504590659,0.6628222907525891,Silent-Premium
-2.7355511925122045,0.1374797683547023,Budget-Regular
3.5348192575243256,-0.3547680160896905,Delivery-Disappointed
-0.22183093348304353,0.6212071644363761,Silent-Premium
-0.7213822861759542,-0.06251934468366183,Budget-Regular
0.8607527339541844,0.8118102742058675,Silent-Premium
-1.0189399136755806,0.703839663368559,Budget-Regular
0.2031649293515725,0.07977422078277714,Engaged-Premium
1.0414272723031917,0.6156710919330642,Bulk-Buyer
-1.0738267987294587,-0.6361039877349618,Budget-Regular
2.1602434352086424,0.07108890836283123,Engaged-Premium
-3.081136181149553,0.22426386574492072,Budget-Regular
-1.4645210432404419,-0.4400800965421865,Budget-Regular
0.5566266464281981,0.8063538379968522,Silent-Premium
0.3053278664083413,0.7158819733362913,Silent-Premium
1.8717523215527339,0.4780443539829453,Silent-Premium
-1.7082728934695839,0.49936030749063437,Budget-Regular
-1.0143641018441951,-0.4313728443991348,Budget-Regular
-0.9735939490151112,-0.4370229416286101,Budget-Regular
1.1646744660434285,1.513742771000941,Silent-Premium
0.9077038646363764,-2.1300488862820597,Delivery-Disappointed
-0.9491480610071844,0.8738200288044462,Budget-Regular
0.2565365662820303,-0.309776986711365,Silent-Premium
1.8257796703942248,0.3292259308259318,Engaged-Premium
0.7864078600285882,-0.4908683756358461,Bulk-Buyer
1.1571982613487872,1.3461357747967901,Silent-Premium
-0.5712293982867431,1.1506741254818482,Silent-Premium
1.0451069170075122,1.8632453286830135,Silent-Premium
-0.7383142612934972,0.036864691724421216,Budget-Regular
-0.2745644790101481,0.9558515752717591,Silent-Premium
0.9083940421372961,-2.5414326340351585,Delivery-Disappointed
1.965662128952676,-0.7767605684338353,Delivery-Disappointed
1.2986628651210077,1.7118987462125053,Silent-Premium
-1.550660818850911,0.22336133514076958,Budget-Regular
-0.4092521916273949,0.16856202602193446,Bulk-Buyer
0.7075004542634444,0.629197429644077,Engaged-Premium
-0.351001029054513,1.024243327822969,Silent-Premium
0.3235200667176975,0.00016192969006156136,Engaged-Premium
0.2874680982254729,1.2665288579045537,Silent-Premium
-1.8691402683749687,-0.6965963869436409,Budget-Regular
0.036023697164635486,0.16085103118715666,Engaged-Premium
0.010889640088052094,-0.5222299791628144,Bulk-Buyer
-0.08642025589804526,0.9124256205880629,Silent-Premium
-1.1166880111422448,0.33259162458810626,Budget-Regular
1.606384597950615,0.2662625271797333,Engaged-Premium
1.3170295506476688,-2.757971766172855,Bulk-Buyer
0.495092357395275,0.9244230573124465,Silent-Premium
-0.17921450083040344,0.11359418125372034,Silent-Premium
0.7135580016814982,1.2058403523124916,Silent-Premium
-0.8686366396213946,0.9941599789145841,Budget-Regular
-0.064945426747981,0.5563705733862286,Silent-Premium
-1.0846835020045287,0.18924849475950728,Budget-Regular
0.7329893302270011,0.6845601326596037,Bulk-Buyer
-1.5263770193998445,0.5823611192951562,Budget-Regular
-1.1225766046262957,0.3982979306247212,Budget-Regular
-1.4312536592755738,0.0507427810446903,Budget-Regular
0.6063058709272412,1.6146312216965637,Silent-Premium
-1.143674631713687,0.4351512252694178,Budget-Regular
1.0538092837711202,-0.4290770853407973,Engaged-Premium
1.9944767306591065,0.25173506520490135,Engaged-Premium
-0.454605676267708,0.3527944166844007,Silent-Premium
-2.3367999072148025,0.5203477725185565,Budget-Regular
-0.13591904967082896,-0.16435600527557603,Engaged-Premium
-0.3778433806768205,0.9906240626222943,Silent-Premium
1.948558494434249,0.018398158304579637,Engaged-Premium
-0.02653181356963723,-1.8591618932284506,Delivery-Disappointed
0.25152192909280746,-0.1371322551529363,Engaged-Premium
-0.8532119539219365,-0.5689988545674229,Engaged-Premium
1.2595944699858035,0.25207604696643304,Engaged-Premium
0.3792046065226695,0.4831699290832973,Engaged-Premium
-1.56425856113847,0.2979337604380441,Budget-Regular
-0.08102289399034004,1.6273210609884308,Silent-Premium
0.4020970987901711,-0.04426993670140013,Engaged-Premium
0.46034951725992246,1.0189233496739918,Silent-Premium
-0.02026684219133047,-0.08750878543382165,Engaged-Premium
-0.9922186003043181,-2.6618915393305396,Delivery-Disappointed
-0.1775034896589685,0.9755530670947644,Silent-Premium
0.8501356111869844,1.6975054277959816,Silent-Premium
-0.9161588802314905,-2.6805134328064497,Delivery-Disappointed
0.31010394342053865,1.2383675432812788,Silent-Premium
-0.15335385495629164,0.7997848811098273,Bulk-Buyer
0.5357999926509723,1.0539236639231488,Silent-Premium
0.14928809332550333,0.3260128448825326,Silent-Premium
0.15668247343718322,0.5394521764383288,Silent-Premium
0.20701599604443244,0.6563713669573092,Silent-Premium
-2.2626568889897825,0.362703695203527,Budget-Regular
1.0814312961707908,0.3763020077531582,Engaged-Premium
0.21323209918685326,-3.680328815034506,Delivery-Disappointed
-2.016853290491075,-0.6018125085170801,Budget-Regular
0.0862791234906886,1.788026419443026,Silent-Premium
-0.14579330635283513,-0.8298791088516152,Engaged-Premium
-0.19121007275093307,-3.3691120156455168,Delivery-Disappointed
0.2961146645992451,0.24822803566110554,Engaged-Premium
0.364268792678004,0.7064958109610657,Silent-Premium
-0.6640742159835451,-0.061391226553235576,Budget-Regular
1.7695328861179316,0.8981559184047059,Silent-Premium
-0.4953160210181922,-1.0529280153035185,Engaged-Premium
0.23766707228693784,0.3755544047555356,Silent-Premium
2.369470263135372,0.9295486202667969,Engaged-Premium
0.8651555852588495,0.21931727830014316,Silent-Premium
2.9570530351851083,-2.238199956829784,Delivery-Disappointed
1.1952511602229299,0.6284194286453472,Bulk-Buyer
-3.7457456739720203,-0.0019862252002903692,Budget-Regular
-0.7491344912726434,-0.48679070986977424,Budget-Regular
-0.8730994455608542,0.5541965614810151,Engaged-Premium
-2.585446748633481,0.36856410323577243,Budget-Regular
0.7402618440048189,0.1816115709873959,Silent-Premium
-1.043642155141202,-3.681013008735461,Delivery-Disappointed
-0.1463729443904583,1.2777981147402018,Silent-Premium
-0.7715298436510996,1.3192080645500457,Silent-Premium
1.1881744864137664,-2.6381311287532214,Delivery-Disappointed
0.14918020264472434,0.8391733037592345,Silent-Premium
-1.4453900679200908,0.8208604149357006,Budget-Regular
-0.8555346313700876,0.704545453563853,Budget-Regular
-0.0851980590942986,0.07540149378413619,Engaged-Premium
0.046005048212095036,-0.05237636517019974,Engaged-Premium
-1.9271742590149563,0.47198384603403604,Budget-Regular
-0.021986208718684643,-0.020603460037017622,Engaged-Premium
0.40150919101446575,0.5970338314388491,Bulk-Buyer
0.20170839364601123,-4.176186482892799,Delivery-Disappointed
-1.933485601283604,-2.2233049587968634,Budget-Regular
-0.010745048688440997,0.6873046727978039,Silent-Premium
-0.7136666898208055,-0.20566619766332392,Budget-Regular
0.2667382729454659,1.0304760310426284,Silent-Premium
0.5077281939532823,-1.8435319690335725,Bulk-Buyer
-0.6696515632530408,0.767974504752221,Silent-Premium
-1.5304661272331002,0.3291590151804262,Budget-Regular
2.072715679814448,-1.1148691862416584,Engaged-Premium
-0.049757201157376404,-0.2634229483134914,Engaged-Premium
0.7299659312506507,0.6492640613219834,Bulk-Buyer
-0.016157133857147413,-0.4555254845167921,Silent-Premium
0.6791643493431745,0.017812136028255703,Engaged-Premium
0.9533326087577874,1.488284379256452,Silent-Premium
-1.2484617057931666,-1.084196990672253,Budget-Regular
2.0122869496903686,-1.60869017073249,Delivery-Disappointed
-1.449439906661652,0.6097369754955175,Budget-Regular
1.1166813749316986,1.096877558439123,Silent-Premium
0.7580745474711247,0.7657528387011036,Silent-Premium
0.2850764808939712,0.20832755905305622,Silent-Premium
0.5213044179242119,-0.6376304239466186,Delivery-Disappointed
0.3249251940153525,0.2548049779198946,Engaged-Premium
-1.9022066738519396,0.43637510732733625,Budget-Regular
1.1295949401562522,0.9972884176334131,Silent-Premium
-0.13076508712132048,-0.45874707951485627,Silent-Premium
-1.0929189495214366,0.7974187943960783,Budget-Regular
1.320579356033219,-1.8602768491778843,Delivery-Disappointed
-1.4607366483602422,-0.8151885240947996,Budget-Regular
1.386819985017631,-1.3913236453869893,Delivery-Disappointed
-0.7160664032294679,-0.2885403514097965,Engaged-Premium
-0.11094600993192338,0.8846272479809234,Silent-Premium
-0.008142479514024204,1.135551632405205,Silent-Premium
0.18650687053293563,-0.14401503469202362,Silent-Premium
1.1580217100109949,1.228001868178329,Silent-Premium
0.7431142702067808,0.972666162098735,Silent-Premium
1.9603147699499888,-2.0217788862606465,Delivery-Disappointed
0.21487724958471346,-1.2445838573848746,Bulk-Buyer
0.7806474551699266,0.17337151989267172,Engaged-Premium
-1.3987786291190523,0.443704703873562,Budget-Regular
-0.013283240353109673,1.1785517696985224,Silent-Premium
-1.1446871554752545,0.4449181944264583,Budget-Regular
-2.4325660784133234,-0.3645119767257326,Budget-Regular
1.7887715569045437,0.906947530184124,Engaged-Premium
-1.2463990262866989,0.11430989800790443,Budget-Regular
-0.3067918905281619,0.6318382455225958,Silent-Premium
0.20684534661136245,1.5128446356510192,Silent-Premium
-1.0068991647435708,-2.2534962523894055,Delivery-Disappointed
0.7594876574970578,0.7846163110369356,Engaged-Premium
-0.42796958120574935,1.0728131549796023,Silent-Premium
-0.16528549853877322,0.5146812838308923,Silent-Premium
-1.057309262626866,0.7212383562833676,Budget-Regular
1.3290705838647898,-0.25913369604081604,Engaged-Premium
-1.2636858633313208,-1.7835206954101752,Budget-Regular
5.091993073669702,-0.13235605717491217,Bulk-Buyer
-0.1565116248294488,-1.8795731080795344,Delivery-Disappointed
0.2539480709608719,-4.297611639388834,Delivery-Disappointed
-0.12513060067405685,-0.0953392104055013,Engaged-Premium
-0.9747132086402678,-0.3635146438952459,Engaged-Premium
0.21965997290223138,0.7909774977153324,Silent-Premium
0.10309655252506407,1.6344101146104515,Silent-Premium
-0.2668217317124071,-2.4392921560017746,Delivery-Disappointed
-0.5549389883925334,1.0949736663529495,Silent-Premium
-1.8756620497041068,-0.9053195487039155,Budget-Regular
1.094899141100066,0.2814249459919358,Bulk-Buyer
1.3791478665320016,1.9785465467598748,Silent-Premium
-2.4905260312931357,0.08620945062240565,Budget-Regular
0.4536715315959081,1.3185626967463995,Silent-Premium
-0.6025754196783455,-1.1082005852765902,Engaged-Premium
3.222792125857962,-1.2506736132320282,Bulk-Buyer
-1.6819975091970538,0.5257773062109388,Budget-Regular
0.4034544005532685,0.007984456194112616,Engaged-Premium
0.6150358936266497,-1.5306458184267633,Delivery-Disappointed
0.3021462166127209,0.40998363601312976,Silent-Premium
-0.7936486993768325,-0.9218123303080306,Engaged-Premium
4.131861649126428,-1.9394858033031535,Bulk-Buyer
-2.2255290747672527,-0.79950755753667,Budget-Regular
0.192687600406172,0.348019780312672,Silent-Premium
0.5826848341576976,0.6105731396949707,Silent-Premium
1.1551083999814296,-1.9925587478109648,Delivery-Disappointed
0.8018507177766501,0.848967714724322,Silent-Premium
1.408515425481578,-1.4883471063345726,Delivery-Disappointed
-2.1240462093017096,0.798326717814507,Budget-Regular
-1.0265914736477197,0.869056265862762,Budget-Regular
0.38613451227684215,-0.2297239964644706,Engaged-Premium
2.3754330462855155,0.5868844250080434,Engaged-Premium
-0.20858611324825677,-0.19149343082219286,Engaged-Premium
-1.5110466296931626,-0.8163339655123143,Budget-Regular
0.4466163884345751,-2.43395312174362,Delivery-Disappointed
0.09556765759779644,-0.14431481806373186,Silent-Premium
-1.168657363645476,-2.8480388989081797,Bulk-Buyer
-0.16752288283847255,0.8732448349579309,Silent-Premium
-0.8816465663518986,-0.38119953442808596,Budget-Regular
-0.7416031475076365,0.7528853023762483,Silent-Premium
0.23170524800364256,0.32077606981123824,Engaged-Premium
-0.38995008012336985,1.0253051244341655,Silent-Premium
0.7082351669010597,0.24950735122647585,Engaged-Premium
-0.47200514679091693,-0.13250690728025472,Engaged-Premium
1.303401146978023,1.4050099567474785,Silent-Premium
-0.9179819524170063,-1.406594657017153,Delivery-Disappointed
0.9935730147530752,1.4505174544515405,Silent-Premium
0.8939751625261015,0.3101790906369556,Engaged-Premium
1.5592225692093578,1.4486618188290532,Silent-Premium
1.3272744846068267,-1.094907769876593,Delivery-Disappointed
-0.12047716183349115,-0.013799035428365226,Silent-Premium
2.0673510504205805,-2.3912393955440634,Bulk-Buyer
1.011861195837667,-0.14377474151156472,Engaged-Premium
1.523536536191151,-2.9759895342644724,Delivery-Disappointed
1.6997674542221162,0.9799563627600211,Silent-Premium
-1.0890744376002697,0.4825165624714552,Budget-Regular
-1.3946529059952941,0.7341388718099587,Budget-Regular
-2.405642055480201,-0.12384525887773096,Budget-Regular
-2.0247022231675365,-0.3348138207085737,Budget-Regular
-1.2522850573662458,0.8019888658669984,Budget-Regular
0.2512689445677811,0.9915227093924287,Silent-Premium
1.0855732475506694,-0.08697839789629208,Silent-Premium
0.5588724509597586,1.4974160527359917,Silent-Premium
-0.27335767054693483,-0.8280453854702913,Engaged-Premium
-0.23029136977723133,-1.8919031948463942,Delivery-Disappointed
0.7925030868042229,1.0615959949991942,Silent-Premium
0.39955623733663953,1.8848908699462743,Silent-Premium
0.43893792053777514,0.6659879604827653,Engaged-Premium
-0.4144131825469402,0.9710026227704355,Silent-Premium
1.0517628404978405,-3.646137549698729,Delivery-Disappointed
0.748326401945946,-2.3683278620966632,Bulk-Buyer
2.3133707147982574,-1.9804305066453878,Bulk-Buyer
-0.06057164437805557,-0.27987448779422497,Silent-Premium
0.10149492349315763,0.6466232630649231,Silent-Premium
1.4127998340661538,1.719370184886602,Silent-Premium
-0.2588276507605859,-2.5645311537948805,Bulk-Buyer
0.400230367968778,-0.2926721769043785,Bulk-Buyer
-2.6388557768245415,-0.14795895228664352,Budget-Regular
0.6011101137738344,1.59889276728432,Silent-Premium
-1.3566225123064781,-1.0574852273790192,Budget-Regular
-1.1103989526797196,-0.5143797359858809,Budget-Regular
-0.30433340284858396,1.338243392094847,Silent-Premium
-0.4988273809511385,0.8535211984702017,Silent-Premium
-0.22906132938331566,0.07756678446338444,Engaged-Premium
1.8374562936725067,0.8736197713709811,Bulk-Buyer
2.390275887655907,1.732378745387199,Silent-Premium
-1.0841929421600125,0.6364201491907638,Budget-Regular
1.0977373266311654,1.592564771329102,Silent-Premium
0.6053734949894752,0.15730623382483816,Engaged-Premium
0.040315261607206825,-0.9810859716121665,Engaged-Premium
-1.640894798286172,0.10291377604889046,Budget-Regular
1.79440408015461,0.6684075940150723,Engaged-Premium
-1.0110757465413394,-2.359775609845772,Delivery-Disappointed
0.4839801340195736,1.5895527073830666,Silent-Premium
0.2354052592715019,0.5893525869523213,Engaged-Premium
2.028166556925836,1.817363814364971,Silent-Premium
-0.9579259517357447,0.2734980457937788,Budget-Regular
-1.8494186920543807,0.5632747730748007,Budget-Regular
0.2513982973055784,1.2971137190333606,Silent-Premium
0.9843844962825403,-0.5542246380867213,Engaged-Premium
-1.3752139670039916,0.38155019430280407,Budget-Regular
2.3056756266882426,-0.9083755766968145,Bulk-Buyer
1.1511211959244247,1.5634298745171802,Silent-Premium
0.5428840497349509,1.137172579344965,Silent-Premium
-2.396113392157273,0.23908200574339644,Budget-Regular
-2.659404658242477,-1.6622509177596554,Budget-Regular
-1.2659227179297123,0.10526543072575474,Budget-Regular
-2.4166138004357425,-0.27804787064945247,Budget-Regular
0.5720191944184896,0.5248479675159544,Silent-Premium
1.2407953060599257,0.3592763670134847,Engaged-Premium
0.9608753027017605,1.4828508254251196,Silent-Premium
0.6130251708479554,-0.5772113451912056,Engaged-Premium
-0.9761624970595386,-0.3034322580551598,Budget-Regular
0.0660602679301217,0.43127383830542626,Silent-Premium
-0.22817837324671267,0.7917409706138722,Silent-Premium
-0.13968825224677692,-0.049459837021704964,Silent-Premium
-0.44569284505501383,0.6291952702112924,Silent-Premium
0.07958755252207157,-1.9474943484060117,Delivery-Disappointed
1.4139890208067634,1.2913663649323925,Silent-Premium
0.4871708373337247,1.281596805371248,Silent-Premium
-1.2877876301920579,-0.47866364656224325,Budget-Regular
-0.7081882352946073,0.5813284196361342,Bulk-Buyer
1.6445304311917086,0.6492550847520514,Bulk-Buyer
-1.6951462161896749,-1.6888975635263814,Budget-Regular
2.2045377059307514,1.4693385955292277,Silent-Premium
2.0101446762763477,-0.9950505372994711,Bulk-Buyer
-0.395293818561186,0.5217109108271706,Silent-Premium
-1.146738929102835,1.1752847099270387,Budget-Regular
-1.0024199041890463,1.0910584483206978,Budget-Regular
3.2878426140032104,-2.5800024445951255,Bulk-Buyer
0.6876132654345746,-2.391560071866791,Delivery-Disappointed
0.7480474969382156,1.4757829540957637,Silent-Premium
-0.39179694296293094,1.0370765518128857,Silent-Premium
-0.31789431927637846,0.888154083876162,Silent-Premium
-2.8278791746667484,-0.054876128292751486,Budget-Regular
1.582007396195946,-1.9754095887191814,Bulk-Buyer
0.13116190186621218,0.8492526260354882,Silent-Premium
0.9012051310751562,0.06551242625573772,Engaged-Premium
-0.14419577916936308,-1.2076457638599705,Delivery-Disappointed
0.09995862143781632,0.10311924775347554,Silent-Premium
-3.098834680710887,-0.18388097587415783,Budget-Regular
-0.6250082205783016,0.09201745330352823,Engaged-Premium
0.371901589313944,0.26140158000687047,Engaged-Premium
-0.9453143442887102,0.8255526489331553,Budget-Regular
0.5258995560749407,1.2691786708416928,Silent-Premium
0.2821165348220976,1.4188801834863016,Silent-Premium
-1.6200924858122783,0.47324925072429586,Budget-Regular
-1.755571104318491,-1.7792579627298528,Budget-Regular
0.37518518832673226,1.1372116529797816,Silent-Premium
-1.3273862616445522,0.6405782447985641,Budget-Regular
-2.473680196795029,0.4030705859279603,Budget-Regular
0.05317251392938519,0.6931644603205576,Silent-Premium
3.048143251713054,0.03931201304494227,Bulk-Buyer
-0.021820646709814265,0.49589332782141776,Engaged-Premium
3.707080615739514,-0.6617967426368025,Bulk-Buyer
0.6206530088781869,0.1822095830150157,Engaged-Premium
-0.8897586542732014,0.11581577180492517,Budget-Regular
0.11085922284314371,0.5625321693494538,Silent-Premium
-0.03810399529614768,-0.5583306168798574,Engaged-Premium
1.9193007100343944,-1.4552202429331458,Bulk-Buyer
1.0031386427775213,0.27849987342085925,Engaged-Premium
0.4192517413381362,1.155150773974829,Engaged-Premium
-0.43778909987484976,-0.033645308490608136,Engaged-Premium
1.7104895207944553,0.9416774180116437,Silent-Premium
1.0175322199683874,-2.6896649808070134,Delivery-Disappointed
0.4276699671901518,-0.16016557683554114,Engaged-Premium
-1.1877911664827505,-0.10593505107025936,Budget-Regular
-0.795894277966386,-0.13867194254862777,Budget-Regular
-2.185983298345534,-0.3912780904625752,Budget-Regular
-0.7761981571426063,0.8013795256308466,Silent-Premium
-1.2021499381410912,1.120873183815149,Budget-Regular
-1.3230206751010054,0.32825671787880445,Budget-Regular
1.2386654022221786,0.4795733199477566,Engaged-Premium
0.1275921324843926,-2.1584070201864187,Delivery-Disappointed
-2.9454151152327306,0.19338238063245705,Budget-Regular
-3.1369419575553814,-0.5148326218118504,Budget-Regular
2.3045987631314286,-2.207532568546898,Bulk-Buyer
-1.900824994112941,0.5064824364316388,Budget-Regular
-0.7451911945324117,0.2171509847187642,Budget-Regular
-1.0655987638234559,0.40015656529426596,Budget-Regular
-0.7080234059060141,0.7135465780837339,Silent-Premium
-1.1392328160392264,0.5067150260176805,Budget-Regular
-2.251937579800596,-0.11363785325647138,Budget-Regular
-0.36863738199668483,-0.6549054370626427,Engaged-Premium
-1.7832553752122802,0.5189342451840467,Budget-Regular
1.5291638757599761,0.2685459551236556,Engaged-Premium
-0.4651715210071609,-1.688132549581766,Delivery-Disappointed
1.0795585625896242,-2.22235056865342,Delivery-Disappointed
-0.8865885855760605,-0.03514936449660934,Budget-Regular
0.47513231857426286,1.4473561880339696,Silent-Premium
1.5265154039527018,-2.5088829656393483,Delivery-Disappointed
-0.027492424170807658,0.2552800566682314,Silent-Premium
2.4347033432292586,-2.1844361929485037,Delivery-Disappointed
-1.1993312302998995,-2.2675676911253615,Delivery-Disappointed
-1.746828020055944,0.7389897672568522,Budget-Regular
1.0168983731172543,-0.5294584146106893,Bulk-Buyer
-2.2817017098930714,0.0864611418955991,Budget-Regular
-3.7425529632744645,-1.2464182138745208,Budget-Regular
0.6623607365187817,1.2640537298809111,Silent-Premium
0.25834249029849193,1.202269756498967,Silent-Premium
2.1331074808364523,-0.6707310152967952,Delivery-Disappointed
2.2814211902459434,-2.4508376953618805,Bulk-Buyer
-2.8153523934143267,-0.5300767137838404,Budget-Regular
-0.48086815405463157,0.09645026475991156,Engaged-Premium
1.0159422506375684,-2.1609446672823127,Bulk-Buyer
0.4126551002790638,1.324983792962964,Silent-Premium
-2.1749969240524827,0.574440536963067,Budget-Regular
-0.5352888640095042,-0.7541557897094341,Engaged-Premium
2.0772723928013637,-2.5893304882347894,Delivery-Disappointed
-1.259411277180111,2.144908172796501,Budget-Regular
0.3094242293028563,1.0276611781477853,Silent-Premium
-0.7157790805332445,-0.1825439333103472,Budget-Regular
-3.6941463364189744,-2.4688591902642143,Budget-Regular
-1.3178208478637947,-0.3056463975265131,Budget-Regular
0.7051865812546096,0.7695369847440232,Silent-Premium
0.8685917505302826,0.4128307208731131,Bulk-Buyer
-1.1838650750880448,-0.9541185116768891,Budget-Regular
0.7727366977274007,1.6030093385291229,Silent-Premium
-1.8570081475675495,-1.0630148183503552,Budget-Regular
2.2500677272258103,-3.195462567783908,Delivery-Disappointed
0.6973863656964947,0.27941273107740605,Silent-Premium
3.4034642631690564,0.14288690960593214,Engaged-Premium
-1.3623682611192793,0.4428903806912098,Budget-Regular
0.00010871602494260723,1.578050617128774,Silent-Premium
-0.32255116879860357,0.5959704672459325,Silent-Premium
-1.1023041016656325,-0.24821073136616076,Budget-Regular
1.1316726722602792,0.7623037542388624,Silent-Premium
0.026467194484516617,0.37366741654887675,Silent-Premium
0.4989888792251096,-0.17941306156968237,Engaged-Premium
2.6415938421522456,-2.5280958921675487,Delivery-Disappointed
0.9327621336484033,1.3513833431407192,Silent-Premium
0.6968597205052963,1.080393288570517,Silent-Premium
-1.7629336464646606,0.4057929732343421,Budget-Regular
0.8618931281352772,-1.5213671195904324,Delivery-Disappointed
1.5990662253860086,0.6084666067349205,Silent-Premium
0.006669676549755569,1.5812830003332998,Silent-Premium
-1.387486379506036,0.20833056550665413,Budget-Regular
-2.421395138627404,0.011449880444083044,Budget-Regular
-0.17765174216325258,-0.031979344627235465,Engaged-Premium
0.30374841006224584,1.0211881335030293,Silent-Premium
0.3373931607845275,0.9370615532725229,Silent-Premium
-1.4385156750654227,-3.5171204220584555,Delivery-Disappointed
-0.454487012015956,-0.06321105342378897,Silent-Premium
-0.7709925011399062,0.7540844309517646,Silent-Premium
0.804194593207367,1.4551346981399838,Silent-Premium
-0.6620195452266349,0.8738894490363651,Silent-Premium
-0.1419067052296542,1.0221350725433291,Silent-Premium
0.9699920218986062,-3.9922838974798673,Delivery-Disappointed
1.04221365546686,-0.3496780548193714,Silent-Premium
-0.872224860982734,-0.15365860554949787,Bulk-Buyer
0.4042951347431783,-0.02963167334703625,Engaged-Premium
2.1534126109555487,-1.3987113082351394,Bulk-Buyer
0.38078650874081277,-2.5245287219690384,Bulk-Buyer
1.1890739863465103,-3.3855210558449644,Delivery-Disappointed
-1.9260299157724226,-4.704989241767838,Delivery-Disappointed
0.8043522449370322,-0.8235857507053318,Engaged-Premium
2.317852652025245,0.09761286212160396,Engaged-Premium
-0.36931765415417034,0.8421705401214636,Silent-Premium
-0.5873814354476823,1.3125700840508678,Silent-Premium
-1.4472488240243102,0.4154296774635947,Budget-Regular
0.8781324137246876,-0.43666035645130113,Silent-Premium
-0.3510750131841216,1.1920644044811155,Silent-Premium
-1.719894289983621,-2.0763836796130652,Budget-Regular
2.133097624422709,1.0893199806669613,Engaged-Premium
-0.4464949030172782,1.1847712911737165,Silent-Premium
0.6251775450078988,-0.479639493806844,Engaged-Premium
0.3244792155649765,-0.1788453205843705,Engaged-Premium
1.32830698100676,0.4122600986965305,Bulk-Buyer
-0.1558812261199573,1.071385736014879,Silent-Premium
0.640027092734221,-1.099188775903125,Engaged-Premium
-0.08200225271203504,-0.513575155316074,Engaged-Premium
2.4496247897253594,-2.1568445078689047,Bulk-Buyer
2.8665575537081565,-1.5145985630247105,Bulk-Buyer
-1.1174785026293004,0.22639052804105986,Budget-Regular
0.9289867303384661,-0.1814161073104687,Engaged-Premium
0.6491310503170366,1.2318383216729032,Silent-Premium
0.422721066278475,0.5538828814161719,Silent-Premium
-1.2603135073987435,0.19731062726783116,Budget-Regular
2.7855239947713124,-1.5480270892160999,Bulk-Buyer
-0.978346646166873,0.225058716254482,Budget-Regular
3.2767602691655795,0.9051243264412013,Engaged-Premium
-1.8612159257361913,-2.0267895647558443,Budget-Regular
0.03327240629581236,0.06579355524019487,Engaged-Premium
-1.2482958966508935,0.9477881501289236,Budget-Regular
-1.3885985445322997,-0.957007606676499,Budget-Regular
0.04106590104230864,1.2085181869987034,Silent-Premium
0.5771894550309324,0.661042592994463,Silent-Premium
0.9718129573122274,-1.495001397874649,Engaged-Premium
0.7013098149088095,0.24144364806165658,Silent-Premium
0.21834117796494845,1.4405260844987913,Silent-Premium
1.6601665584881284,-2.497788317817953,Bulk-Buyer
-2.4063942807929544,0.27717794979912785,Budget-Regular
0.11900096388235369,-1.3157360229661625,Delivery-Disappointed
0.6226477140006844,-1.3448091638531159,Bulk-Buyer
-0.1530312345567393,1.2835202855573689,Silent-Premium
-0.6643152189962993,-0.4567120617041669,Budget-Regular
0.838370854484063,1.1181154234382686,Bulk-Buyer
0.9188326637215656,0.8056994368091074,Silent-Premium
-0.6597200773853453,-0.5207486033373755,Engaged-Premium
0.8455138558136439,-1.2973665038378466,Engaged-Premium
-2.750839473828342,-1.311912556316402,Budget-Regular
-1.5753294679964476,0.633034684495866,Budget-Regular
-2.1954646453494435,0.6162106722603979,Budget-Regular
2.928752842916619,-0.7567513883869541,Bulk-Buyer
-0.7747215469525167,-0.5713142106618461,Engaged-Premium
-2.212769552805445,0.5291498986139674,Budget-Regular
0.5899593307128591,1.6343527714919754,Silent-Premium
0.5860689128072926,0.4092729679672572,Engaged-Premium
-1.9928145691807109,-0.7779865904100335,Budget-Regular
-1.180133283746899,-1.9450545483761366,Budget-Regular
0.8991319284201962,-2.72415730896916,Bulk-Buyer
1.08109117672329,1.3306591734784488,Silent-Premium
0.9967771476048264,-0.6506336125751251,Engaged-Premium
-1.2867033419128293,-0.23053287791196322,Budget-Regular
-0.916981853604097,0.2872393467737782,Budget-Regular
0.18301320680239402,0.9034530827129947,Silent-Premium
2.512041931952195,0.8478818700880312,Engaged-Premium
0.5490139003883288,1.2089335004652788,Silent-Premium
0.11714557075675607,0.3595018911663532,Engaged-Premium
-2.145302229378491,0.3284855298232168,Budget-Regular
-0.4142718114784979,0.37032042213890787,Silent-Premium
-0.5331259964239,0.880038169145289,Silent-Premium
-0.1667869814756443,0.8829266596865065,Silent-Premium
1.6537248560810371,-2.4384835532905886,Delivery-Disappointed
0.7840212055087799,0.019706771141434355,Engaged-Premium
0.009144243873339881,0.7417654689864847,Silent-Premium
-2.2983467549324796,0.1868931427471432,Budget-Regular
1.8141545799637049,0.4289371383624824,Engaged-Premium
1.470746340160585,1.7691389620611648,Silent-Premium
-1.1169856602193515,1.1498450160791975,Budget-Regular
1.5580912498103598,1.1942373238624748,Silent-Premium
-0.5246671996102277,0.23245541728061933,Silent-Premium
-1.3023631090315138,-2.5010917795404892,Delivery-Disappointed
-2.6529895185333388,0.010724677706225247,Budget-Regular
1.3656396686073882,-2.5994390302636994,Bulk-Buyer
1.2366792143733083,-0.5831004276461509,Engaged-Premium
-0.054901607448282874,-0.7485409026860953,Engaged-Premium
0.21584337228781558,-3.1608811090549764,Delivery-Disappointed
-0.06014328896921244,-0.27474472339194134,Engaged-Premium
-0.2871412556496874,1.0799292857130949,Silent-Premium
0.7395519316089918,-0.20180559662692457,Silent-Premium
-1.9120200073942812,0.4917036513696344,Budget-Regular
0.7028866308290959,-0.27785504398360084,Engaged-Premium
-0.6488545498649755,0.8800815040379493,Silent-Premium
0.027009051096683414,0.039415992100040216,Silent-Premium
-1.018393945599774,-0.33629162062352935,Engaged-Premium
1.5402665478861357,1.1678704048247701,Silent-Premium
3.181331299126118,-2.357338570165744,Bulk-Buyer
-1.6268058675141635,0.5859942084041725,Budget-Regular
-0.5264525574552518,0.9996427352926698,Silent-Premium
-1.0288109103867917,0.48744555934163314,Budget-Regular
-0.4055976598807064,1.7269148768361076,Silent-Premium
-0.28798887319108324,0.703753628352498,Silent-Premium
-0.7234953515398294,-0.7740582983342549,Budget-Regular
-1.3020273062437222,-0.6758128020009528,Budget-Regular
-0.9449946724562321,-1.1372784042302395,Bulk-Buyer
-1.2072077444073428,-1.3352773732421157,Engaged-Premium
1.0772667018224023,0.8814465771610486,Silent-Premium
-1.3801187915013045,0.37682793475689236,Budget-Regular
0.4298019703032786,0.3837279126126607,Silent-Premium
-3.2347202328785105,-0.36941965263224025,Budget-Regular
1.3467951772174558,-0.704154519093125,Delivery-Disappointed
1.5197298779919997,-1.3577972999907164,Delivery-Disappointed
0.0013327981421864899,0.8446398197948893,Silent-Premium
0.5317162945280007,0.8875748777547284,Engaged-Premium
-1.4469704740234406,0.26078708026858494,Budget-Regular
2.3357179827265986,-0.37297392418102165,Bulk-Buyer
0.38949180465736927,0.5695656623101553,Silent-Premium
-0.5481519668200899,0.04619847549889426,Budget-Regular
0.8828094126959424,1.1301351412564038,Silent-Premium
1.5530821738499794,2.0994629878512816,Silent-Premium
0.4229543609501457,-0.3885477145839838,Engaged-Premium
0.7849143759111259,0.9927869637749676,Silent-Premium
0.1725271788401043,0.47390446464559155,Engaged-Premium
-0.9120178815130374,-0.3522528671853212,Budget-Regular
-2.3207502102691078,0.00429248068728777,Budget-Regular
0.48256607501349325,1.048869115742466,Silent-Premium
0.0034753680591761657,-0.12656361111884165,Engaged-Premium
-2.609703765870491,-0.2379548211168422,Budget-Regular
1.29540081380668,0.007395908007797006,Engaged-Premium
-0.1610543703833145,1.1478491515568636,Silent-Premium
-1.5348766797264912,0.6965920970424281,Budget-Regular
-2.1760613669524864,0.07755707355395142,Budget-Regular
2.383043718826382,-1.0251724625699579,Bulk-Buyer
0.4000713524896369,0.6152516871394805,Silent-Premium
-0.05926377680581897,0.3998697445480709,Engaged-Premium
1.7691527856857667,-0.216530964260266,Bulk-Buyer
-0.4322430245541557,1.2675708618855859,Engaged-Premium
0.13968861913160133,0.6506702012228588,Silent-Premium
-0.31150464888710283,1.3200427975167854,Silent-Premium
1.4551228645911836,-0.11353385064791671,Engaged-Premium
-0.8188718967908784,0.10914111359132442,Budget-Regular
0.42508168876262975,1.1220416270875255,Silent-Premium
1.6302083385054984,-2.599542651162899,Delivery-Disappointed
0.8822883426683642,0.6146135213097353,Bulk-Buyer
0.1951789705931945,0.6744234607564636,Silent-Premium
1.3585572718892922,-2.9910525935627117,Delivery-Disappointed
-0.40776722281939914,0.7248321820785035,Silent-Premium
-2.4500796947162473,-1.4641509852997168,Budget-Regular
-2.1924684182858933,0.10245094810269438,Budget-Regular
0.5837071509590898,-0.36079813305523784,Engaged-Premium
-0.8005755579912743,0.9668965074052385,Silent-Premium
0.09611209462245805,-0.15633246017707342,Engaged-Premium
0.8208947585878489,0.8913106938174128,Bulk-Buyer
-0.38557010602752506,1.126893372616606,Silent-Premium
-1.5101880772770917,0.5114632213403965,Budget-Regular
-1.009394222679592,0.405207641967771,Budget-Regular
-1.360493736264981,-1.2729706817003723,Bulk-Buyer
0.4066410375047378,1.6558752545453737,Silent-Premium
-0.49275850670699267,1.0363391679578342,Silent-Premium
-2.4365726549694053,-0.7354014296800923,Budget-Regular
0.4951633377285085,-0.6548152532403719,Engaged-Premium
-1.2431214699095767,-0.2113500174793008,Budget-Regular
0.44965815187953595,0.06107392530856302,Silent-Premium
1.6253462372102163,1.507962276398279,Silent-Premium
0.21588093662699576,1.2228912186390084,Silent-Premium
1.507327927962858,-0.0518854841613027,Engaged-Premium
0.7311961916430847,0.5622402339380692,Engaged-Premium
0.5115010281005263,1.1888348430214688,Silent-Premium
1.7645729898702418,0.329900351081859,Silent-Premium
-2.0371985218383855,-0.469697804268994,Budget-Regular
3.3479432897390233,-0.31450736499428167,Engaged-Premium
-0.1509238245331433,-0.33571877732642935,Silent-Premium
0.18845119506682945,0.9246961464596017,Silent-Premium
0.9119536278844175,1.4758561489782756,Silent-Premium
3.0775890996060014,-1.6208814294447897,Delivery-Disappointed
0.5877708414993906,1.0160061039546013,Silent-Premium
1.8734536517741627,1.203698985502015,Engaged-Premium
0.7073918259025771,-1.0960866032156669,Engaged-Premium
-2.302877635853244,-3.202598859645723,Budget-Regular
-0.8854346520822032,-0.27079363130520057,Engaged-Premium
1.9008467372753042,-3.7160035752428606,Bulk-Buyer
1.956483093058641,-1.4930162759482455,Bulk-Buyer
0.037508111848587745,-0.15345370081934542,Silent-Premium
-0.0020677403307808504,0.9695393403648968,Silent-Premium
-0.48592361006184664,0.1418209893863341,Engaged-Premium
-0.19326111033002982,-4.112998516030589,Delivery-Disappointed
-0.27443689732243604,1.1367321492211266,Silent-Premium
-2.485555269734525,-0.10346270292419041,Budget-Regular
-2.3822623449851554,-0.19788475920517476,Budget-Regular
-0.39597355851254296,0.8701975042333572,Silent-Premium
1.2039143852979624,1.5256576584775383,Silent-Premium
-0.6900244605038359,1.480135306013537,Silent-Premium
-1.1966852757708766,-0.7389103842841338,Budget-Regular
-0.06118105961119758,0.7076568188932165,Bulk-Buyer
-1.3827487772588292,0.3648869778934497,Budget-Regular
0.9327142071099925,-0.4122701369520011,Engaged-Premium
0.6711321848245214,1.3229712071519237,Silent-Premium
1.4705139559829672,-1.856101196669865,Delivery-Disappointed
2.4056342048710575,-1.6684146476218757,Bulk-Buyer
-0.14590297324781556,0.19207842166379424,Silent-Premium
0.9215440511921681,0.4447714798027201,Engaged-Premium
0.43559505198408566,0.7531017881588751,Silent-Premium
-1.8164210960326357,-0.8893179081202147,Budget-Regular
0.9091346820139354,0.795078730469434,Silent-Premium
0.9674513251868174,-0.5107632002016116,Bulk-Buyer
-0.09808422499353991,0.9134993411216469,Silent-Premium
-0.585899860791786,-0.3525495503329775,Engaged-Premium
1.2873421521594393,1.095174154373956,Silent-Premium
-1.476945893841019,0.1857638460189105,Budget-Regular
-0.6379298231792478,0.30928110397978936,Silent-Premium
0.04111294537490281,1.405669326471951,Silent-Premium
-0.8160803713158956,-0.6660583648481283,Engaged-Premium
-0.6814198207873589,0.5414855713104302,Silent-Premium
-0.06942591869591186,-1.0268305068024937,Delivery-Disappointed
0.45774529010980414,1.4988536351150226,Silent-Premium
0.91511132995687,-2.9077988908543086,Delivery-Disappointed
-0.04832988183870095,0.4847199845595417,Silent-Premium
-0.4988850287598846,-0.09324259069841492,Engaged-Premium
0.4206461351835027,0.034001393753105,Engaged-Premium
0.6414695942664433,0.8871235762446664,Silent-Premium
1.237867891473201,-2.8218778064685877,Delivery-Disappointed
-0.2646816393068793,0.8132214706495076,Silent-Premium
-0.3307983312738856,0.16742769088576,Silent-Premium
0.6741428337258186,1.294728665378216,Silent-Premium
1.0834062259115202,1.5387672760769995,Silent-Premium
-0.8368603156326999,-0.1837018295850711,Budget-Regular
-1.0177551302443761,-0.07350149651310733,Budget-Regular
1.2743199031456816,-2.2928336114497934,Bulk-Buyer
-2.7056692377394707,-0.8049262245533438,Budget-Regular
-1.771354792908349,0.591918638195832,Budget-Regular
0.820204699226384,0.3540238942478945,Engaged-Premium
1.6806473063073408,-2.3731711924501893,Bulk-Buyer
-1.5305595382949282,0.2169799422168609,Budget-Regular
0.11492054992803978,-0.3304576738783409,Silent-Premium
1.7206720225794898,-1.227019238452192,Bulk-Buyer
0.027189937735286464,-2.777500987021573,Delivery-Disappointed
0.07955160919236597,0.9187751677718536,Silent-Premium
2.2583809285913166,1.3838709375487397,Silent-Premium
1.09004177043743,-0.2364529472960434,Engaged-Premium
0.34227780244773337,0.22899748137272943,Engaged-Premium
-0.28753207264784864,0.8502173357669194,Silent-Premium
0.07889335652602388,0.8353668299526126,Silent-Premium
-1.7323652477392553,-0.40515432905150767,Budget-Regular
3.657712845286159,-1.8817972029592442,Delivery-Disappointed
0.22333583626418904,0.022671456836786875,Bulk-Buyer
2.94804635367686,-1.3316593214036525,Delivery-Disappointed
0.6926523481986482,0.08475853741220885,Engaged-Premium
-0.139027791770405,-1.3941953304377896,Engaged-Premium
1.6965493559301665,-0.32107080766989915,Engaged-Premium
-0.29534570620676015,-0.22605713519736295,Silent-Premium
-3.5101109345473103,-0.7960005188152017,Budget-Regular
-0.15195564692532293,1.1046728990026478,Silent-Premium
-0.3818461075979728,-0.7316670496894452,Engaged-Premium
2.845567183223322,0.8885901170302526,Silent-Premium
0.5247253088965016,1.3188803203450852,Silent-Premium
-1.49613168882201,-0.7966297687353647,Budget-Regular
-1.1688748868993417,0.1922071889350413,Budget-Regular
1.0189446197184489,0.16622266549213716,Engaged-Premium
-0.33345934827778995,-0.5384949539124824,Engaged-Premium
1.0238997435912065,0.6577427206270235,Engaged-Premium
1.045025698777953,-3.439095408204919,Delivery-Disappointed
1.379841737664824,1.5722879532060292,Silent-Premium
0.5845534379570536,1.4381290156726845,Silent-Premium
-1.3856679122943065,0.1820337304984144,Budget-Regular
0.1036229225981294,-2.548435513071339,Delivery-Disappointed
-0.3031585835505554,0.38199611733736033,Silent-Premium
0.8536990017827312,1.6470659011809061,Silent-Premium
-0.022180193221682052,-0.03868023926004038,Silent-Premium
-1.1587867530443094,-0.0901713464303664,Budget-Regular
0.09313818042886683,1.3816576896518933,Silent-Premium
-0.5944491226922256,-1.1926826170792049,Bulk-Buyer
-0.6853761271364145,0.6430734161693624,Silent-Premium
-1.054957523133401,-0.007411481659366399,Budget-Regular
2.096735901225341,0.9323699273028537,Bulk-Buyer
1.4142103860508441,0.13622018772297337,Engaged-Premium
0.6019215221217381,0.9252747805269661,Silent-Premium
0.6455914606916044,1.3547465420689235,Silent-Premium
0.10264038461215864,-2.322293222316294,Delivery-Disappointed
1.4795542268117505,1.6246949954055145,Silent-Premium
-2.7773095578851046,-0.19975090794558573,Budget-Regular
-0.8924929176182301,0.909870632198671,Engaged-Premium
-0.2694316776689229,1.4107734160547827,Silent-Premium
0.5264071200977405,-0.37081454198759045,Engaged-Premium
-1.6809082469405519,0.4116404710913605,Budget-Regular
-0.8161850711936479,0.630426274435866,Silent-Premium
-1.1464466691272204,0.6633924450573657,Budget-Regular
-2.2628251698018955,0.3925606685134256,Budget-Regular
-1.872370304765743,0.3432700116120452,Budget-Regular
0.45881344237432664,1.2630414815834798,Silent-Premium
0.4229122384431861,-0.8360595507078038,Delivery-Disappointed
0.1973375721947933,0.09410784564894013,Engaged-Premium
-0.3629635834046115,0.47430083737315876,Engaged-Premium
0.4836112630785402,0.880024051368901,Silent-Premium
0.6731875668239409,-0.5558088603195126,Engaged-Premium
-0.651049307636259,0.09210817297825288,Bulk-Buyer
-0.4531629705433207,-0.6627524272538269,Engaged-Premium
2.3391871746876047,1.512194903843081,Silent-Premium
-0.3856080309542071,-0.825721923146375,Delivery-Disappointed
-1.361384110688604,0.5859038314988861,Budget-Regular
1.1211984173041143,0.849690128582962,Bulk-Buyer
0.06985311443448607,0.64346085805469,Silent-Premium
-0.8487213370229658,-0.6151137987443283,Engaged-Premium
0.267997960821649,0.1958339634191644,Engaged-Premium
-0.41267990102244706,1.427236137467244,Silent-Premium
-1.316968656928797,0.44350955558498045,Budget-Regular
1.1479567343269768,-0.13459300473258096,Engaged-Premium
-2.0506692462648597,-0.023928663995559783,Budget-Regular
-0.9550144316675921,-0.2895662104399581,Engaged-Premium
-0.23486386178833596,0.0021631665162988377,Engaged-Premium
0.22456152746822242,0.08233119866821756,Bulk-Buyer
0.609847348774326,-0.2916606306044253,Engaged-Premium
0.3023277242228427,0.8553173219252458,Silent-Premium
0.3241536553918651,-1.9020438150002206,Delivery-Disappointed
0.5607657401969784,-2.634191223693129,Delivery-Disappointed
0.3109352595270359,0.49968011899310794,Silent-Premium
-1.6331922302228066,0.5527620708620545,Budget-Regular
0.5250221956757285,-3.4596386777466575,Bulk-Buyer
-2.744676709470117,-0.4617875061384388,Budget-Regular
-0.03719760632528614,0.5849520465876444,Silent-Premium
-0.31331659637019066,-0.2809611917008476,Engaged-Premium
0.9012587577502674,0.33595362672877205,Bulk-Buyer
-1.2595305517136335,-0.30100561556294875,Budget-Regular
-0.08374475669511834,0.7038250176253417,Silent-Premium
0.49488733724243494,1.1598445795946457,Silent-Premium
-0.449711860868812,-1.5791206908541335,Engaged-Premium
-0.855317603811818,-0.41683128958076016,Engaged-Premium
-0.9431258278722494,-0.4012051437911681,Budget-Regular
2.2693472562977117,0.5109127993823663,Engaged-Premium
-2.7913886498838685,-0.20110779169955076,Budget-Regular
-3.1785291930153923,0.2654620554141676,Budget-Regular
0.8662560804406947,-1.4318686067077602,Delivery-Disappointed
-0.10431161418341464,1.1402512538568976,Silent-Premium
-1.3579926916671308,0.3155981708670132,Budget-Regular
-0.30579469871700427,0.4050089296345898,Bulk-Buyer
2.1158033091596593,-1.5154692730346173,Bulk-Buyer
-1.8644951320833358,0.06855559431368989,Budget-Regular
0.20961924443685986,0.4814532222496609,Engaged-Premium
1.8518170660579834,-0.7512803195715827,Bulk-Buyer
0.6703007482060458,1.3414112347329652,Silent-Premium
-1.861235325908352,-3.28623072101213,Delivery-Disappointed
0.80209684717663,0.0916289256276658,Engaged-Premium
-1.7231822497548268,0.13993777428328288,Budget-Regular
-0.13413004859117003,1.1851007386196357,Silent-Premium
-0.8039378982811632,-3.516572615222598,Delivery-Disappointed
-1.1777751538042134,-4.613613427637883,Delivery-Disappointed
1.723986340676934,-1.9126336415922025,Delivery-Disappointed
-1.7523380927654453,0.5195060422818858,Budget-Regular
0.9130086679321435,0.6126330341806703,Engaged-Premium
-1.615049872768303,-1.7753244194447098,Budget-Regular
-0.27094023308518456,1.021745819121566,Silent-Premium
0.005828115516759597,-0.1257265459647987,Engaged-Premium
0.9524813162946402,-2.1513983081804087,Delivery-Disappointed
-0.8281876018944024,-0.2425501798825164,Budget-Regular
0.32155238433968747,0.7087188261826259,Silent-Premium
-0.5863702569137129,0.2463738847592172,Engaged-Premium
0.4342894433144321,0.2726746390556419,Silent-Premium
-0.668189986724167,-0.5252338216449569,Engaged-Premium
1.2104789045397515,-0.6802622481842467,Bulk-Buyer
-0.66385687042635,-1.1810847048481299,Engaged-Premium
-1.18830322647914,1.1347688059654635,Budget-Regular
1.1668108767797096,0.5270552683005744,Engaged-Premium
-0.02454852635697023,0.8172449114868675,Silent-Premium
2.3980705829897566,-0.38311031122363826,Bulk-Buyer
-0.8242554166746757,0.23811933963966483,Budget-Regular
1.7650726145013518,1.5525096537781031,Silent-Premium
1.3853971994349485,2.48625282722017,Silent-Premium
-0.24576797125133207,-0.83191467519069,Engaged-Premium
-1.6870940870455793,0.2482535201932695,Budget-Regular
-0.25367853000344215,0.7640790706798131,Silent-Premium
1.4183122835128914,-2.4192261426851025,Bulk-Buyer
0.8922980524229682,-3.3606237990689203,Bulk-Buyer
-0.9245142787087047,0.8364080606842513,Silent-Premium
0.14058418320933758,0.885334762682384,Silent-Premium
-0.7500605885162677,-0.07694018117424478,Engaged-Premium
1.146802118246615,-1.5252281062411834,Delivery-Disappointed
-0.05453860287699167,1.1978570656111118,Silent-Premium
-1.5563266473941142,-0.28386044314824205,Budget-Regular
3.714903463224298,0.6265388727509633,Engaged-Premium
1.2347827438720407,1.2123980556943155,Silent-Premium
-1.9200959752715334,-0.05546513495483309,Budget-Regular
-0.7994894132815769,-3.6601698315979942,Delivery-Disappointed
2.068662275980884,-1.9924322045727407,Delivery-Disappointed
1.4545207184905091,0.3305215601399369,Engaged-Premium
-0.5737678324002853,0.6489363689388806,Silent-Premium
0.5177642178272113,0.5937222077001932,Bulk-Buyer
0.09643523356105592,-1.2256222220324733,Engaged-Premium
1.6448339525799391,0.6358324970115333,Bulk-Buyer
-0.10364102101902967,0.29323070145934943,Silent-Premium
0.28769874483496,1.2336133434240562,Silent-Premium
-0.19642697027025036,1.1636542918289103,Silent-Premium
0.41054597106650514,0.49671619749936247,Engaged-Premium
0.2413289336359381,0.9757481999336132,Silent-Premium
1.5111742006999773,0.7314619151643987,Engaged-Premium
-0.14243756104058908,0.232756113518654,Engaged-Premium
-1.8735144852214995,-1.487078911952407,Budget-Regular
0.35890278798269437,0.49063881928874986,Silent-Premium
2.95783866107701,-0.8277446045401972,Bulk-Buyer
-2.799570340264049,0.09664569999436759,Budget-Regular
-2.4641713557272147,0.5757844845978229,Budget-Regular
0.2838760870700019,-0.2513790963983557,Engaged-Premium
-1.2570668352468553,-0.2225449492010069,Budget-Regular
0.06462376532303883,-1.947895486245691,Delivery-Disappointed
-1.5501555562612679,0.4979886942158462,Budget-Regular
-1.4918178807555913,0.6155836921068705,Budget-Regular
0.9631954929725972,-0.34077567787721,Engaged-Premium
-2.367341374430746,1.1170094451328827,Budget-Regular
-1.1865621199156826,1.3215237343081194,Budget-Regular
-2.4178795160219186,-1.0248380828087278,Budget-Regular
-2.8211066354915246,-1.6427372427523383,Budget-Regular
-3.7952732484411147,-1.149271948337501,Budget-Regular
2.3564925236517187,-2.273416449303886,Delivery-Disappointed
1.3572822936258606,1.2759724700051918,Silent-Premium
0.5595643701610236,0.5686159954277495,Silent-Premium
1.5005274991433584,0.46068181935950514,Bulk-Buyer
1.434073189385484,-1.6209242358143454,Bulk-Buyer
1.317020171962841,-0.03368186124298785,Bulk-Buyer
0.7309212846503792,1.4045088510125037,Silent-Premium
-1.958289615286246,-0.48790084808635104,Budget-Regular
0.8166427283986388,-1.1998240456442442,Delivery-Disappointed
-2.1692493209047625,-0.16768819835410906,Budget-Regular
0.765374149108578,-2.023098398788191,Delivery-Disappointed
-2.09055770616485,-0.8478803511430446,Budget-Regular
0.04716211834846155,1.1727012925256242,Silent-Premium
-0.34580850631921217,-0.05846605013201725,Engaged-Premium
0.27690207417001483,-1.2415539487704832,Engaged-Premium
-0.049272796413352526,1.0982204900766641,Silent-Premium
-2.068563294828709,-0.5360846003545561,Budget-Regular
2.523423964479011,1.1927989513193413,Silent-Premium
0.4865581571441079,1.3299201761238875,Silent-Premium
-0.10181493866321362,0.7471987786488457,Silent-Premium
0.030880918435651116,0.4072407772831379,Silent-Premium
-1.8560920350452537,0.17090802183566095,Budget-Regular
-0.8239744782912782,0.8568445465905402,Silent-Premium
-1.422876882804984,0.7887854737483838,Budget-Regular
-0.03307218419065285,1.0858685797865961,Silent-Premium
0.882402023608623,1.8567408486146073,Silent-Premium
-0.9504946926185798,-2.458447441086312,Delivery-Disappointed
-0.5008262000323135,-0.06059940501604563,Silent-Premium
-1.4474279699266734,0.3866299278837871,Budget-Regular
0.5427877135572804,-0.4831900176126963,Engaged-Premium
0.3540924017889266,-0.6808518212054239,Engaged-Premium
-0.5571627180066262,1.0532275296293507,Silent-Premium
-0.44866151349234984,0.4426640562051749,Silent-Premium
-2.694006795128538,-0.7788672040234464,Budget-Regular
0.9623847375822088,-2.4712297594620907,Bulk-Buyer
-0.8660217968429935,0.6179853033800857,Silent-Premium
-2.2577328240253127,0.2937987636257898,Budget-Regular
-2.825645980835185,-0.28382501569804486,Budget-Regular
2.859835621892626,-1.0470658763801963,Delivery-Disappointed
1.022818012573269,1.5182479392766597,Silent-Premium
1.653277471811011,0.8287980132408056,Engaged-Premium
0.2526898140590313,-0.4009364090890707,Engaged-Premium
0.14931728651392612,0.7630747242600059,Silent-Premium
1.3908889889204372,-0.725374148075012,Engaged-Premium
-3.220845277940616,-0.10351235616560184,Budget-Regular
2.1679220336870353,-0.7963081329120167,Engaged-Premium
0.31417500534795095,-0.23465853438497689,Engaged-Premium
0.4391628038294314,1.2100350790106373,Silent-Premium
1.7176020889447954,-2.655042860853228,Bulk-Buyer
1.4577137652119665,-0.30812706103708953,Delivery-Disappointed
-0.919134179852526,0.8470262882508404,Budget-Regular
-0.9719808765137447,-0.06408160530910187,Bulk-Buyer
-0.560479294926164,1.0877296204354372,Silent-Premium
-1.790453967838486,0.9256023332810874,Budget-Regular
-1.4893018499949324,0.44338343481927117,Budget-Regular
-0.5123884102115978,0.9434630081205281,Silent-Premium
-0.026925647424364926,-0.20435319726944304,Silent-Premium
0.6539567540230818,1.1682610138235074,Silent-Premium
0.7235153045903794,1.4504601736782152,Silent-Premium
-0.15130036625823493,-0.34429611904155427,Engaged-Premium
0.9155560713317114,1.7844024131155036,Silent-Premium
0.14314483104153455,0.35034198804768685,Engaged-Premium
2.5045791571671967,1.4560487935007933,Silent-Premium
-0.18722338609885264,1.2384220110981745,Silent-Premium
0.4591456135177331,1.299020826116781,Silent-Premium
1.3001588399544897,-1.1296955823694006,Engaged-Premium
-0.9603172129569588,0.9883747496888092,Budget-Regular
-0.27468319588211554,0.4441627148293646,Silent-Premium
0.633911121050118,0.7330482151002682,Engaged-Premium
0.09730736296334995,-0.5226500782172235,Silent-Premium
1.9252801740092949,0.7501000404458119,Bulk-Buyer
-0.3189278695489777,0.5443255181992879,Silent-Premium
-1.0006279628637507,-0.6438314685477133,Engaged-Premium
-1.7802565530646588,-1.3199948517712847,Budget-Regular
0.23949241806115285,-0.8378177344972719,Engaged-Premium
0.09358712429746134,0.50685581928061,Engaged-Premium
-2.4975367276187947,0.09380439353758696,Budget-Regular
-0.5026986261917149,-0.6539269848666002,Budget-Regular
0.5189182912103784,-0.40401263989617947,Engaged-Premium
2.209030577119948,-0.9691098579652802,Delivery-Disappointed
0.688695167394411,1.6304646852745066,Silent-Premium
-1.474582599606204,-0.6786016657863071,Budget-Regular
-0.4676936321808225,0.2694415833142372,Bulk-Buyer
1.1691881635053365,1.474045210899754,Silent-Premium
1.8042570663713757,-1.7895287232299941,Bulk-Buyer
1.0478048166112681,-0.2119607870975825,Engaged-Premium
-1.692521439913746,-0.6223360341932501,Budget-Regular
0.3550789077587709,-3.02778345253065,Delivery-Disappointed
0.05419463016759445,0.9770355359338238,Silent-Premium
-0.5436681835414606,0.9232689486978736,Silent-Premium
1.0260896067963192,-1.101814883074024,Delivery-Disappointed
-1.1192828843739135,-0.4615863430443661,Budget-Regular
-1.7821823454547856,0.5196511433908801,Budget-Regular
-0.5880504833616795,1.453549306266959,Silent-Premium
-1.5266381585346551,-0.6116374137483717,Budget-Regular
0.6512129460311267,-1.2285272559262252,Delivery-Disappointed
-0.17320423791420225,-0.22893213758286382,Engaged-Premium
-0.0783647159405578,1.1372983126765934,Silent-Premium
0.5097335359810302,0.3380889203112864,Silent-Premium
-0.10986960786652836,1.0148924103901606,Silent-Premium
2.8683273730968812,-4.209617111095409,Delivery-Disappointed
-1.829378037029673,-0.19782221819129106,Budget-Regular
1.2478167438748569,-0.6811870806074951,Bulk-Buyer
2.048394965016268,0.9519588934407395,Silent-Premium
3.3111109763383544,-2.6501179034988103,Delivery-Disappointed
-1.388919612628268,-0.1506290093731243,Budget-Regular
0.7306095260449745,1.0489072117329679,Silent-Premium
0.9249617933437273,1.1699091857436699,Silent-Premium
-2.7310135661108483,-2.448636347349737,Budget-Regular
0.9220073966392213,2.1895498605658585,Silent-Premium
1.7574653105656928,-2.6268244804267114,Bulk-Buyer
-2.1861634404074435,-0.4557491875220061,Budget-Regular
-0.0883210761490973,-0.46649412483110475,Engaged-Premium
-0.48902297714163084,-0.15904390624916118,Engaged-Premium
0.32708721145873637,1.3466874517706005,Silent-Premium
-0.11628600191308476,1.5469178460916013,Silent-Premium
-2.6725073309905025,0.9473028398255937,Budget-Regular
0.7486030976880762,-0.13831563338588634,Engaged-Premium
1.555071588924096,-1.4201458763543144,Delivery-Disappointed
-0.743414934610059,0.9789286766159313,Silent-Premium
0.6913058827539037,0.05110381406318484,Engaged-Premium
-0.15008280610469377,-1.01932925973702,Engaged-Premium
0.4423801431869977,1.3226040824189995,Silent-Premium
-0.7979185780733722,0.9245151540454197,Silent-Premium
-0.420042964481879,0.9427736991921852,Silent-Premium
0.7342979903242419,-1.9533693277785968,Delivery-Disappointed
1.281149288422357,-2.1001459322173943,Delivery-Disappointed
-0.6069951853936774,0.03216901320960421,Silent-Premium
0.6153927964804348,0.954134405492601,Silent-Premium
0.17340876028138988,0.09454115361518674,Silent-Premium
-1.812900332544183,-0.4274441642111754,Budget-Regular
-0.7015018002268565,0.6650806364526103,Silent-Premium
0.06664926618760776,0.7501948194331907,Silent-Premium
-1.2206419951967593,0.6060479585469006,Budget-Regular
0.12533394125840713,0.6618496622377052,Silent-Premium
0.7518892356101311,-0.5671498183922961,Engaged-Premium
0.7183422936363978,-3.765808383504598,Delivery-Disappointed
-0.8837075406040645,-0.8089620867395705,Budget-Regular
-0.3703135699163405,-0.00679579767733255,Engaged-Premium
0.13510757673566287,1.2069985293063055,Silent-Premium
-0.07854664270775745,1.376716857358327,Silent-Premium
1.5060106853969513,0.2103774547181754,Engaged-Premium
1.8320144823679818,-0.39970747789204475,Bulk-Buyer
-0.4814149047425966,0.6608925270627068,Silent-Premium
0.479864152916913,0.5291887994123089,Silent-Premium
0.8013351292388279,1.4785581470513882,Silent-Premium
-0.5987983539931979,0.7359598444568386,Bulk-Buyer
2.7918988839446444,-2.6935724158419747,Bulk-Buyer
-0.5062699530759408,0.6499790029813848,Silent-Premium
-1.7374090376132851,0.43387490915234916,Budget-Regular
0.16507195526158083,0.2134860421918677,Engaged-Premium
0.5244084526962329,1.3014682656770544,Silent-Premium
-0.5643871758284711,-2.842797878316456,Delivery-Disappointed
-2.107635855740932,0.4771508669028009,Budget-Regular
1.3193508288737632,-1.8534222646895497,Delivery-Disappointed
-0.14972679140545833,-1.624431561623042,Delivery-Disappointed
1.8067198511817795,-0.25553253889260713,Bulk-Buyer
2.451977630899591,1.8703761405815436,Silent-Premium
-0.2978007409825205,-0.3742032085390828,Engaged-Premium
0.3557809135621517,0.9610159417151571,Silent-Premium
1.057361465487824,-0.3722448496101917,Engaged-Premium
0.9826413194685011,1.2146462429354874,Silent-Premium
-1.7144653907669778,0.3344407475798388,Budget-Regular
-0.25236704729728254,-0.07531477350686519,Silent-Premium
-0.5562930034392001,0.43916464859416104,Silent-Premium
0.237701949109549,0.8379556069668751,Engaged-Premium
-0.16445748960219234,0.6966306359106813,Silent-Premium
1.0545012540407779,-2.5643874480924413,Delivery-Disappointed
-0.8353657377074563,-0.5261250900696451,Budget-Regular
1.0950658227846846,-0.5177639100815822,Engaged-Premium
0.7172192443959508,-2.0707913120852264,Delivery-Disappointed
-0.5193853520275054,-0.46322202312913674,Engaged-Premium
0.6896699610375262,-0.18619841699532672,Bulk-Buyer
-1.1352792834797172,-0.31970875014302225,Budget-Regular
-0.60957046152288,-0.4705972386238563,Engaged-Premium
0.7615956865668034,1.63827758762679,Silent-Premium
0.026410017107788644,-0.3719354141993795,Silent-Premium
-2.4688377075789147,0.18997641549497254,Budget-Regular
-0.9130699046972487,-0.18804004158534368,Engaged-Premium
0.07916960812353767,1.0551293634445789,Silent-Premium
1.5166107148667827,0.5022851676182696,Engaged-Premium
-1.700800387554533,-0.8349132363543067,Budget-Regular
-1.4290950735893855,-0.552763624616841,Budget-Regular
1.5909351032030985,-1.3030107771045372,Bulk-Buyer
-1.8237724387465089,-0.9211822749427235,Budget-Regular
0.18192646616039884,-0.9311788136612142,Bulk-Buyer
0.7559631130735552,1.1678647475835133,Silent-Premium
-1.8077296549520612,-0.47619214438515056,Budget-Regular
-0.12923171654924723,0.9749646900978709,Silent-Premium
0.4164320511752407,0.36246557928346723,Silent-Premium
0.28106825661219725,-0.13743075033025076,Engaged-Premium
1.734932547368954,1.103685244930045,Silent-Premium
0.4645555559856769,-4.85227944670273,Delivery-Disappointed
-0.433334632922864,-1.7824674504716655,Delivery-Disappointed
1.638460353373442,-1.1962061293795434,Bulk-Buyer
0.1838727460864497,-0.4854826242977841,Engaged-Premium
3.198757690070671,-1.4824251860415065,Delivery-Disappointed
0.9730322404713627,0.6739291261672413,Silent-Premium
0.9886276131552094,-0.7202208763879023,Engaged-Premium
-0.4695140310480103,-0.47227767540745746,Silent-Premium
0.551161632693698,1.6609585545163084,Silent-Premium
0.2812284543945656,1.766692621100732,Silent-Premium
-0.34372993608485797,0.6065241891245843,Silent-Premium
-2.3073358206326855,0.3085921173903862,Budget-Regular
-2.5659646532145253,-1.054270556379164,Budget-Regular
0.6523433712952723,1.6126910439884379,Silent-Premium
-1.0873550702824106,-0.38749108313216013,Engaged-Premium
-1.3126026508033484,0.2641721648739985,Budget-Regular
-1.7472644563220994,-0.2274280519774837,Budget-Regular
-1.1259626729643077,0.3471597240887217,Budget-Regular
2.1646211794642882,1.1307830562771106,Silent-Premium
0.941667175147505,1.2560743377728545,Silent-Premium
-0.29119425349868217,0.8360531895312908,Silent-Premium
-0.9021249656857394,0.8250684192277739,Silent-Premium
0.4046756732240312,-2.4675048159174944,Bulk-Buyer
0.14771668663753582,0.6447290767669185,Silent-Premium
0.5815640220964282,0.6746612204955904,Silent-Premium
-0.850780580733479,-0.7220304369879288,Engaged-Premium
0.9630324679184785,1.3777631812580355,Silent-Premium
-2.2598919676687297,-1.2468891786383038,Budget-Regular
0.08394953924073857,1.1925966069076486,Engaged-Premium
0.9255280354487042,1.3692014929990883,Silent-Premium
0.7929085228204229,-2.1247107259904294,Delivery-Disappointed
1.712943519833294,-0.2603402198758725,Engaged-Premium
-1.7792740645637646,-0.3388603345754252,Budget-Regular
-0.11349385296090726,-0.13947019194100552,Engaged-Premium
0.7130739684164997,1.6372705598281247,Silent-Premium
0.2443386592790812,0.7134969979645526,Bulk-Buyer
0.298110178563712,-0.33468605084251934,Engaged-Premium
-1.417104229666512,-0.5535796426722293,Budget-Regular
0.7597788804142551,-0.5429328334223648,Delivery-Disappointed
-1.9893613343407333,0.6209937920336664,Budget-Regular
-0.5128650358838504,-3.3890212058444886,Delivery-Disappointed
0.31679991300489774,0.3038515383438303,Engaged-Premium
-0.8283731769640937,-0.8404680270519295,Engaged-Premium
1.0844775841569088,-0.9617671122382521,Bulk-Buyer
-1.8838509203496536,-0.10059937186017359,Budget-Regular
-0.4301367076255338,-0.3459910864439621,Engaged-Premium
0.11860040239879908,0.81439696071176,Silent-Premium
0.08312473920842055,0.6391001409685021,Silent-Premium
0.028183863308578857,0.07527476311401143,Engaged-Premium
0.4408778765366984,1.1610864615777432,Silent-Premium
-0.3825372840038515,0.9489887181492407,Silent-Premium
-1.587439011507597,0.6426016475143522,Budget-Regular
0.8762533814494847,1.4616373046769988,Silent-Premium
-0.6444220117814076,0.24048299583101831,Budget-Regular
0.1583073059552304,0.012779190058027502,Engaged-Premium
-1.3973800572155077,-0.6922470986771811,Budget-Regular
-0.528663881510856,0.2794541698999527,Engaged-Premium
-1.4906732739696655,-0.4809084547385619,Budget-Regular
2.261888853355119,1.706658175983338,Silent-Premium
-0.5572232830277525,-0.7583796447621075,Engaged-Premium
1.7278578278584533,-3.1566698505975834,Bulk-Buyer
0.07782392591468192,1.16234076504747,Silent-Premium
1.6180259244298372,1.0208651519983445,Bulk-Buyer
1.9638665128328257,-1.1629336406681678,Bulk-Buyer
0.4164660678811455,-0.27863649131864954,Silent-Premium
-2.2524339787134102,0.4450917064835051,Budget-Regular
1.729790635000036,0.8057920072993809,Engaged-Premium
0.37624678338665724,0.3198728062495039,Engaged-Premium
-0.976448875114884,-0.20865244326952095,Engaged-Premium
-0.3742594286820609,0.7489227715914246,Silent-Premium
-1.562398085596579,-1.1453397029717973,Budget-Regular
-0.7862434049488002,-0.49489772274542754,Engaged-Premium
-1.14873452767248,0.820640791274757,Budget-Regular
2.0446246709741174,1.1301949641272917,Silent-Premium
-0.5547385473393998,0.9089972525882951,Silent-Premium
0.407315424052839,0.6407846299303154,Silent-Premium
-1.0583703561977373,0.009954327154746999,Budget-Regular
-1.3935397314657285,0.3436516893008184,Budget-Regular
1.723362251916737,1.3257678669610147,Silent-Premium
1.6812118206113686,-1.0590371041529119,Delivery-Disappointed
0.6162768938825831,0.09172672786118417,Engaged-Premium
-0.6771966586876992,0.43698781553617766,Silent-Premium
1.8881263555326122,-0.0016031297472273375,Silent-Premium
1.8168482575407723,-3.4355715407755856,Delivery-Disappointed
-1.451096288855257,0.475786312497202,Budget-Regular
-1.2497869555617658,0.3990898512704871,Budget-Regular
1.1390573255941765,1.1856710956402357,Silent-Premium
0.8287235205260723,2.1603788642098465,Silent-Premium
0.29684241357862723,1.3626439489359523,Silent-Premium
0.04780910488327677,0.7766660941036561,Engaged-Premium
-0.3006854466842016,0.2001003651501788,Engaged-Premium
-0.8051394679263498,0.15898128037399067,Budget-Regular
-0.5311873751099827,1.3999059356960115,Silent-Premium
0.9613331299981538,1.6635353501890369,Silent-Premium
-0.8541967081299211,-0.2708088296612109,Budget-Regular
0.8796660099632699,0.24460401927854625,Engaged-Premium
1.226865901573731,0.6787239684369086,Silent-Premium
1.172924102808268,-0.13651613110662023,Bulk-Buyer
-0.45905205404257,0.30840348451395083,Engaged-Premium
2.084264103421467,-1.1291085931533489,Bulk-Buyer
2.041150480342167,0.5826393998344468,Engaged-Premium
0.8562561455218507,1.487617814866298,Silent-Premium
-1.2390853101245194,-0.4745311913817142,Budget-Regular
-1.2263266568063822,0.25707389363873345,Budget-Regular
-1.7981547570974108,1.1094051601227737,Budget-Regular
-1.4906226171529042,-0.3000503819887287,Budget-Regular
-2.0594798872649838,0.060964764343281026,Budget-Regular
-0.16430695635057624,0.9005571304033239,Silent-Premium
-1.5306265706823847,0.06635139623292641,Budget-Regular
0.006701235047878168,0.7476565116205167,Silent-Premium
-0.2827378327879932,1.2512238099432007,Silent-Premium
-0.1804647785972464,0.5180619511532202,Silent-Premium
0.38057912199382243,0.13116203974603108,Engaged-Premium
1.1796736455049184,1.9600355475682376,Silent-Premium
-2.8197944531040173,-1.6782280150871312,Budget-Regular
1.881244954138098,1.3715257332623938,Silent-Premium
-1.3984342664705545,-0.5858103718900709,Budget-Regular
0.9005388704551052,1.6173105229468854,Engaged-Premium
-0.18059083621378702,0.7275525808776213,Silent-Premium
-0.8433103804191419,0.05069701146163765,Budget-Regular
0.38320882891498736,-0.4759129436750684,Engaged-Premium
1.1755212241947879,-2.1439503961117605,Delivery-Disappointed
-1.3684026689716575,-0.5210054461880725,Budget-Regular
-0.15096398642331013,-0.29818643845314,Engaged-Premium
0.19588144534937046,-0.189006629958586,Engaged-Premium
0.274689733448802,1.0959696270926431,Silent-Premium
-1.3131828379250654,-1.0769571341930484,Budget-Regular
-3.107844813730898,-0.6376914826185659,Budget-Regular
-1.5962646612779998,0.7709705285468553,Budget-Regular
-0.5100195909714964,0.9930034248363463,Silent-Premium
0.14480391324691233,0.09639080004078834,Engaged-Premium
1.6123348236777262,1.6589897208485769,Silent-Premium
1.1221881120426276,-2.0759560704917748,Delivery-Disappointed
-1.1589362141994113,0.4223236782932037,Budget-Regular
0.19315744704372162,0.3416003717871071,Silent-Premium
-1.1820607943115309,-0.022308436487619647,Budget-Regular
1.0516141820357496,-0.29483784561349696,Engaged-Premium
-1.071654853312087,0.541769196205566,Budget-Regular
-0.9818956885717914,0.8506780885640671,Budget-Regular
0.6987957373552286,-1.9430113314378665,Delivery-Disappointed
-0.9625359692008032,-1.095049703159233,Budget-Regular
-0.14039243358355868,0.8378972334850533,Silent-Premium
-1.0627934798695606,0.01166878229510826,Engaged-Premium
0.8046522207756277,0.31609839345454266,Engaged-Premium
-1.7977651008074977,-0.7841549000199601,Budget-Regular
0.029599143840610794,1.0281041821766028,Silent-Premium
0.8354558786954801,2.00545236324724,Silent-Premium
-1.590376728569022,-0.6794205085090926,Budget-Regular
0.28956457094386523,-0.3098819386318516,Engaged-Premium
1.891367606936572,-0.6149374752754897,Bulk-Buyer
1.6411759782099402,-3.7273353562888043,Delivery-Disappointed
-0.2178763647405724,0.19836012819075055,Engaged-Premium
-0.9252825462559219,0.9412348768147624,Silent-Premium
-0.8188529081751891,-0.45744996608323274,Engaged-Premium
-0.9915774801013294,0.519054821923218,Budget-Regular
0.5648825388292494,1.1680568087233774,Silent-Premium
0.9746772481114534,0.41320582830442953,Bulk-Buyer
-0.5246509517576506,0.11531683681992091,Budget-Regular
-2.302065433121276,0.2051756010976211,Budget-Regular
0.8572343011090043,1.759854366319359,Silent-Premium
-2.0018637702357442,-1.0173756564996834,Budget-Regular
1.5585643882551312,1.1696186018395849,Silent-Premium
-0.37415948619374934,1.0327986321094051,Silent-Premium
-0.6676997374191115,0.9080855581332155,Silent-Premium
-1.7887356789135462,0.5572402181266763,Budget-Regular
-1.14990324467448,0.11795154838427509,Budget-Regular
-0.6411759295128807,0.9479485916442651,Silent-Premium
1.4717460126774125,-2.9441935370964893,Delivery-Disappointed
-2.2301935766637415,-1.2839650253169546,Budget-Regular
-0.7130157606048464,-0.27469590759655027,Engaged-Premium
-0.8698855784244796,0.6371599833982046,Budget-Regular
-0.8118597318352725,-1.5528479670148287,Delivery-Disappointed
1.6130096179223514,2.0646175055238514,Silent-Premium
2.0135168610177754,0.12480819516565686,Bulk-Buyer
-0.43924758990119234,1.2714687610144235,Silent-Premium
-1.0085438358473968,-0.4449337466789396,Engaged-Premium
-1.3278545760650078,0.8335934500392823,Budget-Regular
0.1458198329280783,0.381728506641081,Silent-Premium
-2.8259812350877858,-1.022110723167487,Budget-Regular
1.310927844206458,0.4754444915477366,Bulk-Buyer
-0.8710082719745477,0.7345273310688757,Budget-Regular
-0.7027393801532621,1.21995042556048,Silent-Premium
0.5308608157362343,0.393391700571396,Engaged-Premium
1.759832924698319,0.5795201021568164,Engaged-Premium
-0.5066160538225853,0.5092483526521812,Silent-Premium
1.9191243918763543,-0.1680542045121934,Bulk-Buyer
0.22358716487831798,1.366844281871933,Silent-Premium
2.072564634664195,-0.8720763027793214,Delivery-Disappointed
2.9187715100304685,0.4189374429513857,Engaged-Premium
-2.653186908895973,0.2782623641254289,Budget-Regular
2.779263531624436,2.1021154169916305,Silent-Premium
-1.4537431050871636,0.4526800352796664,Budget-Regular
2.457663710695077,-1.727603568043475,Delivery-Disappointed
-0.09000351371484988,-1.5109645526806155,Delivery-Disappointed
-0.281305504362297,-0.2504583436862294,Silent-Premium
1.7923283561485261,-2.048988862789172,Bulk-Buyer
0.5013188228474029,-0.40478342061210687,Engaged-Premium
0.7444491920448602,-0.17581210819692436,Engaged-Premium
0.6257095583430108,-0.02785313666251623,Engaged-Premium
-0.38549518766889074,0.17878605384464172,Engaged-Premium
1.4611453735652782,0.9022100848616742,Silent-Premium
-0.376568841938475,0.9917359299980454,Silent-Premium
0.7500856482517708,0.24516771021710587,Engaged-Premium
0.9027570768194587,0.5389219692098808,Engaged-Premium
0.39648950270285166,-0.24008788419910368,Engaged-Premium
0.5014586266118292,0.5295906827511226,Silent-Premium
-1.5939580879248294,-0.6535116885371313,Budget-Regular
0.10108980767362104,-2.5326198867556937,Delivery-Disappointed
0.026407507136384064,1.1762831588066216,Silent-Premium
0.665266781888298,-1.0872863233050398,Delivery-Disappointed
1.1658806788535827,-1.9235263255682167,Delivery-Disappointed
0.8723378951971956,0.5284643388036468,Silent-Premium
-0.9854338772368542,-3.0899004398844836,Delivery-Disappointed
2.379833406452366,1.8905290322736246,Silent-Premium
1.2437458176794944,2.1182535990980718,Silent-Premium
-0.1309747117033244,1.157006917793291,Silent-Premium
1.7990057520723932,0.5355773408180445,Engaged-Premium
0.6477182800569151,0.05223958839289735,Engaged-Premium
-0.6788340761147531,-0.3677634450142686,Engaged-Premium
0.17019589563860119,0.33922711550762574,Bulk-Buyer
1.7243471246614952,1.3657563013652818,Bulk-Buyer
-0.2031715138300082,1.5112749812406105,Silent-Premium
1.1176183661871724,-1.8131764238146284,Delivery-Disappointed
0.47534573815858094,-0.2984937813450524,Engaged-Premium
-3.6577269131907673,0.31202172429228375,Budget-Regular
2.74879438980037,0.9978570084358095,Engaged-Premium
-1.036065460921478,0.042235279338799024,Engaged-Premium
1.2971351201539312,1.2812141383950968,Silent-Premium
-0.1187006096899522,0.9313544826615066,Silent-Premium
0.9705663280708208,0.27783207624295525,Silent-Premium
-0.5888769850603671,0.4795952695353867,Silent-Premium
-0.19131293774005337,1.054762278597054,Silent-Premium
-1.55916391917539,-0.40002724395812717,Budget-Regular
-1.3328695585838024,0.875640936896226,Budget-Regular
-0.5303527633737496,-2.08981809246706,Bulk-Buyer
3.0350844691366685,1.7108659864466733,Silent-Premium
-0.33988384547514155,1.2176871416790018,Silent-Premium
0.008664476562717344,0.012904364692639371,Bulk-Buyer
0.480861635614952,-1.5381779512261704,Delivery-Disappointed
-1.0935911897675785,-1.758941926007291,Delivery-Disappointed
0.14696056797922924,-0.4892137023560428,Engaged-Premium
-0.9924996977544073,-0.4651200022477675,Budget-Regular
1.417969273147658,0.14608252605925168,Engaged-Premium
0.9003290443362068,0.5642920678335882,Bulk-Buyer
1.0922027510120984,-0.6985845876713419,Delivery-Disappointed
-0.8758603620983642,0.7409291284480732,Silent-Premium
0.38447873415262585,0.2964307945880461,Engaged-Premium
-1.259375164714735,0.06381337364053571,Budget-Regular
1.0109231799169682,0.7612334451864039,Silent-Premium
0.43259392199463476,-0.805127606167815,Engaged-Premium
1.027144847279718,0.8374963729703574,Bulk-Buyer
-0.26140289029034275,-0.8815657317971132,Engaged-Premium
-2.487562488768577,-0.5924223827957715,Budget-Regular
-0.9874429926563665,0.08480761284634702,Budget-Regular
0.1410455596696486,0.9042811683562939,Silent-Premium
1.830696699346482,0.270444113053115,Bulk-Buyer
0.20824369870991202,-0.41941486155107893,Bulk-Buyer
0.22816421435330264,-0.42877206483895414,Engaged-Premium
-0.4737725339626581,-0.36338920321335844,Engaged-Premium
-0.6500223529449147,1.1643136689270843,Silent-Premium
0.770471025916873,0.7898890000386252,Silent-Premium
-0.05347768617077711,1.219367343751379,Silent-Premium
0.946396684466992,0.8606210615777873,Engaged-Premium
-0.43279169723597405,0.7287922204029776,Silent-Premium
1.3899892868167816,0.39961999701747375,Engaged-Premium
1.028405952028686,0.09525703694313002,Silent-Premium
1.9320133342348627,1.532678567052243,Silent-Premium
-2.617777013363311,-3.2070075071487993,Budget-Regular
-0.20598957556184616,1.0227122238645452,Silent-Premium
-1.2815966235254195,0.8345498946419923,Budget-Regular
-0.3861320275716867,1.2488141334242653,Silent-Premium
-0.3059683889555652,-0.1074887154292867,Silent-Premium
1.0056522841178404,1.5197770084380833,Silent-Premium
0.43868224421196944,0.9085955066963757,Silent-Premium
0.8775981309328211,-0.04647324369245633,Bulk-Buyer
-0.04679659486754768,-0.1331490146379728,Engaged-Premium
-0.34174167167776537,0.44870673392404475,Silent-Premium
1.3920337500815005,0.6110045219982831,Engaged-Premium
-1.8326659079337153,-0.18381171295187332,Budget-Regular
-0.7721530871348831,0.0384105940614539,Budget-Regular
-0.19666892611863845,0.48326537384677976,Silent-Premium
1.9451607481693387,-2.337800849636307,Bulk-Buyer
-1.3862824837071974,-0.8939420103358402,Budget-Regular
0.5153998874158805,1.2534972981924088,Silent-Premium
0.5123805612529695,0.6339012731886093,Silent-Premium
-0.9466553935722936,0.3605233684004071,Budget-Regular
0.9939547646167737,1.071929082991201,Silent-Premium
0.16946936576238092,0.6753610494911889,Silent-Premium
0.5974611194364505,-1.79302717463971,Delivery-Disappointed
-2.8587310177635192,-1.1688967032558608,Budget-Regular
-1.3439563387896876,-0.5933554818583314,Budget-Regular
-0.5719720850250355,0.11738132522921449,Bulk-Buyer
0.12748960469994705,0.9272069333060877,Silent-Premium
1.7364009033630803,-0.26367475667620865,Silent-Premium
-0.6950195130628541,0.809920986037721,Silent-Premium
-1.5021362335514823,-0.9571949926942434,Budget-Regular
-0.0287133289140822,0.7686560763849672,Silent-Premium
0.08250542066567253,1.320486014801936,Silent-Premium
0.9744374111572527,1.5117581234349537,Silent-Premium
0.6403693485297451,1.1100540474680116,Silent-Premium
-0.17706116667197203,0.43390626637355634,Silent-Premium
1.0022608166643117,1.6356433533311971,Silent-Premium
1.1237708282427004,1.0084670327941843,Silent-Premium
0.34138278868941907,-0.543933366785307,Bulk-Buyer
-0.42838919401315434,0.7675664547623736,Silent-Premium
-2.595530724394796,-0.03431328913570689,Budget-Regular
1.3049926743155462,0.3726910444996834,Silent-Premium
1.8396019769993366,-2.2481145452330873,Bulk-Buyer
-0.44782986178975676,-0.25670581084638544,Engaged-Premium
-0.09308210278949866,-0.8708393301929082,Delivery-Disappointed
0.5310366827800354,0.910323253621583,Silent-Premium
-2.28024351750255,-0.22248763535200203,Budget-Regular
-0.9686924062610472,0.1693476223310804,Budget-Regular
-0.6371860471609397,0.20519290827192976,Engaged-Premium
0.36946186709494927,0.18158978406316825,Engaged-Premium
0.48930002725455946,-0.12634391522798016,Engaged-Premium
-1.1811103347508562,0.674067371855029,Budget-Regular
-0.6205868109795035,-2.5651067539895553,Delivery-Disappointed
0.7963193254808646,1.4512198697744643,Silent-Premium
-0.7811953351395268,0.21806598682221845,Budget-Regular
0.06179154541498195,-0.18828837401561796,Engaged-Premium
-0.26245749271473856,0.7663056342553137,Silent-Premium
-0.7861515548799987,0.7905418174288442,Budget-Regular
0.9545248691326282,0.7389880314660234,Silent-Premium
-1.6793482243707623,0.7890798452698656,Budget-Regular
-0.10235608794135354,0.8499568810684454,Silent-Premium
0.3058744101606281,-0.06278828945896564,Engaged-Premium
0.6136525541313477,-2.6963336980285892,Bulk-Buyer
1.2908932038217364,0.32259862554397994,Silent-Premium
-1.8359629943724285,0.30148341909729,Budget-Regular
1.5247319476132595,0.6081190283385917,Engaged-Premium
-0.328750742916944,0.754812756111855,Silent-Premium
1.026467531554747,-0.6755449277929679,Bulk-Buyer
-1.7603119776159708,0.5988343063716478,Budget-Regular
0.9369760622434822,1.0247250649574604,Silent-Premium
0.5441838182889146,-0.739319216361442,Engaged-Premium
0.7700640256163666,-0.3372168103780997,Engaged-Premium
-0.3339368258702607,1.0418550417991645,Silent-Premium
-0.7488649329180848,0.25777713977592237,Budget-Regular
0.02981221527310558,0.8804950076123351,Silent-Premium
1.3787427883953909,1.158937656969509,Engaged-Premium
0.5457748005485027,-0.9094962575127621,Engaged-Premium
0.374165427848091,0.932523847400081,Silent-Premium
-0.6581402930993603,0.6668269995484001,Silent-Premium
-0.1582456733196943,0.9398641543731471,Silent-Premium
-0.8222763451333687,-0.7347958523743854,Engaged-Premium
0.24164306299686372,1.0896865519258623,Silent-Premium
0.549085171553506,1.5967904105770976,Silent-Premium
-1.4593013155300405,-0.33264069924258505,Bulk-Buyer
1.8101886999191887,-0.6988552999845211,Engaged-Premium
-0.8964341535032205,0.6106606127860564,Budget-Regular
-0.19563113937222668,1.1326754413579663,Silent-Premium
1.7602905555525146,1.422822886065354,Silent-Premium
-2.7393087423755076,-0.8087119286185774,Budget-Regular
0.005958559549688472,-1.7915101886920632,Delivery-Disappointed
0.1945279671113168,0.44162025877592254,Silent-Premium
1.1799938039122169,0.5495197872217298,Engaged-Premium
2.571667358296266,-3.399130209897308,Delivery-Disappointed
-0.6607952508394324,0.7313582700231478,Silent-Premium
1.0458190081602108,0.5339556960545937,Engaged-Premium
0.22119335190313152,-0.24266840208925486,Bulk-Buyer
-0.5207773713283917,-2.3186384194736047,Delivery-Disappointed
-2.14424892776058,-0.7757569170953219,Budget-Regular
-1.4921432387632383,-0.7293182347875703,Budget-Regular
0.8457123423433737,-0.21250074654252585,Silent-Premium
-1.1269680384305498,0.773990348878651,Budget-Regular
0.5740101316439792,1.3735021792051827,Silent-Premium
-1.4130762971245956,1.0757525469021927,Budget-Regular
-0.7999958753706927,0.9204440414327322,Silent-Premium
0.8794306507540948,1.4123776961457675,Silent-Premium
-1.139646146272946,-0.5972160523100614,Engaged-Premium
0.45041232173936807,-0.4179372290875344,Engaged-Premium
-0.24656613847542114,1.0349874124950265,Silent-Premium
-0.9084595503090631,0.4584730734853536,Silent-Premium
-2.5667801645314987,-1.8616037545400015,Budget-Regular
-0.7615846615888774,0.06616916284146898,Bulk-Buyer
1.6421088826900392,-2.1242579723734103,Delivery-Disappointed
-3.1275198595158633,-0.39516467078985434,Budget-Regular
-0.3018505924147697,0.5999913942440832,Silent-Premium
0.6123607428429696,0.6863710934937838,Engaged-Premium
-0.4853564965119521,0.7884114407461817,Silent-Premium
0.32446770209479725,-3.6776846670301087,Delivery-Disappointed
-0.2511689528857823,1.3158900204606256,Silent-Premium
-2.0506760337068695,0.7836774945425619,Budget-Regular
-1.5205573057316024,0.6447746921261132,Budget-Regular
1.2145161497078398,1.5873467499018759,Silent-Premium
-2.5398230867009137,0.3689709965804427,Budget-Regular
-2.558074288784873,-1.2014781420860525,Budget-Regular
0.3303429086130974,0.012451362337168488,Engaged-Premium
-0.1277335359456409,-0.09250645057439619,Engaged-Premium
-0.8350857829145453,0.8729645854348902,Silent-Premium
0.8200565745034308,1.5465327501132486,Silent-Premium
-0.566351609151929,-4.4970954262697544,Delivery-Disappointed
-0.6265855419399836,0.7511614622086519,Silent-Premium
-0.5386568062721734,0.6937556057807108,Silent-Premium
0.5126688501640358,-0.874655545817738,Engaged-Premium
0.8449671876439444,1.1608275842821991,Silent-Premium
-0.3268813671680789,1.0467419836971126,Silent-Premium
0.9224078411110276,0.26967792634019283,Engaged-Premium
0.734501076609205,0.30651109478308747,Bulk-Buyer
0.6420686124576412,-0.39743700963541734,Engaged-Premium
0.9070025988193209,0.7738627757222883,Engaged-Premium
1.3445271741833107,1.3587176163299912,Silent-Premium
-2.267811028829329,-0.20570069332135502,Budget-Regular
-0.4861174035798571,0.8280088459533994,Silent-Premium
3.436994051406928,-0.27746109058411245,Engaged-Premium
-1.7357864809186425,0.8806600247105246,Budget-Regular
1.219477156655137,-0.030231179716851235,Silent-Premium
0.9937888156621226,0.24777293874022122,Engaged-Premium
-0.10692010149613063,-2.605126023432914,Bulk-Buyer
-0.29464529989721056,-0.3378408190845908,Silent-Premium
-1.6011302368274039,0.047259245012785556,Budget-Regular
0.7166804172909604,0.3449393432986578,Silent-Premium
1.717383664702716,-0.3296287915799473,Engaged-Premium
-0.5836907025143324,-0.6030613647330085,Bulk-Buyer
-2.942397186832377,-0.08227541536063604,Budget-Regular
0.6759642213838457,-0.26984315917121965,Silent-Premium
-1.8328140266430246,-0.8246690787511245,Budget-Regular
-2.00993702704595,0.2897728149816374,Budget-Regular
-0.018594680494723865,-0.0013224292504804074,Engaged-Premium
0.07922232477392042,-0.07886223718813018,Engaged-Premium
0.2704986893543783,-0.0884383754458416,Engaged-Premium
1.1997956905407585,0.6381500545246016,Silent-Premium
-0.14835760493254935,0.34558244496425267,Silent-Premium
0.12515486457275893,0.5215815054772992,Silent-Premium
-1.9551746860776238,-1.269618010766989,Budget-Regular
0.6653398732161391,0.34962463272770916,Engaged-Premium
-1.1676528308258765,0.7787877295480596,Budget-Regular
0.7056563081437335,1.1756512082857353,Silent-Premium
0.9716044977756477,0.4696748231589106,Silent-Premium
-0.31216778313613625,0.5143662575595488,Silent-Premium
-1.5505961471031289,-0.9058309976941378,Bulk-Buyer
-0.9019680939035353,-0.12179745172194079,Budget-Regular
-2.6202223922787495,-0.4417472216166958,Budget-Regular
0.7694769525157363,-0.22729655396530998,Engaged-Premium
-1.7220538493157644,0.5402511688725081,Budget-Regular
0.6689967459925261,1.0300726354172376,Silent-Premium
1.2408951362208278,1.71714810594039,Silent-Premium
3.3071004638123367,-0.8439434387082961,Delivery-Disappointed
0.21229336932883325,1.3345368498470078,Silent-Premium
0.4895170659412532,-0.5154362606252348,Engaged-Premium
0.6581628609426846,1.0114376270922085,Silent-Premium
-0.6564564285570111,1.2389938487375363,Silent-Premium
-0.876643804462723,0.8963933709510418,Silent-Premium
-1.2755658669326497,-0.28702763461007114,Budget-Regular
1.2871994809073397,-1.397065741439529,Delivery-Disappointed
1.03677193903122,1.2517721421305248,Silent-Premium
0.545878192532226,0.8159923026529026,Silent-Premium
-0.6623603521363308,-2.884167292653605,Delivery-Disappointed
-1.1768539505582432,0.16138785912021453,Budget-Regular
-0.20980189818072195,1.3697290507131292,Silent-Premium
-1.8914604091512048,0.19949806955514987,Budget-Regular
0.21896776912776844,-0.8730296735054646,Engaged-Premium
-1.5375430541027544,0.5482602525947148,Budget-Regular
-0.217164839523901,-0.277350107255481,Bulk-Buyer
0.30157212891823104,-1.173616967538259,Engaged-Premium
0.9863558952910383,1.2783683428204928,Silent-Premium
-0.4494780815316536,-0.12615732971455607,Engaged-Premium
-0.04409698482939947,-0.045062502705100385,Engaged-Premium
-0.010510595687877973,0.16157289561995425,Silent-Premium
1.7479643787107457,1.182601338386056,Silent-Premium
-0.6023455543272263,1.1125424081585056,Silent-Premium
-1.3679096985182693,-0.1951823375615004,Budget-Regular
-3.3299183369346568,-0.6857553618331358,Budget-Regular
-0.4589071346045077,-0.4729216732008745,Engaged-Premium
1.80593210242839,-1.651496161717528,Bulk-Buyer
-0.33944943696535895,0.6831142283358418,Silent-Premium
2.1476607922149373,-2.0136644148275296,Bulk-Buyer
0.1664121865445956,-0.21292494213178734,Engaged-Premium
2.200426348264945,1.2744067977700175,Engaged-Premium
1.835244236781867,-1.7994115504112134,Bulk-Buyer
-0.44710797186856793,0.769802897864726,Silent-Premium
2.015941324024799,1.1262917321875865,Silent-Premium
0.43745407931877045,1.4235901129487218,Silent-Premium
2.108697224399844,-0.8167517519603329,Bulk-Buyer
-0.7443056655809923,0.7975306426314541,Silent-Premium
-0.5375269369570009,-0.6272698313259848,Bulk-Buyer
-0.8049566839925214,-0.44706871574371965,Engaged-Premium
0.03489973127322176,0.9153100430673456,Bulk-Buyer
0.02049722190643778,0.5552178846610765,Silent-Premium
-0.38196733884209283,0.35505647365602133,Silent-Premium
-0.681617213391488,0.3978240910479619,Silent-Premium
-2.106604754491741,0.3306636085154942,Budget-Regular
-0.7697079365637995,0.3898485596761926,Budget-Regular
-0.5992048680431179,-0.26855807524684955,Engaged-Premium
0.5065999022572946,-1.6617599473759133,Delivery-Disappointed
-1.4985196488042338,-0.8286384969446754,Budget-Regular
0.13453556741558892,1.4438101271445836,Silent-Premium
0.9211795474330111,0.8203907805906479,Engaged-Premium
0.3223216154355776,-1.2161954351979893,Delivery-Disappointed
-1.1726620407111228,1.01261763309281,Budget-Regular
-3.038774698219716,-0.9177703499267927,Budget-Regular
0.9071123813486671,1.2764691642117953,Silent-Premium
-1.3352171023229293,0.3504571709858366,Bulk-Buyer
-0.12144524771727967,0.9045584471157635,Silent-Premium
-1.0971877229680544,0.4257219165544392,Budget-Regular
-0.18371494405764807,0.993523538197062,Silent-Premium
-2.0015815025029977,1.1697664488117923,Budget-Regular
-0.6381783597504864,0.6457653622154319,Silent-Premium
0.38279170525990913,-2.790546331911465,Delivery-Disappointed
0.803186185680799,-1.5795269172386424,Delivery-Disappointed
-1.6992681054199699,-0.031985838308226544,Budget-Regular
0.873238062783216,2.3665587002763786,Silent-Premium
-2.5513266269539336,-0.5591944565095334,Budget-Regular
-0.37202918993603484,-0.16602944252719898,Engaged-Premium
2.0050239016438898,-2.6322875688431004,Bulk-Buyer
2.7644406833433095,1.5954864697193836,Silent-Premium
-1.156902256092183,0.3641469116414959,Budget-Regular
-2.331066862673491,-3.514717922773595,Delivery-Disappointed
-0.6767489964182157,0.6261105159888634,Silent-Premium
0.8554091344500445,1.7978454864597142,Silent-Premium
0.995321575690937,-1.3117538923859928,Engaged-Premium
-1.4157212591821102,0.38404143806918706,Budget-Regular
-2.2174353928399815,0.10902698923030646,Budget-Regular
0.08070923490836802,0.7260282469060768,Engaged-Premium
0.0999606061972005,1.300271162874101,Silent-Premium
0.368383489292108,-0.42504206736520894,Engaged-Premium
0.29119171533379956,-3.6238585172800293,Delivery-Disappointed
-1.156849915196085,-0.3721385763324443,Engaged-Premium
-0.925221371608328,0.43380527804798497,Budget-Regular
1.1837019182713178,-2.0381640458662416,Delivery-Disappointed
-0.23077183117235306,-0.456360796840395,Silent-Premium
-1.282477251792885,0.21017123229217766,Budget-Regular
-0.8090425602349195,-0.558962687282762,Engaged-Premium
1.964808166429578,1.0206678375076328,Bulk-Buyer
-0.8009834889772266,0.9692363468799886,Silent-Premium
-1.5848063473869227,-0.3718981220914083,Budget-Regular
-0.25712237847017333,0.64434990191901,Engaged-Premium
0.7420840177090086,-2.1986244658245213,Bulk-Buyer
1.682728377541028,-0.5354078056502865,Engaged-Premium
-0.5742290104221489,-2.635624451794771,Delivery-Disappointed
-0.12094313544412572,0.6146294834274076,Silent-Premium
-0.47231292818348736,0.4704817617164794,Silent-Premium
0.226986064476134,-0.18839557320033076,Engaged-Premium
-0.35131564142787375,0.9011820309898778,Silent-Premium
0.033565921170721005,0.4670073423661109,Silent-Premium
1.2254819982507277,1.7455840107282408,Silent-Premium
0.4240056944361256,1.3095733530264055,Silent-Premium
0.22626687865479422,0.7534129936485221,Silent-Premium
-0.9423705358238584,0.746623023277745,Budget-Regular
-0.1944948984298475,0.29318731210303767,Silent-Premium
1.2304676285071594,1.2752402833593524,Silent-Premium
-1.5030154009496175,-0.03264702921173747,Budget-Regular
0.06756657599350756,0.04497240266442495,Engaged-Premium
0.5521425997944757,1.4559429005782654,Silent-Premium
-0.3519514292895696,0.848125502816468,Silent-Premium
-1.5541308429642438,-0.296066251602761,Budget-Regular
0.3038037858496162,0.5958269922003656,Engaged-Premium
-1.1589854929653793,0.6306121544699319,Budget-Regular
1.427305824622038,1.9072433028163498,Silent-Premium
-1.818078088101147,0.9612152717094258,Budget-Regular
-0.8081425794762862,-0.5942786291387113,Engaged-Premium
-0.47002372384272545,0.7156379562661511,Silent-Premium
-1.9801646599558502,-0.8981670983369933,Budget-Regular
-0.09895349693605789,-1.8830578761145522,Delivery-Disappointed
-0.5326209273521845,1.198735990367882,Silent-Premium
-0.27102131877494423,-0.06523240514860915,Engaged-Premium
-0.6036389054275774,-3.201708984894273,Bulk-Buyer
-1.4257194786176386,0.6348773613381389,Budget-Regular
-1.4732720783764832,-2.141723278670553,Budget-Regular
-0.006138325354999549,-2.290496131112181,Delivery-Disappointed
1.4645671468459405,1.6234616495438283,Silent-Premium
-0.4430953097535297,-0.3343039938899869,Engaged-Premium
1.0297136130326572,0.2378275967598463,Bulk-Buyer
2.19125970153633,0.8067691586706522,Engaged-Premium
0.6470296704211107,1.2560046282618873,Silent-Premium
0.9120863250732275,-1.8861740354187682,Delivery-Disappointed
1.9341761880058568,1.4963302957669216,Silent-Premium
-1.3700864395112706,0.31827405685787896,Budget-Regular
0.40480944392760626,0.8442893210217008,Silent-Premium
0.44504212565547874,-0.2561058719810402,Engaged-Premium
1.9756681235644578,0.8226791496644458,Bulk-Buyer
-2.0132877200543478,-0.04188141489814043,Budget-Regular
-1.4563508476213134,0.8138166911813667,Budget-Regular
-2.441342300964795,-0.036275362592915444,Budget-Regular
-0.03453103444011214,0.9308902542462854,Silent-Premium
-0.983377321521048,0.4538409533501763,Budget-Regular
3.7516801383990566,-5.125098668045693,Delivery-Disappointed
-1.1884092931652357,-0.23604159985598508,Budget-Regular
-1.4028657546210541,0.9930645737457008,Budget-Regular
-0.22369376593151857,0.1599162791004032,Silent-Premium
2.605145839924264,1.432712263593102,Silent-Premium
1.8254769958681443,-0.633548524390909,Bulk-Buyer
-1.2900167101144242,-0.0011758759458481082,Budget-Regular
-0.569181444603854,-0.4528827120700737,Engaged-Premium
-1.8976830967328446,-0.38543221427359703,Budget-Regular
3.533707235365164,-1.4944149975361207,Delivery-Disappointed
-1.196757519160908,-0.1570543094345166,Budget-Regular
0.4679461217803047,0.5854572884555296,Silent-Premium
-0.6930288981850439,-0.29052537051168076,Budget-Regular
2.0120659609511473,1.9942565708805735,Silent-Premium
0.01656922540602419,1.407461116195356,Silent-Premium
-0.626939065318329,-2.8666722766606743,Delivery-Disappointed
-0.03924162995402192,1.4011637274385171,Silent-Premium
-2.32430052377246,-3.076189742490377,Delivery-Disappointed
-0.4613059561911311,0.7130572653741548,Engaged-Premium
-0.14754288886812766,1.0990949534107608,Silent-Premium
-0.25270020086656186,1.2444227437524071,Silent-Premium
0.5252366113402971,-2.21768842258341,Delivery-Disappointed
-1.2034294866212218,-2.344589776025445,Delivery-Disappointed
-2.2532258335836053,-1.3529427462468306,Budget-Regular
1.4660070933144302,1.39472407124936,Silent-Premium
0.2344578400064004,1.053215066515085,Silent-Premium
0.5081143212297239,0.8636421702732591,Silent-Premium
2.4342319149524783,-3.298477983815334,Bulk-Buyer
0.11067490927747593,0.4991819848110293,Silent-Premium
-1.8740145474759107,-1.766336042118545,Budget-Regular
-0.7198728675308521,0.6756352153532603,Silent-Premium
-0.15322301864249102,-0.0006273114846439764,Silent-Premium
0.02304610230586802,1.0082811246982404,Silent-Premium
-0.46501830892295326,-0.260065487888912,Engaged-Premium
-0.01886029701343096,-0.6223890050739975,Silent-Premium
-0.35180624165069274,-0.2055072424965533,Silent-Premium
0.6447929698068999,1.071712722468632,Silent-Premium
0.18007412499686584,1.3512916425390022,Silent-Premium
0.45438498336769173,0.3480168900012697,Bulk-Buyer
0.7959244135813897,-1.783930940191599,Delivery-Disappointed
1.653771166112644,-1.9184060158555274,Delivery-Disappointed
-0.0031236474790731126,-0.24320798619271286,Engaged-Premium
0.03056009052531999,1.3890427929432954,Silent-Premium
-0.20528013678684112,0.8032809391641436,Silent-Premium
0.37706757008508285,1.0402279644572991,Silent-Premium
0.9636053510377496,1.0725623830515654,Bulk-Buyer
-1.2483882747716168,-1.7009388205052502,Bulk-Buyer
0.895645267424507,1.430384601651125,Silent-Premium
-0.09785100736375497,-1.1561244102613268,Engaged-Premium
1.5484899867948763,-2.1023024477506618,Delivery-Disappointed
-0.39490949045360957,1.3148161827705964,Silent-Premium
-0.45253194717460926,-1.0691795070923171,Engaged-Premium
-2.4554136392469084,0.15955411216474996,Budget-Regular
0.3191420020424627,1.5490762979396366,Silent-Premium
1.8970691434779883,-1.3094390107083835,Delivery-Disappointed
0.6088336693227323,1.087649017674018,Silent-Premium
1.5558036208122674,0.8622881343924422,Engaged-Premium
-1.3742346615635848,-0.3976366707377884,Budget-Regular
0.6579977256690275,-0.39390157247723545,Engaged-Premium
-0.6029064357341929,0.2418498157160117,Silent-Premium
0.11944834445678378,0.9881121919304632,Silent-Premium
0.1768655907323914,0.08953179928104353,Engaged-Premium
-1.4143313785363791,-0.5004489612567504,Budget-Regular
0.6533584606962483,1.597049955611904,Silent-Premium
-0.5576814054106901,-0.8847555754496255,Engaged-Premium
0.9672822610737328,-1.2913214314430057,Engaged-Premium
2.2144275221228207,0.7123404537830366,Silent-Premium
-0.5947510564869508,0.5055965219306646,Silent-Premium
0.9855217770685254,-1.758929678366081,Delivery-Disappointed
-3.08863000482069,-1.1629300522586294,Budget-Regular
0.8659598999749175,-0.5122100466778159,Engaged-Premium
0.19909295818189948,1.2715635510862755,Silent-Premium
2.037972096682493,1.6083722493807782,Silent-Premium
0.04997652235914123,-1.1068785091686713,Bulk-Buyer
2.5340911658463603,-2.4872653397393525,Bulk-Buyer
-0.6935173365348649,1.2142988988804282,Silent-Premium
0.6772398791358077,1.8465248454199519,Silent-Premium
0.25816594915501107,1.0424090800865873,Silent-Premium
0.3455651160012475,0.9340076410214744,Silent-Premium
-0.2710255121660802,1.3408837223090864,Silent-Premium
-0.10761023180716113,-1.8038393549755145,Delivery-Disappointed
-1.0328573362211482,0.7836682024604706,Budget-Regular
2.336105886021689,0.5185755346484391,Engaged-Premium
-2.413178252938434,0.4928919305354737,Budget-Regular
0.18375665366006882,0.16093672188225727,Silent-Premium
-2.5046029830940184,0.32657974364526965,Budget-Regular
-0.732824462967243,1.0858799570283033,Budget-Regular
0.8431699969078875,1.4521162161748007,Silent-Premium
0.6608888032285457,1.401431314144068,Silent-Premium
0.8373518673937999,1.5012389929797518,Silent-Premium
-1.4932329465886944,0.849180826237946,Budget-Regular
0.26658011217548583,-0.1006574967858313,Engaged-Premium
-1.018790593805557,-0.4350881561880832,Engaged-Premium
0.7350209245847961,1.4735364215548985,Silent-Premium
1.2249315448559865,1.3071221178824863,Silent-Premium
0.10835095192897258,0.6096551698809858,Engaged-Premium
-2.370493024357756,0.17178395814714448,Budget-Regular
0.9885758890469081,0.16665830095326287,Engaged-Premium
-1.8683696384342205,-0.9321080315909926,Budget-Regular
1.7233860620425936,-1.4598865549294024,Delivery-Disappointed
0.07458966925432527,1.7134252474307063,Silent-Premium
0.7317583167177532,-1.065051654171601,Engaged-Premium
1.2138402515578492,-2.913244252472805,Delivery-Disappointed
-0.16522176167531819,-0.5130253916468047,Engaged-Premium
-0.30723677933171056,0.21249646076696557,Silent-Premium
1.4353027359180894,1.204489663641055,Silent-Premium
0.7744534198162472,-0.5136281257008714,Bulk-Buyer
0.7373124244201426,1.1677391143891187,Bulk-Buyer
0.9423594883844264,-2.3789585408464538,Delivery-Disappointed
2.655660186694901,0.06626745957250058,Engaged-Premium
-0.7743241694893354,0.7889380393024708,Silent-Premium
1.1939486322645612,-3.699480376040626,Delivery-Disappointed
2.0074469780672404,1.5330130590120035,Silent-Premium
0.6801875790090199,-0.49021399421275513,Engaged-Premium
-0.657392495815121,-1.716800534302108,Bulk-Buyer
-1.1891546482986246,-0.45367620538064624,Budget-Regular
-0.5681918322346796,-0.974003770536852,Engaged-Premium
-0.17464742227694782,1.1869447862774523,Silent-Premium
1.7271494435612154,1.1981213252034142,Engaged-Premium
-1.6240342574056181,0.42896874502224674,Budget-Regular
0.3118756463188219,0.49986947781758423,Silent-Premium
-0.2775990244713794,0.8642633775085986,Silent-Premium
-1.382610134087856,1.0609778441993194,Budget-Regular
1.1716421469764073,1.160194827737492,Silent-Premium
-1.5361076600423262,0.9576566806188265,Budget-Regular
-0.09898975510145085,0.5970660742353241,Silent-Premium
0.9120548419036563,-1.8046271447466404,Delivery-Disappointed
0.17963113768674116,-0.5254183318151489,Engaged-Premium
