lat,lng,Segment,customer_city
-20.237574247959685,-50.889794710347836,Silent-Premium,tres fronteiras
-20.024210235883093,-45.53953430395729,Silent-Premium,lagoa da prata
-22.90377779156327,-43.59938318694088,Silent-Premium,rio de janeiro
-18.775054711119516,-42.93346666970913,Silent-Premium,guanhaes
-21.37617510196632,-42.31413117217626,Silent-Premium,palma
-20.44184566357639,-50.823212222965566,Silent-Premium,marinopolis
-22.59110169212468,-46.52629570814344,Silent-Premium,socorro
-22.922355824860112,-43.24398668180498,Silent-Premium,rio de janeiro
-23.536014182613048,-46.66888585042401,Silent-Premium,sao paulo
-23.98479796586644,-46.300849044480685,Silent-Premium,santos
-22.919132912026026,-43.67945448652558,Silent-Premium,rio de janeiro
-15.606445237906046,-56.07226706810028,Silent-Premium,cuiaba
-15.838541298222948,-48.05311331669846,Silent-Premium,brasilia
-21.36006189551128,-48.072412538636975,Silent-Premium,pradopolis
-30.048961945871135,-51.18911279156328,Silent-Premium,porto alegre
-25.098574566926594,-50.17676985990251,Silent-Premium,ponta grossa
-23.502567676669088,-47.36963989638951,Silent-Premium,sorocaba
-19.91567272522938,-43.976732227595306,Silent-Premium,belo horizonte
-1.0236595690611228,-46.63736106957848,Silent-Premium,augusto correa
-20.27612263059031,-40.32674530558595,Silent-Premium,vitoria
-29.685849300812556,-51.46313816602653,Silent-Premium,montenegro
-23.54716236816894,-46.65543934860632,Silent-Premium,sao paulo
-22.355312427145236,-47.38524196280801,Silent-Premium,araras
-22.88300855130404,-43.34976905180368,Silent-Premium,rio de janeiro
-24.940912499999996,-53.41046295253623,Silent-Premium,cascavel
-21.686599240757907,-51.075784747070934,Silent-Premium,adamantina
-24.9416094316173,-53.47026546554414,Silent-Premium,cascavel
-22.92356707409551,-43.21262803260434,Silent-Premium,rio de janeiro
-23.86364503051552,-49.14046304526399,Silent-Premium,itabera
-23.623520499999927,-46.55251599347911,Silent-Premium,sao caetano do sul
-28.25061567025468,-52.42606739771481,Silent-Premium,passo fundo
-27.23883432684724,-48.63755565612226,Silent-Premium,tijucas
-22.770399908130887,-47.15092318067981,Silent-Premium,paulinia
-23.57516623535694,-46.4965872536788,Silent-Premium,sao paulo
-28.030909682841575,-48.62452477827803,Silent-Premium,garopaba
-24.721286369469176,-53.72232671270729,Silent-Premium,toledo
-22.727575602833376,-47.67373307172959,Silent-Premium,piracicaba
-29.155127603647397,-51.17340894799052,Silent-Premium,caxias do sul
-23.179211520068115,-47.31278396116133,Silent-Premium,salto
-22.538864163443847,-41.97501205167477,Silent-Premium,rio das ostras
-23.524372634196983,-46.64555244317329,Silent-Premium,sao paulo
-29.736819089281788,-52.41781875123797,Silent-Premium,santa cruz do sul
-20.660955301151265,-43.78585877930211,Silent-Premium,conselheiro lafaiete
-23.572119688037397,-46.625417150989634,Silent-Premium,sao paulo
-13.391033521202127,-44.200200447002956,Silent-Premium,santa maria da vitoria
-23.4982544454671,-46.58310665875125,Silent-Premium,sao paulo
-23.07433526119847,-44.958662696600726,Silent-Premium,cunha
-23.640079123362614,-46.51544838301402,Silent-Premium,santo andre
-23.442873747432053,-46.40472063592881,Silent-Premium,guarulhos
-19.932443287396424,-44.0525045309138,Silent-Premium,contagem
-23.720437497374263,-46.68726445363587,Silent-Premium,sao paulo
-22.52212397398497,-43.18337185591896,Silent-Premium,petropolis
-6.462483675223601,-38.17994686127649,Silent-Premium,tenente ananias
-22.982145063413963,-47.10193953710478,Silent-Premium,campinas
-23.014294742166268,-43.46413167283893,Silent-Premium,rio de janeiro
-6.324285345092806,-47.42547697187908,Silent-Premium,tocantinopolis
-27.399771320303053,-51.226497760529256,Silent-Premium,campos novos
-22.894114190951584,-43.24169391520001,Silent-Premium,rio de janeiro
-22.90680859062836,-43.28821205966879,Silent-Premium,rio de janeiro
-7.152417644324536,-34.85070269559124,Silent-Premium,joao pessoa
-23.536294213793404,-46.20095422081212,Silent-Premium,mogi das cruzes
-22.84771880512192,-43.076144903438085,Silent-Premium,sao goncalo
-17.85842559791108,-41.51725648560269,Silent-Premium,teofilo otoni
-22.943344137606253,-47.07891662170351,Silent-Premium,campinas
-19.892370394396657,-43.94229006688214,Silent-Premium,belo horizonte
-19.8399409186066,-43.959657698309165,Silent-Premium,belo horizonte
-21.20303590598236,-47.80187851542229,Silent-Premium,ribeirao preto
-25.49443659283573,-49.14179462951636,Silent-Premium,sao jose dos pinhais
-19.930871148479472,-43.93471710629582,Silent-Premium,belo horizonte
-20.92126732058364,-48.496954735944826,Silent-Premium,bebedouro
-23.66878576729107,-45.43728702402193,Silent-Premium,caraguatatuba
-21.9725602790242,-46.795694051741215,Silent-Premium,sao joao da boa vista
-23.57585532722604,-46.537505926452745,Silent-Premium,sao paulo
-26.38638088443971,-53.52624520862069,Silent-Premium,guaruja do sul
-20.32859855492441,-40.369324619815295,Silent-Premium,cariacica
-29.706404537705414,-53.71720315182636,Silent-Premium,santa maria
-16.656939999999963,-49.28328615499999,Silent-Premium,goiania
-12.787896505110531,-38.393952535802995,Silent-Premium,simoes filho
-23.050279947968658,-50.22913672263493,Silent-Premium,andira
-20.73799136507532,-48.91093038579832,Silent-Premium,olimpia
-28.645273222411767,-53.5862286036356,Silent-Premium,cruz alta
-23.83394350350837,-46.81523885752993,Silent-Premium,embu-guacu
-19.8380295527176,-43.17989781281398,Silent-Premium,joao monlevade
-21.756112849319592,-41.331979873023,Silent-Premium,campos dos goytacazes
-21.686599240757907,-51.075784747070934,Silent-Premium,adamantina
-5.047138841118125,-48.5993882436702,Silent-Premium,bom jesus do tocantins
-20.96353271281558,-49.03290557938275,Silent-Premium,tabapua
-25.469780975786964,-50.65054682632399,Silent-Premium,irati
-22.899227469328885,-47.06648780502337,Silent-Premium,campinas
-29.98708400138498,-51.11434195071856,Silent-Premium,porto alegre
-23.52821852883758,-46.17006825497569,Silent-Premium,mogi das cruzes
-22.756350707508076,-43.42252899664987,Silent-Premium,nova iguacu
-20.83590501931484,-49.41240407249307,Silent-Premium,sao jose do rio preto
-22.884229794083204,-46.963361858777574,Silent-Premium,campinas
-8.115392897166615,-34.8970405649489,Silent-Premium,recife
-19.969010470858095,-43.96760867485142,Silent-Premium,belo horizonte
-23.441940985284816,-46.74802596932887,Silent-Premium,sao paulo
-15.825222088586951,-48.06130437788214,Silent-Premium,brasilia
-25.39393168621084,-49.34352887039064,Silent-Premium,curitiba
-23.50881422546093,-47.61194381391098,Silent-Premium,aracoiaba da serra
-23.682706732442742,-46.77977784400343,Silent-Premium,sao paulo
-23.63074293282939,-46.70644903926945,Silent-Premium,sao paulo
-28.68951102469276,-49.34861512698399,Silent-Premium,criciuma
-8.033959041864554,-34.89563988684098,Silent-Premium,recife
-27.117194300062266,-49.999117805390846,Silent-Premium,taio
-23.494285082872555,-46.87045613339008,Silent-Premium,barueri
-23.609187050439854,-46.933769687344906,Silent-Premium,cotia
-23.97221168082404,-46.314586513330205,Silent-Premium,santos
-15.939435832571364,-50.14285866371175,Silent-Premium,goias
-23.59382532001268,-46.59506172245942,Silent-Premium,sao paulo
-23.687300569497012,-47.024136618685546,Silent-Premium,cotia
-10.686135392421832,-37.42703415844027,Silent-Premium,itabaiana
-29.67745825880729,-51.05918890980452,Silent-Premium,campo bom
-23.60520299748984,-46.66609148265907,Silent-Premium,sao paulo
-20.66115628432712,-40.49941656311269,Silent-Premium,guarapari
-16.7224226128167,-43.86324095489327,Silent-Premium,montes claros
-22.414446697897635,-49.13740817070234,Silent-Premium,piratininga
-2.557431222444196,-44.24523936342501,Silent-Premium,sao luis
-23.637621216486806,-46.73668171051419,Silent-Premium,sao paulo
-15.594988055474516,-56.13152326011155,Silent-Premium,cuiaba
-21.009698989929387,-48.21908351951463,Silent-Premium,pitangueiras
-22.8943563487088,-46.41391447012428,Silent-Premium,vargem
-29.228746165664454,-51.36481412247986,Silent-Premium,farroupilha
-15.797852024153835,-47.89390250751566,Silent-Premium,brasilia
-19.90258048016325,-44.016092653903826,Silent-Premium,belo horizonte
-27.54240866084872,-48.49699966851308,Silent-Premium,florianopolis
-23.52076037607479,-46.66428988130433,Silent-Premium,sao paulo
-23.867518787956595,-46.7540388702464,Silent-Premium,sao paulo
-22.938556678817257,-43.06189295407768,Silent-Premium,niteroi
-23.447220663887148,-46.42751660713256,Silent-Premium,guarulhos
-21.24481728187358,-44.99836509644241,Silent-Premium,lavras
-22.882508748411613,-49.23886055139232,Silent-Premium,aguas de santa barbara
-1.4002461618096758,-48.44022998211082,Silent-Premium,belem
-21.99672021840065,-47.9007557361485,Silent-Premium,sao carlos
-23.9284341639139,-46.410112111257504,Silent-Premium,cubatao
-19.92312879282017,-44.09524980292296,Silent-Premium,contagem
-23.561483773241413,-46.636216077298165,Silent-Premium,sao paulo
-23.194530383237616,-46.896837001804485,Silent-Premium,jundiai
-23.490150706853875,-46.617224474492815,Silent-Premium,sao paulo
-23.650898207600004,-46.65502005773554,Silent-Premium,sao paulo
-21.179578055269594,-47.8091725567546,Silent-Premium,ribeirao preto
-30.03336443104038,-51.23063954079865,Silent-Premium,porto alegre
-23.498473989435023,-46.6725406902591,Silent-Premium,sao paulo
-22.936854813491813,-43.35996102505908,Silent-Premium,rio de janeiro
-27.678950440852773,-48.6501515088604,Silent-Premium,palhoca
-23.1408947463212,-45.77747070996593,Silent-Premium,sao jose dos campos
-21.87634504532155,-42.69745674514186,Silent-Premium,alem paraiba
-22.936668716858797,-45.473704584815565,Silent-Premium,pindamonhangaba
-23.60368097002138,-46.666812006665104,Silent-Premium,sao paulo
-22.936854813491813,-43.35996102505908,Silent-Premium,rio de janeiro
-23.50063490840948,-46.51611973688614,Silent-Premium,sao paulo
-23.467670099082472,-46.680339183208645,Silent-Premium,sao paulo
-23.55406967395316,-46.71506382604685,Silent-Premium,sao paulo
-26.29799024889898,-48.868040420480135,Silent-Premium,joinville
-22.918123077163223,-42.81760650604593,Silent-Premium,marica
-3.028084065204733,-59.95097898105776,Silent-Premium,manaus
-22.633463550008123,-47.05158214661835,Silent-Premium,holambra
-23.558072306116813,-46.60586586856825,Silent-Premium,sao paulo
-23.61804186394533,-46.75228906189049,Silent-Premium,sao paulo
-23.63280320739602,-46.739237617304966,Silent-Premium,sao paulo
-23.51483275506378,-46.75285271169716,Silent-Premium,sao paulo
-22.952966315183264,-47.000752404611255,Silent-Premium,valinhos
-24.030355622888592,-46.52275102013688,Silent-Premium,praia grande
-23.014294742166268,-43.46413167283893,Silent-Premium,rio de janeiro
-23.627002997230036,-46.63675215889549,Silent-Premium,sao paulo
-22.926251955973548,-45.46264189489208,Silent-Premium,pindamonhangaba
-29.44011815417685,-51.95466228704692,Silent-Premium,lajeado
-29.84927429226213,-51.15430634252267,Silent-Premium,esteio
-22.930452979874794,-47.035929675986,Silent-Premium,campinas
-23.014294742166268,-43.46413167283893,Silent-Premium,rio de janeiro
-20.031993188803344,-50.727482412172,Silent-Premium,santa albertina
-25.41393320342038,-49.3130649124783,Silent-Premium,curitiba
-23.63204026824975,-46.70299880398464,Silent-Premium,sao paulo
-23.685158005382213,-46.65799433276703,Silent-Premium,sao paulo
-21.181012061890485,-47.78952007431185,Silent-Premium,ribeirao preto
-23.97221168082404,-46.314586513330205,Silent-Premium,santos
-19.89003978212821,-43.99905876090082,Silent-Premium,belo horizonte
-27.60542121440934,-48.47002116127125,Silent-Premium,florianopolis
-22.944152786057888,-43.03479115358205,Silent-Premium,niteroi
-23.563198677813347,-46.5666503456664,Silent-Premium,sao paulo
-22.9051345444933,-47.09697306272721,Silent-Premium,campinas
-20.664291155105545,-40.50641609707141,Silent-Premium,guarapari
-19.87874816625308,-43.9310537134284,Silent-Premium,belo horizonte
-23.632770887039054,-46.554292980019014,Silent-Premium,sao caetano do sul
-23.691027058051727,-46.504557561076766,Silent-Premium,santo andre
-29.604057434931395,-51.16367994367905,Silent-Premium,ivoti
-22.69515790939998,-46.987014376493164,Silent-Premium,monte alegre do sul
-19.97551649235395,-43.971936358914604,Silent-Premium,belo horizonte
-5.112587778573852,-36.63321115967305,Silent-Premium,macau
-29.89894481127012,-51.16366879649095,Silent-Premium,canoas
-19.629852923974376,-43.22384359497725,Silent-Premium,itabira
-23.534107155433045,-46.56154451304173,Silent-Premium,sao paulo
-23.485233363033053,-46.75574245671983,Silent-Premium,sao paulo
-16.08430018401359,-48.50717951851378,Silent-Premium,alexania
-23.495815445467105,-46.68836539410818,Silent-Premium,sao paulo
-28.68830647062041,-49.38670203027518,Silent-Premium,criciuma
-27.60542121440934,-48.47002116127125,Silent-Premium,florianopolis
-22.740517490717608,-46.8958585777586,Silent-Premium,pedreira
-23.186380013590007,-46.88651921120668,Silent-Premium,jundiai
-21.680280267709847,-45.92160843709808,Silent-Premium,machado
-9.973390456997782,-67.84030356272721,Silent-Premium,rio branco
-23.546266606440067,-46.74784046863638,Silent-Premium,sao paulo
-22.481398523517264,-47.45877212094766,Silent-Premium,cordeiropolis
-2.426887126999578,-54.73083104396959,Silent-Premium,santarem
-23.444906448237063,-46.749702004934726,Silent-Premium,sao paulo
-19.96832110629376,-44.02464250183705,Silent-Premium,contagem
-28.507698984223516,-55.22620569546957,Silent-Premium,santo antonio das missoes
-22.98598325783374,-43.19186641534424,Silent-Premium,rio de janeiro
-22.748203295194685,-43.43990358655218,Silent-Premium,nova iguacu
-22.9411124891896,-47.04316126672053,Silent-Premium,campinas
-23.086496272847818,-47.216807769634734,Silent-Premium,indaiatuba
-25.442791128284213,-49.276760102140905,Silent-Premium,curitiba
-23.58750487878853,-46.825889845886735,Silent-Premium,cotia
-4.368890936339314,-38.801326257077335,Silent-Premium,aracoiaba
-23.640079123362614,-46.51544838301402,Silent-Premium,santo andre
-23.473127074383964,-46.63734175243804,Silent-Premium,sao paulo
-23.482467116667337,-46.13170591013399,Silent-Premium,mogi das cruzes
-23.180229756498715,-46.85773745019897,Silent-Premium,jundiai
-22.277216273975142,-48.5432584317704,Silent-Premium,jau
-28.25061567025468,-52.42606739771481,Silent-Premium,passo fundo
-23.58011336955392,-46.49829718040567,Silent-Premium,sao paulo
-23.086036875382305,-46.954171930582575,Silent-Premium,louveira
-20.502070116372256,-47.3968215,Silent-Premium,franca
-15.912151962538413,-48.06597125202511,Silent-Premium,brasilia
-24.014540409660096,-46.43840702622771,Silent-Premium,praia grande
-19.933277029141905,-44.1052968643083,Silent-Premium,betim
-22.92167385596392,-43.36033117000399,Silent-Premium,rio de janeiro
-30.04478353566277,-51.09698036179231,Silent-Premium,porto alegre
-23.590100220381945,-46.72392925506378,Silent-Premium,sao paulo
-23.447309060505503,-46.50225707576894,Silent-Premium,guarulhos
-22.943344137606253,-47.07891662170351,Silent-Premium,campinas
-25.424860600323225,-49.35933682584106,Silent-Premium,curitiba
-5.790670208904167,-37.558077603677674,Silent-Premium,caraubas
-25.37037591171133,-49.075822956597584,Silent-Premium,quatro barras
-23.51677547628342,-46.33643354559392,Silent-Premium,poa
-21.22252141271852,-50.44588268568579,Silent-Premium,aracatuba
-22.796202576934213,-43.38308624952391,Silent-Premium,sao joao de meriti
-23.541700665229538,-46.65257086372554,Silent-Premium,sao paulo
-5.292004300794145,-36.762060545388096,Silent-Premium,alto do rodrigues
-26.90742211051977,-49.04255812377123,Silent-Premium,blumenau
-24.00854267253503,-46.27294241879315,Silent-Premium,guaruja
-22.95459806717061,-43.17731169269164,Silent-Premium,rio de janeiro
-22.97264893936459,-43.18744696892487,Silent-Premium,rio de janeiro
-20.373626262192097,-43.41744554260202,Silent-Premium,mariana
-23.48180830521743,-47.44750717415892,Silent-Premium,sorocaba
-20.05560416989224,-40.197283946347554,Silent-Premium,serra
-9.605774210658424,-35.72294270891233,Silent-Premium,maceio
-20.68604093423175,-50.55323120558638,Silent-Premium,auriflama
-23.542227635143306,-46.86835638346921,Silent-Premium,barueri
-16.446566163338893,-54.61520640523574,Silent-Premium,rondonopolis
-19.920671611938914,-44.12947794136671,Silent-Premium,contagem
-23.495491646811058,-46.84718581311382,Silent-Premium,barueri
-23.07838578217041,-52.45778248906223,Silent-Premium,paranavai
-20.143995002659533,-44.20205595801386,Silent-Premium,brumadinho
-29.70382729405648,-52.39818607347314,Silent-Premium,santa cruz do sul
-16.08274499999993,-47.93224123899995,Silent-Premium,cidade ocidental
-20.89444583107576,-51.37480937158949,Silent-Premium,andradina
-20.374072683597397,-40.30532998337161,Silent-Premium,vila velha
-25.406795584024778,-49.25942853605031,Silent-Premium,curitiba
-26.905725,-49.08906794552563,Silent-Premium,blumenau
-22.668128036355263,-45.00807299999998,Silent-Premium,cachoeira paulista
-23.61488328621765,-46.603165620234286,Silent-Premium,sao paulo
-23.742470419695472,-46.577834449492144,Silent-Premium,sao bernardo do campo
-15.844322036240426,-48.02590214571617,Silent-Premium,brasilia
-20.342467507877814,-40.28566821952616,Silent-Premium,vila velha
-29.673977773241404,-53.829384196472674,Silent-Premium,santa maria
-23.56022602553523,-46.486680543020356,Silent-Premium,sao paulo
-19.89853645781635,-43.92141149611918,Silent-Premium,belo horizonte
-21.15508861476428,-47.80350926309952,Silent-Premium,ribeirao preto
-30.02058253621103,-51.1535145599737,Silent-Premium,porto alegre
-23.186380013590007,-46.88651921120668,Silent-Premium,jundiai
-20.806830481885147,-49.38960170992274,Silent-Premium,sao jose do rio preto
-23.488594654804253,-46.45920586865417,Silent-Premium,sao paulo
-30.092809899462708,-50.694388328298245,Silent-Premium,capao da porteira
-23.44280896641469,-46.75883897100233,Silent-Premium,sao paulo
-23.4865890753816,-46.89306864040721,Silent-Premium,barueri
-23.40379875437128,-46.418468647238726,Silent-Premium,guarulhos
-23.593393424375275,-46.481629877459774,Silent-Premium,sao paulo
-25.459683543568623,-49.29405194171619,Silent-Premium,curitiba
-16.36196685190559,-46.898106210100984,Silent-Premium,unai
-23.502687742022033,-46.46431842918368,Silent-Premium,sao paulo
-20.729601494303047,-47.75230325216032,Silent-Premium,nuporanga
-20.386870311646724,-43.506711008289,Silent-Premium,ouro preto
-23.48261088368666,-46.54357200000001,Silent-Premium,guarulhos
-26.404862461231307,-50.14356351293541,Silent-Premium,papanduva
-23.322352248071105,-46.58973137816835,Silent-Premium,mairipora
-3.416241028054149,-39.03098931818123,Silent-Premium,paracuru
-19.822707429915194,-43.96083024138544,Silent-Premium,belo horizonte
-30.02748908742571,-51.221771549541245,Silent-Premium,porto alegre
-27.65387393727499,-52.29538929205589,Silent-Premium,erechim
-22.949477453257384,-43.18835583888282,Silent-Premium,rio de janeiro
-19.94452180045008,-43.93951993345966,Silent-Premium,belo horizonte
-23.396139497504166,-46.315214004717525,Silent-Premium,aruja
-16.301250866446065,-48.95872808067442,Silent-Premium,anapolis
-23.160985042991708,-46.917868021668745,Silent-Premium,jundiai
-23.5904159681434,-46.53891009922671,Silent-Premium,sao paulo
-7.204802853413785,-39.31694800908709,Silent-Premium,juazeiro do norte
-23.171412122396,-45.79514513411988,Silent-Premium,sao jose dos campos
-5.3775820011209206,-49.130283442045155,Silent-Premium,maraba
-31.306912970797605,-54.07423522339987,Silent-Premium,bage
-26.22580808081601,-52.67412588626672,Silent-Premium,pato branco
-19.8595462052484,-43.95570128711987,Silent-Premium,belo horizonte
-22.989590846290746,-46.997789431292496,Silent-Premium,valinhos
-20.004409586010045,-43.84298511195,Silent-Premium,nova lima
-23.586860527740978,-46.76648527553521,Silent-Premium,sao paulo
-23.718475739930227,-46.61681505571586,Silent-Premium,diadema
-19.78884929309248,-43.98459783986375,Silent-Premium,belo horizonte
-28.27442783728939,-51.68771690866047,Silent-Premium,caseiros
-16.698923923627095,-49.27468664557785,Silent-Premium,goiania
-19.144288218101547,-40.622464664126696,Silent-Premium,sao domingos do norte
-22.81683345406545,-47.025226240735094,Silent-Premium,campinas
-23.609074345694275,-46.65970305492974,Silent-Premium,sao paulo
-3.780273678991284,-38.59518355354902,Silent-Premium,fortaleza
-23.635235230068247,-46.57806347619599,Silent-Premium,sao caetano do sul
-12.979088414896395,-38.50999366097296,Silent-Premium,salvador
-26.39492561350507,-53.08104604988514,Silent-Premium,campo ere
-14.62311393670911,-57.49069053333387,Silent-Premium,tangara da serra
-22.8150116968618,-45.183611426362205,Silent-Premium,guaratingueta
-19.929184326374482,-44.11320547867971,Silent-Premium,contagem
-23.635116922557604,-46.60340351304175,Silent-Premium,sao paulo
-23.669762689897244,-46.668562720862795,Silent-Premium,sao paulo
-27.654333563838055,-48.48006946565008,Silent-Premium,florianopolis
-22.726238760826234,-47.368535315448625,Silent-Premium,santa barbara d'oeste
-19.39783256179756,-40.067626658499954,Silent-Premium,linhares
-27.59525894226445,-48.55346741363679,Silent-Premium,florianopolis
-24.318551607574076,-50.64808654105371,Silent-Premium,telemaco borba
-23.542605,-47.43756377699231,Silent-Premium,votorantim
-23.500984159587976,-46.66086110505508,Silent-Premium,sao paulo
-22.761224033831567,-43.45611220461891,Silent-Premium,nova iguacu
-1.3472829402922597,-48.39942593160029,Silent-Premium,ananindeua
-15.657852426977136,-47.79668919191656,Silent-Premium,brasilia
-23.593806586733223,-46.67685095129546,Silent-Premium,sao paulo
-23.533145287264094,-46.71661485858965,Silent-Premium,sao paulo
-19.806759628738437,-43.96023667415893,Silent-Premium,belo horizonte
-12.970364907969731,-38.43510051848935,Silent-Premium,salvador
-29.18931886171497,-54.86751986111217,Silent-Premium,santiago
-31.748349080212343,-52.375660627531886,Silent-Premium,pelotas
-29.58697668096932,-51.08815065070117,Silent-Premium,dois irmaos
-22.971588385030664,-43.33006828639565,Silent-Premium,rio de janeiro
-22.702484891482463,-46.76670562101103,Silent-Premium,amparo
-19.39783256179756,-40.067626658499954,Silent-Premium,linhares
-21.55587254471016,-45.43768015981176,Silent-Premium,varginha
-12.968642761839638,-38.46596017808847,Silent-Premium,salvador
-22.04223445060299,-47.89217108205857,Silent-Premium,sao carlos
-23.678104522967278,-46.60230578963004,Silent-Premium,diadema
-23.201927077990646,-46.88743947195444,Silent-Premium,jundiai
-22.897514536211027,-43.184015450040405,Silent-Premium,rio de janeiro
-7.33300768583963,-47.47040432631057,Silent-Premium,carolina
-22.439818245602737,-45.47034162015221,Silent-Premium,itajuba
-23.20026337044312,-46.78186483246769,Silent-Premium,campo limpo paulista
-18.419180064533588,-49.245982439487435,Silent-Premium,itumbiara
-29.11487327576648,-51.12507066917881,Silent-Premium,caxias do sul
-22.915108068555597,-43.56323432791364,Silent-Premium,rio de janeiro
-23.220810878485008,-44.7185363572174,Silent-Premium,parati
-23.495491646811058,-46.84718581311382,Silent-Premium,barueri
-23.624298054632632,-46.75525539543194,Silent-Premium,sao paulo
-23.7409648815278,-46.55499681266943,Silent-Premium,sao bernardo do campo
-26.313388752986302,-48.85602003497027,Silent-Premium,joinville
-15.843053489167191,-48.030175344364245,Silent-Premium,brasilia
-19.836652531363598,-44.006507782748585,Silent-Premium,belo horizonte
-8.115392897166615,-34.8970405649489,Silent-Premium,recife
-20.347485704912433,-40.4244652014834,Silent-Premium,viana
-23.492108129354868,-46.49212026810552,Silent-Premium,sao paulo
-22.936923942837232,-43.02393151551399,Silent-Premium,niteroi
-23.22754226513965,-46.84432210192777,Silent-Premium,varzea paulista
-19.74570399283904,-43.94251767343394,Silent-Premium,vespasiano
-22.918822238624934,-47.057363661877595,Silent-Premium,campinas
-23.50983930030584,-46.48854484221535,Silent-Premium,sao paulo
-22.619672383515827,-51.237708564439885,Silent-Premium,nantes
-15.65163879785368,-47.80128038671236,Silent-Premium,brasilia
-26.914710861989555,-48.66094867263115,Silent-Premium,itajai
-23.009617598517572,-46.853418489894764,Silent-Premium,itatiba
-23.63580786663679,-46.71368647000955,Silent-Premium,sao paulo
-23.551689676483026,-46.62076350725653,Silent-Premium,sao paulo
-23.62087271994926,-46.68512455646613,Silent-Premium,sao paulo
-22.47402490515725,-45.61721480055336,Silent-Premium,brazopolis
-23.51503460560334,-46.44060207799066,Silent-Premium,sao paulo
-23.98479796586644,-46.300849044480685,Silent-Premium,santos
-23.000643279177964,-43.55315755479796,Silent-Premium,rio de janeiro
-23.548283805860088,-46.6593134403312,Silent-Premium,sao paulo
-23.671511696087475,-46.775827932425365,Silent-Premium,sao paulo
-22.944152786057888,-43.03479115358205,Silent-Premium,niteroi
-22.04009712079893,-48.33461071406133,Silent-Premium,trabiju
-23.712859098700683,-47.41623869785824,Silent-Premium,piedade
-8.899569604266645,-36.49414935729672,Silent-Premium,garanhuns
-22.761224033831567,-43.45611220461891,Silent-Premium,nova iguacu
-27.25715480415264,-49.93294827666639,Silent-Premium,pouso redondo
-14.068487619139265,-42.488189883855696,Silent-Premium,caetite
-16.012933266327465,-48.0620074255435,Silent-Premium,brasilia
-22.4063415,-54.43873785086151,Silent-Premium,vicentina
-23.594892328051355,-46.62905793949449,Silent-Premium,sao paulo
-23.41882311285771,-47.41656602261881,Silent-Premium,sorocaba
-25.505462726963817,-49.32490259697523,Silent-Premium,curitiba
-23.50623958312654,-47.44285134540369,Silent-Premium,sorocaba
-16.289706445695494,-48.94861499999996,Silent-Premium,anapolis
0.0534539422786059,-51.05853619886202,Silent-Premium,macapa
-8.068680262003001,-34.928193738131284,Silent-Premium,recife
-19.89852966212726,-44.03415449217125,Silent-Premium,contagem
-12.970364907969731,-38.43510051848935,Silent-Premium,salvador
-19.31467881193368,-46.05001823735698,Silent-Premium,sao gotardo
-22.916833051618703,-43.21798092630852,Silent-Premium,rio de janeiro
-17.596518603530626,-44.73515887606278,Silent-Premium,varzea da palma
-23.02499883377845,-45.5572207464897,Silent-Premium,taubate
-15.820469999999991,-47.91317625000001,Silent-Premium,brasilia
-22.502132813499088,-44.116472954757946,Silent-Premium,volta redonda
-23.535378806278445,-46.67067326270981,Silent-Premium,sao paulo
-22.532779999999946,-44.20283853649948,Silent-Premium,barra mansa
-20.52804807780614,-47.38827901323783,Silent-Premium,franca
-20.808642337297865,-49.347107383801536,Silent-Premium,sao jose do rio preto
-23.57550224257029,-46.73282464946043,Silent-Premium,sao paulo
-16.36196685190559,-46.898106210100984,Silent-Premium,unai
-26.313388752986302,-48.85602003497027,Silent-Premium,joinville
-22.75708980422579,-43.46870686576724,Silent-Premium,nova iguacu
-19.655593440697324,-43.233615008425176,Silent-Premium,itabira
-29.892226969737827,-50.26569650087135,Silent-Premium,osorio
-23.881680445694144,-46.73161918804371,Silent-Premium,sao paulo
-20.98706816471372,-47.65557417620856,Silent-Premium,brodowski
-23.506049208479613,-46.71737739541604,Silent-Premium,sao paulo
-23.653538203924427,-46.314006433256225,Silent-Premium,suzano
-20.24795806800733,-40.271542735284825,Silent-Premium,vitoria
-21.73729242983738,-43.4017297456287,Silent-Premium,juiz de fora
-23.561779395363267,-46.47581652435226,Silent-Premium,sao paulo
-23.502729436580296,-46.42199569191893,Silent-Premium,sao paulo
-30.01763382175244,-51.12602317306241,Silent-Premium,porto alegre
-23.569905991949916,-46.57176444240866,Silent-Premium,sao paulo
-23.180229756498715,-46.85773745019897,Silent-Premium,jundiai
-19.984193818802098,-44.00209721994925,Silent-Premium,belo horizonte
-19.992208515133537,-44.01636425512896,Silent-Premium,belo horizonte
-23.444955764643066,-46.54749436393359,Silent-Premium,guarulhos
-23.322352248071105,-46.58973137816835,Silent-Premium,mairipora
-19.83901541909516,-43.97403905857227,Silent-Premium,belo horizonte
-19.63863100472473,-43.90171846264042,Silent-Premium,lagoa santa
-12.993898656818015,-38.46577870601301,Silent-Premium,salvador
-23.587998359974627,-46.74086722085809,Silent-Premium,sao paulo
-22.922738625147183,-42.88789487860715,Silent-Premium,marica
-10.21291719244266,-36.83783485960422,Silent-Premium,propria
-22.941046165690945,-43.17617823078362,Silent-Premium,rio de janeiro
-24.6186285873495,-53.32171363389954,Silent-Premium,cafelandia
-22.933631577298154,-43.37647022788376,Silent-Premium,rio de janeiro
-29.231312405602875,-53.68158220247091,Silent-Premium,julio de castilhos
-21.680280267709847,-45.92160843709808,Silent-Premium,machado
-23.001664514859417,-43.40383953802869,Silent-Premium,rio de janeiro
-18.718674986379657,-39.89750449399215,Silent-Premium,sao mateus
-19.757774179294827,-47.9553386619712,Silent-Premium,uberaba
-1.4702139225576074,-48.49028477130817,Silent-Premium,belem
-22.586427367719512,-47.51274020487925,Silent-Premium,iracemapolis
-23.54898587913322,-46.643139396906825,Silent-Premium,sao paulo
-23.10029029398992,-47.18166030113401,Silent-Premium,indaiatuba
-29.94119453176208,-50.99294438954569,Silent-Premium,gravatai
-16.740979757471482,-43.84815993588782,Silent-Premium,montes claros
-17.843405678766587,-40.3464798270996,Silent-Premium,nanuque
-19.954446958060508,-44.02612231409741,Silent-Premium,contagem
-19.173229195013285,-41.47247462220565,Silent-Premium,conselheiro pena
-8.107022441023696,-34.909863377306245,Silent-Premium,recife
-22.947960386642016,-47.30653160819561,Silent-Premium,monte mor
-23.687318259445505,-46.74743884139295,Silent-Premium,sao paulo
-22.90600354640406,-43.10546782889948,Silent-Premium,niteroi
-23.322352248071105,-46.58973137816835,Silent-Premium,mairipora
-23.549496369698147,-46.61983619193254,Silent-Premium,sao paulo
-19.947433295314173,-43.928925768249734,Silent-Premium,belo horizonte
-25.548566606151606,-49.26605713321602,Silent-Premium,curitiba
-22.752582179703964,-43.444221463420185,Silent-Premium,nova iguacu
-20.13074890385741,-40.29002553742366,Silent-Premium,serra
-23.497960253678794,-46.69062821557797,Silent-Premium,sao paulo
-22.750047255217915,-50.38673643154034,Silent-Premium,candido mota
-19.979423575086685,-43.94002821445109,Silent-Premium,nova lima
-21.756112849319592,-41.331979873023,Silent-Premium,campos dos goytacazes
-23.21130687949995,-46.88044951858166,Silent-Premium,jundiai
-24.112989428946435,-49.33153304217702,Silent-Premium,itarare
-23.66217601387846,-46.53464565474054,Silent-Premium,santo andre
-22.75416336358131,-47.347509410352586,Silent-Premium,americana
-22.902127847625383,-43.12463807063305,Silent-Premium,niteroi
-24.659027557405217,-48.99226823438965,Silent-Premium,adrianopolis
-19.969010470858095,-43.96760867485142,Silent-Premium,belo horizonte
-21.24481728187358,-44.99836509644241,Silent-Premium,lavras
-23.49921489953255,-46.80712731513658,Silent-Premium,osasco
-23.25288579990181,-51.14614427712626,Silent-Premium,londrina
-23.58838403941368,-46.68118004657522,Silent-Premium,sao paulo
-22.836436732168615,-43.2755566090658,Silent-Premium,rio de janeiro
-22.8991184007733,-43.17963533744704,Silent-Premium,rio de janeiro
-23.54477386886143,-46.756580981692466,Silent-Premium,sao paulo
-22.98598325783374,-43.19186641534424,Silent-Premium,rio de janeiro
-22.29344505272213,-48.56812850652086,Silent-Premium,jau
-1.4280537705001086,-48.46444616013624,Silent-Premium,belem
-15.541851497315726,-47.33653822258718,Silent-Premium,formosa
-23.53676737440136,-46.65894785581968,Silent-Premium,sao paulo
-23.73053443491416,-46.4797563463713,Silent-Premium,santo andre
-15.460159929300918,-55.74582963846584,Silent-Premium,chapada dos guimaraes
-2.5325131715264684,-44.2506395758232,Silent-Premium,sao luis
-1.6166569727096125,-47.47837325396073,Silent-Premium,sao miguel do guama
-23.538144675421798,-46.70347863868197,Silent-Premium,sao paulo
-21.782881739656105,-43.38489771856428,Silent-Premium,juiz de fora
-22.974205243407017,-47.172892149316205,Silent-Premium,campinas
-23.542520789115148,-46.63533516134283,Silent-Premium,sao paulo
-22.8796102749367,-43.091603704065434,Silent-Premium,niteroi
-21.90747320518916,-47.62143917310523,Silent-Premium,descalvado
-27.15253242886683,-48.50464784416293,Silent-Premium,bombinhas
-26.902710347072976,-48.67873509497431,Silent-Premium,itajai
-28.63083023402565,-53.09511159180065,Silent-Premium,ibiruba
-23.607164503750912,-46.63086556134222,Silent-Premium,sao paulo
-22.978469157654736,-43.23383336857298,Silent-Premium,rio de janeiro
-16.440501985791833,-41.00889491142415,Silent-Premium,jequitinhonha
-25.51749022370017,-49.24106513500504,Silent-Premium,curitiba
-22.56657485870212,-44.16298161850085,Silent-Premium,barra mansa
-22.866385578662914,-43.372546724464776,Silent-Premium,rio de janeiro
-23.015680812161104,-45.55837595218639,Silent-Premium,taubate
-23.451350521784317,-46.52266787607479,Silent-Premium,guarulhos
-22.52456377677273,-41.944338149018726,Silent-Premium,rio das ostras
-22.768842390945508,-47.34061147091706,Silent-Premium,americana
-19.15688975767194,-45.44725700231122,Silent-Premium,abaete
-22.88751675166894,-43.12059679174127,Silent-Premium,niteroi
-25.469632068671924,-49.29126078988983,Silent-Premium,curitiba
-23.549620882595665,-46.68943299861501,Silent-Premium,sao paulo
-19.906330599226692,-43.936668051907176,Silent-Premium,belo horizonte
-24.179855538627187,-46.79049637055164,Silent-Premium,itanhaem
-22.92541928296553,-43.232072863400354,Silent-Premium,rio de janeiro
-23.56698929058232,-46.81162587862104,Silent-Premium,osasco
-23.61368317345164,-46.662701699086455,Silent-Premium,sao paulo
-30.00705652553522,-51.17525078926519,Silent-Premium,porto alegre
-21.782409239033026,-50.79137335892627,Silent-Premium,parapua
-23.532869922846064,-46.67041383714811,Silent-Premium,sao paulo
-22.47334532640637,-43.149373760118806,Silent-Premium,petropolis
-23.483362378367712,-46.72654241909515,Silent-Premium,sao paulo
-23.58683867943905,-46.71759517262971,Silent-Premium,sao paulo
-1.4630158658030092,-48.48808887193567,Silent-Premium,belem
-18.850559452819724,-41.97572927760917,Silent-Premium,governador valadares
-3.108286608243403,-60.03607427442437,Silent-Premium,manaus
-22.011604969162068,-49.79140808051452,Silent-Premium,julio mesquita
-23.10333587745346,-48.25762128772862,Silent-Premium,bofete
-23.48054439439665,-47.50954370774423,Silent-Premium,sorocaba
-22.78149969138461,-46.59025263142381,Silent-Premium,pinhalzinho
-22.841859215938552,-43.26485004378114,Silent-Premium,rio de janeiro
-22.937512792544215,-43.24664597821569,Silent-Premium,rio de janeiro
-19.877727652086158,-43.995110704830054,Silent-Premium,belo horizonte
-23.64702435137628,-46.6663345453863,Silent-Premium,sao paulo
-23.657452634995465,-46.612405838882815,Silent-Premium,sao paulo
-23.309902583386343,-51.17493375000001,Silent-Premium,londrina
-22.897497594494848,-43.5771638381903,Silent-Premium,rio de janeiro
-21.736513274922913,-48.68791766596293,Silent-Premium,tabatinga
-23.531680729384323,-46.54299782292687,Silent-Premium,sao paulo
-27.566501367924868,-48.62448683786694,Silent-Premium,sao jose
-23.692014859651152,-46.38202901970684,Silent-Premium,ribeirao pires
-23.53465951956261,-46.68318834026778,Silent-Premium,sao paulo
-20.33139024364796,-40.35025679698992,Silent-Premium,vila velha
-23.558979719400995,-46.52722660130416,Silent-Premium,sao paulo
-23.546151782420843,-46.568900831900976,Silent-Premium,sao paulo
-15.819303143672464,-47.91721770702057,Silent-Premium,brasilia
-22.69515790939998,-46.987014376493164,Silent-Premium,jaguariuna
-22.941046165690945,-43.17617823078362,Silent-Premium,rio de janeiro
-23.32360915967533,-46.700929245015786,Silent-Premium,franco da rocha
-23.12205294438917,-47.24970057689272,Silent-Premium,indaiatuba
-22.867403259507167,-48.44843974160631,Silent-Premium,botucatu
-21.757690120914923,-48.82976816265947,Silent-Premium,ibitinga
-18.594254231392327,-46.50120395362445,Silent-Premium,patos de minas
-26.76582257431367,-51.01681883415123,Silent-Premium,cacador
-23.49085966222804,-46.378334648003346,Silent-Premium,sao paulo
-15.88656862472217,-52.266156588214294,Silent-Premium,barra do garcas
-16.653288463125406,-49.48837959290822,Silent-Premium,trindade
-23.654474821816017,-46.639899465301006,Silent-Premium,sao paulo
-23.592306489035725,-46.5257516274436,Silent-Premium,sao paulo
-23.554452237578637,-46.54746075382302,Silent-Premium,sao paulo
-15.17063023996429,-42.49963329392081,Silent-Premium,montezuma
-22.522864316107068,-46.64756741512481,Silent-Premium,lindoia
-8.018658876008494,-34.91625388430071,Silent-Premium,recife
-22.738226374141554,-47.6199425173409,Silent-Premium,piracicaba
-21.303652458988616,-50.35442002862485,Silent-Premium,birigui
-29.93026925963708,-51.02325320981801,Silent-Premium,gravatai
-21.84566586507617,-46.56275581632215,Silent-Premium,pocos de caldas
-23.554850323330907,-46.676875640862086,Silent-Premium,sao paulo
-23.62366891173756,-46.67019874152133,Silent-Premium,sao paulo
-22.628424999999936,-43.21351654193727,Silent-Premium,duque de caxias
-15.769661294191618,-51.10280221998166,Silent-Premium,santa fe de goias
-23.555556314184297,-46.68985712017429,Silent-Premium,sao paulo
-23.98479796586644,-46.300849044480685,Silent-Premium,santos
-30.019450389953256,-51.13703201653284,Silent-Premium,porto alegre
-22.920179070777287,-43.1800400189857,Silent-Premium,rio de janeiro
-23.57472874493622,-46.68862629892086,Silent-Premium,sao paulo
-16.69494644451846,-49.27709414677224,Silent-Premium,goiania
-23.542127519129053,-46.7527721799693,Silent-Premium,sao paulo
-20.68959370285506,-55.27819987240339,Silent-Premium,dois irmaos do buriti
-20.25624491956578,-42.03398861864435,Silent-Premium,manhuacu
-23.28391677801272,-51.26584241243004,Silent-Premium,cambe
-23.156299066198635,-47.04923371339494,Silent-Premium,itupeva
-22.655818424923535,-50.395499413266776,Silent-Premium,assis
-23.014294742166268,-43.46413167283893,Silent-Premium,rio de janeiro
-22.93003541243005,-43.38943773232147,Silent-Premium,rio de janeiro
-6.002216911595636,-40.29412199869469,Silent-Premium,taua
-20.422767933483087,-49.971725710857996,Silent-Premium,votuporanga
-23.611465970021374,-46.68509399333488,Silent-Premium,sao paulo
-22.88722375926633,-47.20093703649303,Silent-Premium,hortolandia
-22.95459806717061,-43.17731169269164,Silent-Premium,rio de janeiro
-12.965639341578822,-38.500953143325575,Silent-Premium,salvador
-23.51024063281201,-46.566772533166954,Silent-Premium,sao paulo
-11.418498479917067,-58.762016312315296,Silent-Premium,juina
-23.439417904524205,-47.46771412254022,Silent-Premium,sorocaba
-22.605298322148823,-46.91887161356906,Silent-Premium,santo antonio de posse
-21.430873544820937,-50.08722856241691,Silent-Premium,penapolis
-22.817940349921532,-47.24004385158533,Silent-Premium,sumare
-13.626872814287005,-41.32881042848442,Silent-Premium,barra da estiva
-22.935304308644387,-43.333493394632,Silent-Premium,rio de janeiro
-19.867906407416527,-43.948638825898854,Silent-Premium,belo horizonte
-23.585284023283343,-48.03600512907585,Silent-Premium,itapetininga
-22.897497594494848,-43.5771638381903,Silent-Premium,rio de janeiro
-22.81445142403528,-47.07071336742769,Silent-Premium,campinas
-15.814891037476572,-47.91680938500559,Silent-Premium,brasilia
-23.539820103990145,-46.31780434759043,Silent-Premium,suzano
-19.747979301613125,-47.93624668039608,Silent-Premium,uberaba
-23.424478609629773,-51.8971907225523,Silent-Premium,maringa
-13.528742361850982,-39.9694437679826,Silent-Premium,jaguaquara
-21.356961507728457,-43.04815597908357,Silent-Premium,guarani
-23.55366239523337,-46.4506999200761,Silent-Premium,sao paulo
-23.59342860727678,-46.68575510560334,Silent-Premium,sao paulo
-17.342303063567126,-44.93370877307213,Silent-Premium,pirapora
-23.50194772122327,-46.741152929085914,Silent-Premium,sao paulo
-9.169161490372733,-36.68185592830251,Silent-Premium,bom conselho
-23.522169194460325,-51.67660312131849,Silent-Premium,mandaguari
-23.02187989307062,-43.46365439966753,Silent-Premium,rio de janeiro
-15.2319216637812,-59.333290197084864,Silent-Premium,pontes e lacerda
-15.83249161554641,-48.107208189193145,Silent-Premium,brasilia
-19.936877427145244,-43.96747446113456,Silent-Premium,belo horizonte
-22.912121384482425,-43.17276000612761,Silent-Premium,rio de janeiro
-11.528564211052108,-61.01426578928362,Silent-Premium,espigao do oeste
-22.120590351310792,-51.42839130361126,Silent-Premium,presidente prudente
-21.77908820260835,-43.348806010820034,Silent-Premium,juiz de fora
-25.384073578827376,-49.221749758324215,Silent-Premium,curitiba
-22.63246618910492,-43.282594438293096,Silent-Premium,duque de caxias
-23.561779395363267,-46.47581652435226,Silent-Premium,sao paulo
-30.0556154274337,-51.1989189296554,Silent-Premium,porto alegre
-23.684854601898024,-46.43806303592078,Silent-Premium,maua
-23.020354915151103,-45.57141335905713,Silent-Premium,taubate
-22.655818424923535,-50.395499413266776,Silent-Premium,assis
-22.7577375,-43.30890252337607,Silent-Premium,duque de caxias
-23.432678999999997,-46.43597834624039,Silent-Premium,guarulhos
-23.317650533181272,-51.15768994561134,Silent-Premium,londrina
-23.506426089647405,-46.77223415044136,Silent-Premium,osasco
-22.005434640025364,-47.915117995412366,Silent-Premium,sao carlos
-29.915863208436726,-51.18773936782405,Silent-Premium,canoas
-21.132255496367456,-42.36636076158465,Silent-Premium,muriae
-30.051017183449765,-51.14661889924408,Silent-Premium,porto alegre
-28.447361138467933,-52.200140304573225,Silent-Premium,marau
-16.73721067784725,-49.2779556069106,Silent-Premium,goiania
-27.607759872653133,-53.1668883211147,Silent-Premium,cerro grande
-20.20573692802297,-50.92692375841509,Silent-Premium,santa fe do sul
-22.47907747356156,-43.82127029512845,Silent-Premium,barra do pirai
-23.277593536983716,-46.7583268425073,Silent-Premium,francisco morato
-16.678565562329865,-50.46366427849526,Silent-Premium,aurilandia
-23.413674398073603,-46.03530944116793,Silent-Premium,guararema
-19.970868116609125,-43.93993252477061,Silent-Premium,belo horizonte
-22.635327800619784,-47.19802863204109,Silent-Premium,cosmopolis
-23.556815612833606,-46.65074498528482,Silent-Premium,sao paulo
-23.452833017485133,-46.50715331127011,Silent-Premium,guarulhos
-23.578719279933942,-46.80839392743596,Silent-Premium,osasco
-24.010703002741373,-46.4061962395147,Silent-Premium,praia grande
-21.156125975877337,-47.824942408203,Silent-Premium,ribeirao preto
-22.984312987232386,-43.21999298167813,Silent-Premium,rio de janeiro
-19.81138429808414,-44.01334541296184,Silent-Premium,ribeirao das neves
-23.627382244243726,-46.69532863321602,Silent-Premium,sao paulo
-23.52821078782871,-46.35386295920134,Silent-Premium,poa
-25.707792524327772,-52.91822149999996,Silent-Premium,sao jorge d'oeste
-26.91031052805772,-49.07446664209314,Silent-Premium,blumenau
-27.642501237607874,-48.68054933753507,Silent-Premium,palhoca
-22.802320737543184,-47.20403845683539,Silent-Premium,sumare
-23.56221632445608,-46.53888007660566,Silent-Premium,sao paulo
-23.622535445467097,-46.66327932361935,Silent-Premium,sao paulo
-19.965074323330903,-43.94845903260437,Silent-Premium,belo horizonte
-22.49016442089259,-44.562961979844616,Silent-Premium,itatiaia
-29.378080970566504,-50.874708555254045,Silent-Premium,gramado
-23.55971076646229,-46.830354546046344,Silent-Premium,carapicuiba
-23.61195654870451,-46.74357120024242,Silent-Premium,sao paulo
-25.442791128284213,-49.276760102140905,Silent-Premium,curitiba
-23.656342642475988,-52.60977281399602,Silent-Premium,cianorte
-23.564850747157923,-46.75924564863176,Silent-Premium,sao paulo
-23.565713039961945,-46.65577318166076,Silent-Premium,sao paulo
-23.49192999194992,-46.59134649651459,Silent-Premium,sao paulo
-18.944314187344897,-48.27933001540767,Silent-Premium,uberlandia
-19.97551649235395,-43.971936358914604,Silent-Premium,belo horizonte
-17.843405678766587,-40.3464798270996,Silent-Premium,nanuque
-21.35512849934266,-50.28482297686622,Silent-Premium,coroados
-22.293377426796756,-42.52384431631721,Silent-Premium,nova friburgo
-23.506426089647405,-46.77223415044136,Silent-Premium,osasco
-20.00245249056494,-44.01055685303541,Silent-Premium,belo horizonte
-1.444996720209064,-48.48452464695026,Silent-Premium,belem
-23.641877043568627,-46.50196149610485,Silent-Premium,santo andre
-15.766187208148011,-47.8844325,Silent-Premium,brasilia
-7.198068778202136,-34.86595721431817,Silent-Premium,joao pessoa
-10.70653555337566,-48.40658648976063,Silent-Premium,porto nacional
-25.58860776242136,-49.331401071153294,Silent-Premium,curitiba
-23.505967344026324,-46.86762212637944,Silent-Premium,barueri
-23.548805456038203,-46.52860928018063,Silent-Premium,sao paulo
-29.238071488558287,-51.87132385700613,Silent-Premium,encantado
-23.606386840958358,-46.7738625886593,Silent-Premium,taboao da serra
-21.156125975877337,-47.824942408203,Silent-Premium,ribeirao preto
-22.90507423727126,-43.1771726677823,Silent-Premium,rio de janeiro
-23.9284341639139,-46.410112111257504,Silent-Premium,cubatao
-17.206222865568588,-54.14623559736019,Silent-Premium,itiquira
-26.993432999999943,-48.634162435885465,Silent-Premium,balneario camboriu
-23.457830647238737,-46.628224381210686,Silent-Premium,sao paulo
-25.669302958763204,-53.80729151689831,Silent-Premium,capanema
-21.788259192047157,-46.565584849600626,Silent-Premium,pocos de caldas
-23.57455677047144,-46.53041401027178,Silent-Premium,sao paulo
-22.900371422153583,-43.28638470439734,Silent-Premium,rio de janeiro
-23.925241609983075,-48.69995358689421,Silent-Premium,taquarivai
-25.645223999999946,-48.44440651546505,Silent-Premium,pontal do parana
-23.560979404987414,-47.08801875740269,Silent-Premium,sao roque
-29.655470823900487,-51.18976732570391,Silent-Premium,estancia velha
-23.619525380518198,-46.66576230763491,Silent-Premium,sao paulo
-21.45727633081372,-54.37606147295011,Silent-Premium,nova alvorada do sul
-9.800592565643312,-49.2146605010246,Silent-Premium,divinopolis do tocantins
-29.717175968713285,-52.429568373086376,Silent-Premium,santa cruz do sul
-21.73694740576496,-43.33512349624909,Silent-Premium,juiz de fora
-19.46970149792253,-42.562507159587966,Silent-Premium,ipatinga
-23.143586641554577,-46.58355514175659,Silent-Premium,atibaia
-21.775175570907194,-43.353949609498486,Silent-Premium,juiz de fora
-15.80138967693458,-47.92204575000001,Silent-Premium,brasilia
-22.744053773559706,-47.33598674923539,Silent-Premium,americana
-23.6026934207006,-46.75612054704541,Silent-Premium,taboao da serra
-22.982166178458098,-43.20805283381904,Silent-Premium,rio de janeiro
-22.949477453257384,-43.18835583888282,Silent-Premium,rio de janeiro
-23.51005387483404,-46.55250584085751,Silent-Premium,sao paulo
-19.946934214683473,-43.95237299999999,Silent-Premium,belo horizonte
-23.630074627531883,-46.591863296722536,Silent-Premium,sao paulo
-23.128136528997672,-46.569352699001655,Silent-Premium,atibaia
-22.8991184007733,-43.17963533744704,Silent-Premium,rio de janeiro
-23.651402620129755,-46.76770366250216,Silent-Premium,sao paulo
-27.023629587602706,-48.64921313036202,Silent-Premium,camboriu
-22.981969840368173,-43.21999670107915,Silent-Premium,rio de janeiro
-19.412168952136533,-40.5436216264985,Silent-Premium,marilandia
-23.1244962120434,-46.58359363780365,Silent-Premium,atibaia
-13.37048320812459,-39.07149533785422,Silent-Premium,valenca
-28.28834453416741,-52.79139806482223,Silent-Premium,carazinho
-23.508744150828115,-46.482234348228864,Silent-Premium,sao paulo
-18.41730352682551,-49.21644868899043,Silent-Premium,itumbiara
-19.87482809063998,-44.98560567343412,Silent-Premium,nova serrana
-23.55689593782346,-46.29249478253684,Silent-Premium,suzano
-23.001664514859417,-43.40383953802869,Silent-Premium,rio de janeiro
-23.50103547792722,-47.51798650996727,Silent-Premium,sorocaba
-29.937644009853422,-51.06813137809448,Silent-Premium,gravatai
-12.98338898724672,-38.45987947050183,Silent-Premium,salvador
-22.882376409414437,-43.363361678169646,Silent-Premium,rio de janeiro
-20.450513650866057,-54.57029782486011,Silent-Premium,campo grande
-23.744676305715856,-46.68546268932597,Silent-Premium,sao paulo
-23.503488109614054,-46.7987711273679,Silent-Premium,osasco
-21.99672021840065,-47.9007557361485,Silent-Premium,sao carlos
-23.21087131779099,-45.85379743144441,Silent-Premium,sao jose dos campos
-7.019168679794973,-35.85913356061947,Silent-Premium,esperanca
-23.600935959201337,-46.6443131493162,Silent-Premium,sao paulo
-23.527214475445724,-46.7315398082117,Silent-Premium,sao paulo
-21.95333984351455,-48.00318898286364,Silent-Premium,ibate
-23.97084358728148,-46.30755936926548,Silent-Premium,santos
-19.940673920133687,-44.01920608312653,Silent-Premium,belo horizonte
-21.732524422785474,-48.108535108144864,Silent-Premium,americo brasiliense
-23.631231677765612,-46.49590477892556,Silent-Premium,santo andre
-23.48261088368666,-46.54357200000001,Silent-Premium,guarulhos
-27.63576485506205,-48.65487242539686,Silent-Premium,palhoca
-8.111701449782773,-34.94972100325105,Silent-Premium,recife
-22.108713619497166,-41.46946533607488,Silent-Premium,quissama
-22.916833051618703,-43.21798092630852,Silent-Premium,rio de janeiro
-19.813069492842576,-43.1739175118738,Silent-Premium,joao monlevade
-23.449885950196027,-46.35855330279718,Silent-Premium,itaquaquecetuba
-23.532632283844492,-46.798890397022376,Silent-Premium,osasco
-23.65084035137628,-46.77379495965543,Silent-Premium,sao paulo
-22.668128036355263,-45.00807299999998,Silent-Premium,cachoeira paulista
-22.965012010820043,-43.222581162228046,Silent-Premium,rio de janeiro
-23.67332717021707,-46.54528848405988,Silent-Premium,santo andre
-23.51992999904818,-46.17713395622714,Silent-Premium,mogi das cruzes
-23.66680329236412,-46.78338322207837,Silent-Premium,sao paulo
-23.537607674158934,-46.44900617124475,Silent-Premium,sao paulo
-23.55957485068379,-46.77575905150596,Silent-Premium,osasco
-27.58139345074722,-48.59315382334522,Silent-Premium,florianopolis
-23.015680812161104,-45.55837595218639,Silent-Premium,taubate
-26.485276026772077,-51.98993370830179,Silent-Premium,palmas
-8.02806040161002,-34.91745726437687,Silent-Premium,recife
-23.010010522621027,-43.31960105704306,Silent-Premium,rio de janeiro
-23.03894492897937,-45.61022439693251,Silent-Premium,taubate
-15.873524240043173,-47.973059435491756,Silent-Premium,brasilia
-23.18300381820934,-46.96922804883066,Silent-Premium,jundiai
-3.787892245628712,-38.54071505606212,Silent-Premium,fortaleza
-23.004214031623405,-43.335593643632045,Silent-Premium,rio de janeiro
-20.808642337297865,-49.347107383801536,Silent-Premium,sao jose do rio preto
-9.41827758847273,-36.63884959499762,Silent-Premium,palmeira dos indios
-20.62427354495619,-49.65197898070469,Silent-Premium,tanabi
-13.686273512924927,-39.479924053679476,Silent-Premium,wenceslau guimaraes
-22.95459806717061,-43.17731169269164,Silent-Premium,rio de janeiro
-23.34260473815715,-46.74551083147743,Silent-Premium,caieiras
-23.51765825783373,-46.77034237428577,Silent-Premium,osasco
-3.758220277043243,-38.60100795293954,Silent-Premium,fortaleza
-22.91731807201573,-43.09368761944342,Silent-Premium,niteroi
-15.815119187786586,-48.091259797707096,Silent-Premium,brasilia
-19.4640919269876,-44.23060408513105,Silent-Premium,sete lagoas
-20.23750661693996,-40.27106778721477,Silent-Premium,serra
-23.665150619611705,-46.61663334365811,Silent-Premium,diadema
-23.57956909512453,-46.64194095745629,Silent-Premium,sao paulo
-23.66601633166945,-46.75774481127009,Silent-Premium,sao paulo
-23.611654194010004,-46.63146857729816,Silent-Premium,sao paulo
-23.624732943937893,-46.6367172536788,Silent-Premium,sao paulo
-21.430873544820937,-50.08722856241691,Silent-Premium,penapolis
-25.397569477927224,-49.26715498043738,Silent-Premium,curitiba
-27.223564493219325,-49.640669599053794,Silent-Premium,rio do sul
-22.47402490515725,-45.61721480055336,Silent-Premium,brazopolis
-22.962608088810693,-43.17066214169881,Silent-Premium,rio de janeiro
-17.223373086135236,-46.87518788782276,Silent-Premium,paracatu
-23.54452854760799,-46.60721815017951,Silent-Premium,sao paulo
-22.633463550008123,-47.05158214661835,Silent-Premium,holambra
-23.546910520399337,-46.5739911401696,Silent-Premium,sao paulo
-22.599254430886607,-47.40879928660274,Silent-Premium,limeira
-19.87317691534425,-43.93586893581568,Silent-Premium,belo horizonte
-23.57581293762882,-46.8042525,Silent-Premium,osasco
-23.31828597990669,-51.393659592973975,Silent-Premium,rolandia
-23.266251734744035,-51.1828109807745,Silent-Premium,londrina
-19.946934214683473,-43.95237299999999,Silent-Premium,belo horizonte
-7.231463366221365,-35.92564389363204,Silent-Premium,campina grande
-26.458559473096877,-48.61618058743272,Silent-Premium,balneario barra do sul
-12.255815970114064,-38.96088736933568,Silent-Premium,feira de santana
-15.76815265916268,-47.780335035545406,Silent-Premium,brasilia
-23.534220153759595,-46.62957259920161,Silent-Premium,sao paulo
-25.40185417929483,-49.20590335359798,Silent-Premium,curitiba
-19.970868116609125,-43.93993252477061,Silent-Premium,belo horizonte
-20.782097819970694,-51.70910815434539,Silent-Premium,tres lagoas
-23.542944348058064,-46.65326703830284,Silent-Premium,sao paulo
-22.846279819966668,-45.231033881967846,Silent-Premium,aparecida
-8.136443514570956,-34.90571245809048,Silent-Premium,recife
-27.59498544240868,-48.54438165070117,Silent-Premium,florianopolis
-23.627382244243726,-46.69532863321602,Silent-Premium,sao paulo
-25.41673572265192,-49.26880058283808,Silent-Premium,curitiba
-30.015353525390992,-51.16292631709848,Silent-Premium,porto alegre
-23.491463521784304,-46.6288605,Silent-Premium,sao paulo
-20.58539612477616,-47.86315577415144,Silent-Premium,sao joaquim da barra
-23.685835327226048,-46.70060490660166,Silent-Premium,sao paulo
-23.552701438253745,-46.62184286179229,Silent-Premium,sao paulo
-22.767474970812167,-43.35217720858108,Silent-Premium,sao joao de meriti
-17.53094539440142,-39.716735920666395,Silent-Premium,teixeira de freitas
-20.64209093618861,-51.107688277732,Silent-Premium,pereira barreto
-23.967893909958995,-46.38596286668334,Silent-Premium,sao vicente
-19.8890753970908,-43.7961842007285,Silent-Premium,sabara
-23.83394350350837,-46.81523885752993,Silent-Premium,embu-guacu
-23.58144166556059,-46.676905669441396,Silent-Premium,sao paulo
-23.585447965029715,-46.62893070898499,Silent-Premium,sao paulo
-23.312708528449416,-51.1673625,Silent-Premium,londrina
-23.56640335729583,-46.64158540455872,Silent-Premium,sao paulo
-24.010703002741373,-46.4061962395147,Silent-Premium,praia grande
-23.388042258670453,-47.33979079961335,Silent-Premium,itu
-23.54775736886144,-46.64021604302036,Silent-Premium,sao paulo
-21.69506411550893,-45.257499190163706,Silent-Premium,tres coracoes
-21.284953188062783,-50.31845585766597,Silent-Premium,birigui
-15.843092528722453,-47.82225242246026,Silent-Premium,brasilia
-23.491428663887145,-46.60417913183105,Silent-Premium,sao paulo
-31.57900611177755,-53.381243753045055,Silent-Premium,pinheiro machado
-24.25631191956125,-49.71645951480758,Silent-Premium,jaguariaiva
-20.89381730481633,-45.27677199919795,Silent-Premium,campo belo
-23.606858430751917,-46.91654275047613,Silent-Premium,cotia
-28.634626180218685,-53.60492263850532,Silent-Premium,cruz alta
-27.49792062531479,-54.09968889975492,Silent-Premium,crissiumal
-13.002814446015355,-38.46387616648835,Silent-Premium,salvador
-21.686599240757907,-51.075784747070934,Silent-Premium,adamantina
-17.036074998406388,-39.53206169221629,Silent-Premium,itamaraju
-23.594103513185964,-46.78596851762937,Silent-Premium,sao paulo
-23.49512310703413,-47.48422303566279,Silent-Premium,sorocaba
-21.77908820260835,-43.348806010820034,Silent-Premium,juiz de fora
-22.915108068555597,-43.56323432791364,Silent-Premium,rio de janeiro
-19.931520729672776,-43.93375589840736,Silent-Premium,belo horizonte
-23.554850323330907,-46.676875640862086,Silent-Premium,sao paulo
-23.67089250180615,-46.75925474743205,Silent-Premium,sao paulo
-17.225652347572613,-40.082960202001,Silent-Premium,vereda
-25.55383889419798,-54.56990134265213,Silent-Premium,foz do iguacu
-23.719823491922494,-46.564917738308495,Silent-Premium,sao bernardo do campo
-15.817093488778422,-48.126833753669246,Silent-Premium,brasilia
-21.921298982885077,-50.73202996925728,Silent-Premium,bastos
-23.533355284205676,-46.5329695022217,Silent-Premium,sao paulo
-22.771943889865383,-43.525243215715406,Silent-Premium,nova iguacu
-20.006385601708207,-44.03819766028048,Silent-Premium,belo horizonte
-21.261618082814028,-48.30740931278517,Silent-Premium,jaboticabal
-23.633015143776277,-46.70689364807545,Silent-Premium,sao paulo
-23.49990347876395,-46.555141484044064,Silent-Premium,guarulhos
-5.3566304784021925,-36.12479979396372,Silent-Premium,jandaira
-23.569905991949916,-46.57176444240866,Silent-Premium,sao paulo
-23.225915629753587,-45.88003242576027,Silent-Premium,sao jose dos campos
-23.66615225087014,-46.78746324276619,Silent-Premium,sao paulo
-23.70540496744501,-46.5699240313636,Silent-Premium,sao bernardo do campo
-21.755614190035484,-48.15879931389357,Silent-Premium,araraquara
-26.491203754919542,-49.05336001987973,Silent-Premium,jaragua do sul
-21.77305317401471,-43.38114378425809,Silent-Premium,juiz de fora
-23.93701834115489,-46.32474999999994,Silent-Premium,santos
-22.288946116642418,-42.53129847072045,Silent-Premium,nova friburgo
-23.96833960874899,-46.399847284772726,Silent-Premium,sao vicente
-23.773181643697704,-46.59689761451517,Silent-Premium,sao bernardo do campo
-23.499373461975644,-46.832186480942994,Silent-Premium,barueri
-23.09644276124603,-52.47958499421644,Silent-Premium,paranavai
-23.4312797463212,-46.53484499639333,Silent-Premium,guarulhos
-15.836459230091172,-48.03186831726771,Silent-Premium,brasilia
-18.944314187344897,-48.27933001540767,Silent-Premium,uberlandia
-23.607693000000005,-46.75265774999998,Silent-Premium,taboao da serra
-23.967893909958995,-46.38596286668334,Silent-Premium,sao vicente
-23.20414980599,-45.89810482431184,Silent-Premium,sao jose dos campos
-25.078918583108006,-50.17599892960875,Silent-Premium,ponta grossa
-23.598521580904844,-46.53666669240867,Silent-Premium,sao paulo
-23.03891721552109,-51.809081596930106,Silent-Premium,santa fe
-23.63655737356463,-46.63882852345775,Silent-Premium,sao paulo
-23.610297609354255,-46.443941992707266,Silent-Premium,sao paulo
-23.698845104297472,-46.54305293907612,Silent-Premium,sao bernardo do campo
-22.952966315183264,-47.000752404611255,Silent-Premium,valinhos
-23.533474292941296,-46.82942465880205,Silent-Premium,carapicuiba
-22.922355824860112,-43.24398668180498,Silent-Premium,rio de janeiro
-23.00032259397384,-43.3316464124193,Silent-Premium,rio de janeiro
-23.523957293092487,-46.46187852233399,Silent-Premium,sao paulo
-23.491463521784304,-46.6288605,Silent-Premium,sao paulo
-22.64413459812549,-50.40200848196661,Silent-Premium,assis
-23.68698516287448,-46.552552123595405,Silent-Premium,sao bernardo do campo
-23.51984443493675,-46.40374258486402,Silent-Premium,sao paulo
-3.7804407431328877,-38.58341922043972,Silent-Premium,fortaleza
-23.56471213211952,-46.65274077352985,Silent-Premium,sao paulo
-21.14123141819782,-48.94716983999366,Silent-Premium,catanduva
-29.63760126795937,-51.00682848756556,Silent-Premium,sapiranga
-23.916030612585978,-52.34530202903304,Silent-Premium,peabiru
-25.38745985141605,-49.2428856313153,Silent-Premium,curitiba
-22.51150638481737,-44.08098386955392,Silent-Premium,volta redonda
-7.084159205029661,-41.41005254076399,Silent-Premium,picos
-22.783893252093517,-43.30629834500532,Silent-Premium,duque de caxias
-22.325849093389458,-49.07367968064902,Silent-Premium,bauru
-23.64702435137628,-46.6663345453863,Silent-Premium,sao paulo
-16.710609537046928,-49.24181812467197,Silent-Premium,goiania
-25.503903419095156,-49.29915005238615,Silent-Premium,curitiba
-15.76893084540368,-47.92512273645806,Silent-Premium,brasilia
-23.509616605603348,-47.46048507438396,Silent-Premium,sorocaba
-23.20007321591649,-45.94849128749523,Silent-Premium,sao jose dos campos
-22.167981326373056,-43.58219633416256,Silent-Premium,rio das flores
-23.57538559651848,-46.65718691736133,Silent-Premium,sao paulo
-24.70644585527129,-47.560697318012096,Silent-Premium,iguape
-23.49718835332407,-46.401278495008334,Silent-Premium,sao paulo
-19.95000335413147,-44.05688267099998,Silent-Premium,contagem
-23.66680329236412,-46.78338322207837,Silent-Premium,sao paulo
-1.4537426852674302,-48.4881708871833,Silent-Premium,belem
-29.955317714774893,-50.97574775838434,Silent-Premium,gravatai
-23.69470364807545,-46.51149665000868,Silent-Premium,santo andre
-19.087265460433454,-43.141891712852974,Silent-Premium,carmesia
-23.02381377523277,-45.54999278866723,Silent-Premium,taubate
-27.172563180968265,-51.50738060224988,Silent-Premium,joacaba
-23.17965058485729,-46.90576352862229,Silent-Premium,jundiai
-15.841450954140925,-48.024025688112914,Silent-Premium,brasilia
-19.946934214683473,-43.95237299999999,Silent-Premium,belo horizonte
-19.8399409186066,-43.959657698309165,Silent-Premium,belo horizonte
-22.802320737543184,-47.20403845683539,Silent-Premium,sumare
-19.91956942763518,-44.11687161757868,Silent-Premium,contagem
-18.9239008462404,-48.25008947100231,Silent-Premium,uberlandia
-20.284603009435063,-40.29512303471047,Silent-Premium,vitoria
-23.180924811785815,-50.64953431443574,Silent-Premium,cornelio procopio
-23.96237820964202,-46.38108193166076,Silent-Premium,sao vicente
-22.922355824860112,-43.24398668180498,Silent-Premium,rio de janeiro
-23.414213060660472,-51.927470791096226,Silent-Premium,maringa
-29.692365255495957,-53.811816361435646,Silent-Premium,santa maria
-15.834434448095209,-48.01769280939392,Silent-Premium,brasilia
-23.637621164031383,-46.71757255668797,Silent-Premium,sao paulo
-22.91553294448616,-43.40164068762021,Silent-Premium,rio de janeiro
-20.29092416917643,-40.31579118108383,Silent-Premium,vitoria
-21.13123713300312,-47.745165321945926,Silent-Premium,ribeirao preto
-23.5615966758022,-46.56312274864303,Silent-Premium,sao paulo
-16.672615551754138,-49.26001832602462,Silent-Premium,goiania
-23.49157916985976,-46.61162269747246,Silent-Premium,sao paulo
-20.62427354495619,-49.65197898070469,Silent-Premium,tanabi
-12.945629120575925,-39.52130163012606,Silent-Premium,elisio medrado
-22.884436477927228,-43.38141380682672,Silent-Premium,rio de janeiro
-25.4418509866698,-49.311134222815554,Silent-Premium,curitiba
-23.48807447760504,-46.35751602664146,Silent-Premium,itaquaquecetuba
-26.735210530892083,-49.17179755276431,Silent-Premium,pomerode
-19.92623391618096,-43.96560766250218,Silent-Premium,belo horizonte
-23.475908881210685,-46.738400879328445,Silent-Premium,sao paulo
-25.675471185860506,-49.30393657895417,Silent-Premium,fazenda rio grande
-21.639537448348893,-41.04520349605082,Silent-Premium,sao joao da barra
-29.99864680777968,-50.147826985388306,Silent-Premium,tramandai
-12.987852544338008,-38.50062851637428,Silent-Premium,salvador
2.8580783365107942,-60.66100251129764,Silent-Premium,boa vista
-23.081616658549407,-52.453958815747455,Silent-Premium,paranavai
-20.42126660395856,-54.602595663438095,Silent-Premium,campo grande
-27.117194300062266,-49.999117805390846,Silent-Premium,taio
-23.458648107132547,-46.49702587538229,Silent-Premium,guarulhos
-19.961883657158385,-43.9869427389636,Silent-Premium,belo horizonte
-20.416194370617323,-50.7625513424886,Silent-Premium,palmeira d'oeste
-23.61862521288013,-46.75845077644406,Silent-Premium,sao paulo
-20.4849387438397,-54.57246565308888,Silent-Premium,campo grande
-8.073046456182583,-34.994051789580816,Silent-Premium,jaboatao dos guararapes
-23.44648612142797,-46.412993571364034,Silent-Premium,guarulhos
-23.086496272847818,-47.216807769634734,Silent-Premium,indaiatuba
-23.501146441860428,-46.74886066173756,Silent-Premium,sao paulo
-10.593832336221343,-38.38209829435899,Silent-Premium,cicero dantas
-22.404391322992577,-46.95654245889666,Silent-Premium,mogi mirim
-23.96003450332996,-46.37232995814135,Silent-Premium,sao vicente
-23.455997614065545,-46.57542242097061,Silent-Premium,sao paulo
-22.556825701497495,-47.42307221908908,Silent-Premium,limeira
-21.706672934973454,-47.27307793893837,Silent-Premium,tambau
-19.85061693228113,-43.9311726401696,Silent-Premium,belo horizonte
-23.742789663887148,-46.6949266239252,Silent-Premium,sao paulo
-23.53738472745108,-46.57701985457893,Silent-Premium,sao paulo
-22.99550409409081,-49.8836186282174,Silent-Premium,ourinhos
-24.014540409660096,-46.43840702622771,Silent-Premium,praia grande
-22.434325092075227,-42.94566444829067,Silent-Premium,teresopolis
-22.8885464074384,-48.44093727755606,Silent-Premium,botucatu
-25.50713848404407,-49.27652913764653,Silent-Premium,curitiba
-23.630596987724537,-46.585844366386944,Silent-Premium,sao paulo
-23.487909700050515,-46.6449940582838,Silent-Premium,sao paulo
-23.53282919925744,-46.843558724817726,Silent-Premium,carapicuiba
-22.71104562596596,-42.62882877464098,Silent-Premium,rio bonito
-22.373920111804395,-41.77972882544024,Silent-Premium,macae
-15.755557500000004,-47.88374961741052,Silent-Premium,brasilia
-26.079695103182665,-53.052996266304255,Silent-Premium,francisco beltrao
-8.107022441023696,-34.909863377306245,Silent-Premium,recife
-23.62116095141106,-46.73065704349887,Silent-Premium,sao paulo
-30.03562309576425,-51.20066497807145,Silent-Premium,porto alegre
-20.38420747537149,-42.25100156352556,Silent-Premium,santa margarida
-15.587485472499448,-56.10734250451941,Silent-Premium,cuiaba
-23.21124348136533,-47.52249609927289,Silent-Premium,porto feliz
-23.434233290168425,-50.56261387290171,Silent-Premium,nova fatima
-23.5209535937098,-46.84705979145426,Silent-Premium,carapicuiba
-21.788259192047157,-46.565584849600626,Silent-Premium,pocos de caldas
-22.21223499484285,-54.80734307938021,Silent-Premium,dourados
-19.95000335413147,-44.05688267099998,Silent-Premium,contagem
-30.091468499999998,-51.23687767721735,Silent-Premium,porto alegre
-21.76169215935807,-41.33940660165804,Silent-Premium,campos dos goytacazes
-23.089810358589645,-48.93071652484272,Silent-Premium,avare
-21.78573329336661,-43.36316606279932,Silent-Premium,juiz de fora
-20.515909882680106,-54.66304771745344,Silent-Premium,campo grande
-15.815976328611026,-47.907328086588976,Silent-Premium,brasilia
-19.9492387277593,-44.18412155398462,Silent-Premium,betim
-28.28834453416741,-52.79139806482223,Silent-Premium,carazinho
-20.89444583107576,-51.37480937158949,Silent-Premium,andradina
-22.82571817208146,-43.412371208985,Silent-Premium,rio de janeiro
-23.63859209602406,-46.635062102140886,Silent-Premium,sao paulo
-21.36803251989009,-46.52423987024633,Silent-Premium,muzambinho
-23.59938663918865,-46.68366069885745,Silent-Premium,sao paulo
-21.62103763627445,-48.36334275365033,Silent-Premium,matao
-22.970894018595992,-43.38784233625709,Silent-Premium,rio de janeiro
-19.946934214683473,-43.95237299999999,Silent-Premium,belo horizonte
-19.79174822158077,-43.928064908815834,Silent-Premium,santa luzia
-22.19419359430747,-46.75089374999999,Silent-Premium,espirito santo do pinhal
-20.373626262192097,-43.41744554260202,Silent-Premium,mariana
-22.663416231894484,-50.40127175575626,Silent-Premium,assis
-23.9552663782965,-46.33825949705917,Silent-Premium,santos
-22.1069595253132,-56.530489556650565,Silent-Premium,bela vista
-21.999924303364267,-47.88714090474978,Silent-Premium,sao carlos
-2.539073354785135,-44.270437725229385,Silent-Premium,sao luis
-15.758680499999999,-47.89429649999998,Silent-Premium,brasilia
-24.04753355037796,-46.52627382722605,Silent-Premium,praia grande
-23.6552565431646,-46.45389521176537,Silent-Premium,maua
-23.499933090836965,-49.921449870962846,Silent-Premium,joaquim tavora
-23.75317933083273,-46.594322740205335,Silent-Premium,sao bernardo do campo
-23.68317870979484,-46.53611412753189,Silent-Premium,santo andre
-23.51359147293557,-46.689194269346274,Silent-Premium,sao paulo
-23.504412813765946,-46.48566906311747,Silent-Premium,sao paulo
-24.210604273399767,-50.92804192446341,Silent-Premium,ortigueira
-28.29127509034286,-53.50140090980917,Silent-Premium,panambi
-25.503903419095156,-49.29915005238615,Silent-Premium,curitiba
-19.032693216364144,-43.425634802063584,Silent-Premium,conceicao do mato dentro
-23.57710944962204,-46.647049369409686,Silent-Premium,sao paulo
-19.947644387039063,-44.10109405821169,Silent-Premium,betim
-27.23047039028129,-52.00532985537679,Silent-Premium,concordia
-22.933631577298154,-43.37647022788376,Silent-Premium,rio de janeiro
-15.605326859428972,-47.656376480861866,Silent-Premium,brasilia
-23.51180908520401,-46.53318549194992,Silent-Premium,sao paulo
-1.4150699999999945,-48.47545681482746,Silent-Premium,belem
-19.91787999999997,-44.12519391626976,Silent-Premium,contagem
-11.726936109956455,-49.07466362945584,Silent-Premium,gurupi
-25.056921247850408,-50.16436859033991,Silent-Premium,ponta grossa
-25.39543255842803,-49.25008049885582,Silent-Premium,curitiba
-30.0556154274337,-51.1989189296554,Silent-Premium,porto alegre
-22.90600354640406,-43.10546782889948,Silent-Premium,niteroi
-16.73721067784725,-49.2779556069106,Silent-Premium,goiania
-23.444906448237063,-46.749702004934726,Silent-Premium,sao paulo
-23.18300381820934,-46.96922804883066,Silent-Premium,jundiai
-23.63074293282939,-46.70644903926945,Silent-Premium,sao paulo
-23.02995052330053,-46.97810387762745,Silent-Premium,vinhedo
-23.171412122396,-45.79514513411988,Silent-Premium,sao jose dos campos
-23.4921643412083,-46.35031920014024,Silent-Premium,itaquaquecetuba
-23.667585309163982,-46.49216015487045,Silent-Premium,santo andre
-20.14068469699654,-44.88753081910666,Silent-Premium,divinopolis
-25.527475136418683,-49.28805852352398,Silent-Premium,curitiba
-23.57130234332621,-46.47930265361119,Silent-Premium,sao paulo
-25.431155907508472,-49.28552783051147,Silent-Premium,curitiba
-22.641476986106163,-43.22283377024596,Silent-Premium,duque de caxias
-23.604240981678146,-46.693814186508185,Silent-Premium,sao paulo
-19.76833407712183,-44.085725471810086,Silent-Premium,ribeirao das neves
-23.70540496744501,-46.5699240313636,Silent-Premium,sao bernardo do campo
-23.503031790452425,-46.37650965168213,Silent-Premium,sao paulo
-22.466181774996222,-42.65473933987149,Silent-Premium,cachoeiras de macacu
-23.58584695115125,-46.52938277699232,Silent-Premium,sao paulo
-17.838883574437528,-46.51770895095981,Silent-Premium,lagoa grande
-29.75452832443038,-50.017691069847736,Silent-Premium,capao da canoa
-19.731742980556643,-47.9231912514571,Silent-Premium,uberaba
-20.62427354495619,-49.65197898070469,Silent-Premium,tanabi
-22.28793624001079,-46.61380166682788,Silent-Premium,jacutinga
-29.219419684167217,-51.34998035096151,Silent-Premium,farroupilha
-22.89643935056418,-43.60695346864298,Silent-Premium,rio de janeiro
-18.818342707583245,-42.704529208670486,Silent-Premium,virginopolis
-22.80844235493424,-43.64172202960249,Silent-Premium,seropedica
-15.830168867368837,-48.03269647423016,Silent-Premium,brasilia
-3.822306499999968,-38.4908384834761,Silent-Premium,fortaleza
-25.401732052184222,-49.32573494441104,Silent-Premium,curitiba
-23.656709846317163,-47.21874050355154,Silent-Premium,ibiuna
-22.09961715066345,-51.40819739735439,Silent-Premium,presidente prudente
-22.986114974864595,-43.4561553524591,Silent-Premium,rio de janeiro
-24.165085976047788,-54.09864183614808,Silent-Premium,terra roxa
-23.604240981678146,-46.693814186508185,Silent-Premium,sao paulo
-19.940289517889173,-43.92000973218296,Silent-Premium,belo horizonte
-25.39236938522139,-51.46695703110223,Silent-Premium,guarapuava
-25.45864601817763,-49.286236905292554,Silent-Premium,curitiba
-12.952189049112675,-38.40456767638062,Silent-Premium,salvador
-23.773844999999945,-45.439882252898514,Silent-Premium,sao sebastiao
-23.60582484595194,-46.70470007937562,Silent-Premium,sao paulo
-23.57318252622771,-46.769453376219005,Silent-Premium,sao paulo
-23.63124008748658,-46.32745978585071,Silent-Premium,suzano
-22.943344137606253,-47.07891662170351,Silent-Premium,campinas
-23.473542180261447,-46.63169094754457,Silent-Premium,sao paulo
-14.52455591563714,-49.14292592039554,Silent-Premium,uruacu
-23.69828683236193,-46.45722597890818,Silent-Premium,maua
-21.303652458988616,-50.35442002862485,Silent-Premium,birigui
-23.032385491651034,-45.558748834980314,Silent-Premium,taubate
-23.605605146546235,-46.6738329822264,Silent-Premium,sao paulo
-26.790714198403236,-48.63372228909931,Silent-Premium,penha
-20.75533341719481,-42.88055185516512,Silent-Premium,vicosa
-8.071547014849036,-39.12325027204929,Silent-Premium,salgueiro
-3.0082318365798293,-60.04466905258811,Silent-Premium,manaus
-18.242848217968003,-43.60096234439895,Silent-Premium,diamantina
-19.937512508468437,-44.17352748286109,Silent-Premium,betim
-23.481719560361284,-46.74297463780368,Silent-Premium,sao paulo
-23.648641480985653,-46.64734392783774,Silent-Premium,sao paulo
-15.807103699149806,-48.06200058482983,Silent-Premium,brasilia
-15.67044853931117,-47.81596285510468,Silent-Premium,brasilia
-22.98598325783374,-43.19186641534424,Silent-Premium,rio de janeiro
-27.589984836805336,-48.55106215633563,Silent-Premium,florianopolis
-22.96506096003805,-43.18290375590049,Silent-Premium,rio de janeiro
-22.89790805002283,-43.0995147477723,Silent-Premium,niteroi
-23.541700665229538,-46.65257086372554,Silent-Premium,sao paulo
-19.92127936886143,-43.90621815015291,Silent-Premium,belo horizonte
-23.601594489035723,-46.630412077990655,Silent-Premium,sao paulo
-20.310550677139673,-40.35198407069083,Silent-Premium,vitoria
-23.498320340608274,-47.501808045516185,Silent-Premium,sorocaba
-23.527214475445724,-46.7315398082117,Silent-Premium,sao paulo
-23.50050326686477,-47.458412293297805,Silent-Premium,sorocaba
-23.52377256527157,-46.47854706155314,Silent-Premium,sao paulo
-22.642632444841645,-47.18986746209727,Silent-Premium,cosmopolis
-23.57538559651848,-46.65718691736133,Silent-Premium,sao paulo
-30.01970718818162,-51.21015580362405,Silent-Premium,porto alegre
-20.7940083415249,-40.810693136752334,Silent-Premium,iconha
-16.095051,-41.74819435383341,Silent-Premium,santa cruz de salinas
-21.263914108288613,-48.495645,Silent-Premium,monte alto
-20.162898726313177,-42.969384126429276,Silent-Premium,dom silverio
-21.261618082814028,-48.30740931278517,Silent-Premium,jaboticabal
-19.959565243407017,-44.164534578683146,Silent-Premium,betim
-20.416380955307154,-49.98507612801325,Silent-Premium,votuporanga
-26.89246541714582,-49.24766995646648,Silent-Premium,indaial
-21.486471927360125,-51.533519507923636,Silent-Premium,dracena
-22.86257115735388,-43.38978113085012,Silent-Premium,rio de janeiro
-22.8785995434244,-43.4599813179352,Silent-Premium,rio de janeiro
-20.14068469699654,-44.88753081910666,Silent-Premium,divinopolis
-22.853546254488244,-43.242954164038814,Silent-Premium,rio de janeiro
-19.931520729672776,-43.93375589840736,Silent-Premium,belo horizonte
-22.93035788314392,-43.24161788510583,Silent-Premium,rio de janeiro
-25.479031033585308,-49.28052895420966,Silent-Premium,curitiba
-22.888777012767612,-43.29716953260435,Silent-Premium,rio de janeiro
-23.724048616059182,-46.56963796762254,Silent-Premium,sao bernardo do campo
-3.8319451415442867,-38.556258672942846,Silent-Premium,fortaleza
-23.96611160958031,-46.32897579365818,Silent-Premium,santos
-23.980397919787656,-46.30457088447668,Silent-Premium,santos
-22.899227469328885,-47.06648780502337,Silent-Premium,campinas
-19.931520729672776,-43.93375589840736,Silent-Premium,belo horizonte
-7.56241849624909,-35.000769729769424,Silent-Premium,goiana
-30.124085528446216,-51.08507958327819,Silent-Premium,viamao
-24.49815873105776,-47.844494347330354,Silent-Premium,registro
-11.865057506764456,-55.51646452794221,Silent-Premium,sinop
-25.413859104484555,-54.038246027797264,Silent-Premium,serranopolis do iguacu
-23.646786637622345,-46.78283934179701,Silent-Premium,sao paulo
-18.914980232586977,-48.27813616348312,Silent-Premium,uberlandia
-13.65699891718855,-59.78335479823106,Silent-Premium,comodoro
-23.667921785734887,-46.678596063099626,Silent-Premium,sao paulo
-23.58441909463907,-46.63373111365343,Silent-Premium,sao paulo
-20.993598058022396,-51.277042170050784,Silent-Premium,murutinga do sul
-22.425398680634018,-43.19734082985146,Silent-Premium,petropolis
-12.133911609905851,-38.44044268083422,Silent-Premium,alagoinhas
-12.952189049112675,-38.40456767638062,Silent-Premium,salvador
-22.16000780212817,-42.929629234016204,Silent-Premium,sao jose do vale do rio preto
-22.338693000000003,-41.75556508869113,Silent-Premium,macae
-23.26922588754478,-51.05198746232615,Silent-Premium,ibipora
-12.985879358589644,-38.44004794489128,Silent-Premium,salvador
-23.525690427982557,-46.88786043048718,Silent-Premium,barueri
-22.236109027486652,-42.5191679265317,Silent-Premium,nova friburgo
-29.843647566496152,-51.16881563541696,Silent-Premium,esteio
-23.735277932555256,-46.679239087079466,Silent-Premium,sao paulo
-22.87628637468981,-48.435646706698144,Silent-Premium,botucatu
-23.93701834115489,-46.32474999999994,Silent-Premium,santos
-19.946934214683473,-43.95237299999999,Silent-Premium,belo horizonte
-23.49041217679899,-46.57794383819032,Silent-Premium,sao paulo
-22.12787536857035,-51.445019428608575,Silent-Premium,presidente prudente
-21.112635614490138,-47.79105569532287,Silent-Premium,ribeirao preto
-8.015644262147237,-34.99132035376192,Silent-Premium,camaragibe
-23.495491646811058,-46.84718581311382,Silent-Premium,barueri
-22.372809959908444,-41.795311747194695,Silent-Premium,macae
-15.809318227256506,-48.07766403352334,Silent-Premium,brasilia
-23.676289828452155,-46.6699021447429,Silent-Premium,sao paulo
-21.757690120914923,-48.82976816265947,Silent-Premium,ibitinga
-19.785948905899065,-43.90445149999994,Silent-Premium,santa luzia
-23.51035408741162,-46.49417596100467,Silent-Premium,sao paulo
-21.127861829538965,-42.40068511373546,Silent-Premium,muriae
-23.607164503750912,-46.63086556134222,Silent-Premium,sao paulo
-30.006780904524206,-51.160076449218,Silent-Premium,porto alegre
-16.719613427083516,-42.86567710815813,Silent-Premium,cristalia
-16.740979757471482,-43.84815993588782,Silent-Premium,montes claros
-23.554613064112196,-46.68523344087948,Silent-Premium,sao paulo
-24.25631191956125,-49.71645951480758,Silent-Premium,jaguariaiva
-23.439417904524205,-47.46771412254022,Silent-Premium,sorocaba
-23.561779395363267,-46.47581652435226,Silent-Premium,sao paulo
-12.959772185959126,-38.44817732709584,Silent-Premium,salvador
-23.52731184179699,-46.56207954119767,Silent-Premium,sao paulo
-21.78573329336661,-43.36316606279932,Silent-Premium,juiz de fora
-8.712751565735138,-36.416049545178666,Silent-Premium,jupi
-19.880219524927604,-43.903648813652694,Silent-Premium,sabara
-23.514854436332204,-46.14078975940024,Silent-Premium,mogi das cruzes
-29.19962051078181,-51.200851350692496,Silent-Premium,caxias do sul
-17.843405678766587,-40.3464798270996,Silent-Premium,nanuque
-23.537368424923542,-46.6596418411045,Silent-Premium,sao paulo
-22.9411124891896,-47.04316126672053,Silent-Premium,campinas
-22.906870719638384,-43.05408348725251,Silent-Premium,niteroi
-25.39994638870621,-49.24113271149516,Silent-Premium,curitiba
-20.252532778774647,-43.80286849754644,Silent-Premium,itabirito
-22.92356707409551,-43.21262803260434,Silent-Premium,rio de janeiro
-23.45918983596862,-46.60381299937963,Silent-Premium,sao paulo
-22.89456108964741,-47.062379993857334,Silent-Premium,campinas
-16.733318931186894,-49.28809074415828,Silent-Premium,goiania
-2.045555563184317,-47.55477419367378,Silent-Premium,mae do rio
-27.59506599062513,-48.61579273838788,Silent-Premium,sao jose
-23.20007321591649,-45.94849128749523,Silent-Premium,sao jose dos campos
-25.384073578827376,-49.221749758324215,Silent-Premium,curitiba
-16.650630961297367,-49.26722055236991,Silent-Premium,goiania
-23.322352248071105,-46.58973137816835,Silent-Premium,mairipora
-23.64843177172653,-46.64338862033126,Silent-Premium,sao paulo
-23.9552663782965,-46.33825949705917,Silent-Premium,santos
-22.2333666126137,-49.97605108857579,Silent-Premium,marilia
-25.4859531178227,-49.27302353351318,Silent-Premium,curitiba
-23.46567338773156,-46.55740175728548,Silent-Premium,guarulhos
-23.719177329541736,-46.413110638756194,Silent-Premium,ribeirao pires
-19.31062083894571,-42.37152857163858,Silent-Premium,perpetuo socorro
-19.87317844463038,-43.98240258909915,Silent-Premium,belo horizonte
-29.159838643412925,-49.58575134306121,Silent-Premium,balneario gaivota
-22.514769134748217,-44.00769904247543,Silent-Premium,pinheiral
-22.95459806717061,-43.17731169269164,Silent-Premium,rio de janeiro
-19.953983389390658,-43.93287034041202,Silent-Premium,belo horizonte
-16.657624554912395,-49.33176945171433,Silent-Premium,goiania
-22.902127847625383,-43.12463807063305,Silent-Premium,niteroi
-20.32255173056015,-48.316795858627,Silent-Premium,guaira
-23.56471213211952,-46.65274077352985,Silent-Premium,sao paulo
-18.53964496956936,-40.29834441707228,Silent-Premium,boa esperanca
-23.117528294477463,-47.22772117568815,Silent-Premium,indaiatuba
-22.918606538302836,-43.256743384472216,Silent-Premium,rio de janeiro
-19.863121316406,-43.90741456855559,Silent-Premium,belo horizonte
-22.8631956201346,-43.7684391346388,Silent-Premium,itaguai
-26.40368935726154,-48.756934054286376,Silent-Premium,araquari
-5.883200491342851,-35.203113430837774,Silent-Premium,parnamirim
-23.6054986239252,-46.83910428065681,Silent-Premium,cotia
-8.846843083825311,-38.76717595696288,Silent-Premium,rodelas
-9.616093742714526,-35.720594848317866,Silent-Premium,maceio
-23.47245438500304,-46.84936849791564,Silent-Premium,santana de parnaiba
-23.709584934024686,-46.509238729110194,Silent-Premium,santo andre
-12.975561171618743,-38.431135768280434,Silent-Premium,salvador
-22.894390490289645,-47.17321327031648,Silent-Premium,hortolandia
-22.741537389831542,-45.12653345616916,Silent-Premium,lorena
-14.767863577438977,-42.656041512957096,Silent-Premium,urandi
-20.18269909955703,-48.02585889278285,Silent-Premium,miguelopolis
-23.160985042991708,-46.917868021668745,Silent-Premium,jundiai
-3.794837698088561,-38.47250449624909,Silent-Premium,fortaleza
-21.12924254287614,-44.2361687581222,Silent-Premium,sao joao del rei
-23.316837533004968,-51.12491599854289,Silent-Premium,londrina
-23.97084358728148,-46.30755936926548,Silent-Premium,santos
-12.927125883738075,-49.8261687885849,Silent-Premium,araguacu
-23.50050326686477,-47.458412293297805,Silent-Premium,sorocaba
-30.08939850488812,-51.73124509630112,Silent-Premium,arroio dos ratos
-19.84391350859577,-44.02102852876602,Silent-Premium,contagem
-22.23227830780992,-45.93435440552749,Silent-Premium,pouso alegre
-25.443416937174142,-49.296648557172944,Silent-Premium,curitiba
-23.010010522621027,-43.31960105704306,Silent-Premium,rio de janeiro
-23.52707254010617,-46.706820197472446,Silent-Premium,sao paulo
-28.848044934370005,-51.891284428635885,Silent-Premium,guapore
-23.548027863876406,-46.65885543640624,Silent-Premium,sao paulo
-23.563184516374296,-46.66042147807144,Silent-Premium,sao paulo
-28.23876137953961,-48.672978306947584,Silent-Premium,imbituba
-22.94261833738875,-45.377135049648494,Silent-Premium,pindamonhangaba
-23.681035220785986,-46.655264495320836,Silent-Premium,sao paulo
-23.5512359827998,-46.434955468088134,Silent-Premium,sao paulo
-23.6375087529863,-46.64609788856827,Silent-Premium,sao paulo
-23.413511273659765,-46.496331967035076,Silent-Premium,guarulhos
-23.525113834113863,-46.94200949097439,Silent-Premium,itapevi
-23.526969103497045,-46.51959848851452,Silent-Premium,sao paulo
-23.004214031623405,-43.335593643632045,Silent-Premium,rio de janeiro
-20.10242056472146,-42.45350252809693,Silent-Premium,raul soares
-22.096927874290824,-51.41727820751052,Silent-Premium,presidente prudente
-19.22451979434427,-45.00063407953552,Silent-Premium,pompeu
-23.44771925728547,-46.51761133236192,Silent-Premium,guarulhos
-23.58798454662256,-48.0442202454346,Silent-Premium,itapetininga
-23.659182,-46.52514198029314,Silent-Premium,santo andre
-23.533389538560343,-46.29819319994478,Silent-Premium,suzano
-22.92631126617228,-43.35808152719433,Silent-Premium,rio de janeiro
-20.335972909905706,-41.3904879524313,Silent-Premium,piacu
-19.88174280762465,-44.00906911296093,Silent-Premium,belo horizonte
-1.379962477927227,-48.44989717037183,Silent-Premium,belem
-23.96402867998731,-46.33334224132954,Silent-Premium,santos
-26.498224561198,-49.106232000000006,Silent-Premium,jaragua do sul
-20.342467507877814,-40.28566821952616,Silent-Premium,vila velha
-21.20309099954143,-41.89141172373199,Silent-Premium,itaperuna
-26.914710861989555,-48.66094867263115,Silent-Premium,itajai
-24.95227026422471,-53.46660168653684,Silent-Premium,cascavel
-23.580546480019024,-46.63456825506376,Silent-Premium,sao paulo
-21.788259192047157,-46.565584849600626,Silent-Premium,pocos de caldas
-22.49940945767212,-44.104362694702495,Silent-Premium,volta redonda
-22.91553294448616,-43.40164068762021,Silent-Premium,rio de janeiro
-16.700983273171033,-49.24058299999996,Silent-Premium,goiania
-20.07436728082517,-43.4078829337628,Silent-Premium,catas altas
-19.932443287396424,-44.0525045309138,Silent-Premium,contagem
-29.109735060662505,-49.63468000483127,Silent-Premium,sombrio
-22.5103712387356,-43.17707706348803,Silent-Premium,petropolis
-25.50713848404407,-49.27652913764653,Silent-Premium,curitiba
-22.203980233602536,-49.959220534148,Silent-Premium,marilia
-23.53257143591436,-46.54970048693182,Silent-Premium,sao paulo
-19.931520729672776,-43.93375589840736,Silent-Premium,belo horizonte
-23.932149549927907,-47.06910713384551,Silent-Premium,juquitiba
-5.732984394009163,-44.1563052324624,Silent-Premium,fortuna
-22.49809940743839,-44.09479154483804,Silent-Premium,volta redonda
-21.010243162724723,-42.83848394836745,Silent-Premium,visconde do rio branco
-22.815872853453754,-43.22428740146579,Silent-Premium,rio de janeiro
-23.54331186037473,-46.31334970843172,Silent-Premium,suzano
-19.844965681790654,-43.94046065557728,Silent-Premium,belo horizonte
-23.63264947085809,-46.63109986241267,Silent-Premium,sao paulo
-22.8935112964107,-47.0800242164147,Silent-Premium,campinas
-23.97084358728148,-46.30755936926548,Silent-Premium,santos
-5.830704437911026,-35.20926000850057,Silent-Premium,natal
-27.898517519845587,-53.3110308143229,Silent-Premium,palmeira das missoes
-23.472557889401585,-47.43485917490944,Silent-Premium,sorocaba
-23.654302322522845,-46.69065605661037,Silent-Premium,sao paulo
-23.218175126565264,-45.90819425395292,Silent-Premium,sao jose dos campos
-23.04617324043233,-45.55510219326019,Silent-Premium,taubate
-23.63260554454957,-46.70000601318596,Silent-Premium,sao paulo
-22.91117504795305,-42.80607350667135,Silent-Premium,marica
-23.218175126565264,-45.90819425395292,Silent-Premium,sao jose dos campos
-20.187285007815493,-44.770464791117575,Silent-Premium,carmo do cajuru
-20.374072683597397,-40.30532998337161,Silent-Premium,vila velha
-6.753351594328776,-38.96694518611535,Silent-Premium,lavras da mangabeira
-21.045600324885605,-49.37640342648608,Silent-Premium,potirendaba
-23.63353377591228,-46.75019019164407,Silent-Premium,sao paulo
-22.85476549362336,-43.36350425160133,Silent-Premium,rio de janeiro
-23.546378954818977,-46.89967983714271,Silent-Premium,jandira
-23.10247099514172,-47.71298250000001,Silent-Premium,tiete
-23.670394104622392,-46.47515734762539,Silent-Premium,maua
-21.364019805249217,-48.228831091799364,Silent-Premium,guariba
-30.03336443104038,-51.23063954079865,Silent-Premium,porto alegre
-8.756458065449426,-63.87552318025777,Silent-Premium,porto velho
-23.189527263550712,-46.91727596301613,Silent-Premium,jundiai
-27.831652627531888,-50.31498267346643,Silent-Premium,lages
-27.170023615073532,-53.714206007575186,Silent-Premium,itapiranga
-23.52561395337295,-46.70062007271052,Silent-Premium,sao paulo
-1.146408353347066,-48.460487419673065,Silent-Premium,belem
-3.868147449176295,-54.21792404271855,Silent-Premium,placas
-19.94500162975359,-44.12671672468112,Silent-Premium,betim
-23.473052978908186,-46.60034358604072,Silent-Premium,sao paulo
-22.27642050519276,-51.49888375467775,Silent-Premium,pirapozinho
-19.46970149792253,-42.562507159587966,Silent-Premium,ipatinga
-21.99397856797825,-47.42852421669701,Silent-Premium,pirassununga
-16.48911667656967,-39.07488811520848,Silent-Premium,arraial d'ajuda
-22.365660629767795,-48.66863735019331,Silent-Premium,jau
-23.52654805689883,-46.47025056119799,Silent-Premium,sao paulo
-26.892104161124465,-48.698696305405036,Silent-Premium,itajai
-23.597413291707497,-46.68459527852152,Silent-Premium,sao paulo
-23.53705271494464,-46.67955799932098,Silent-Premium,sao paulo
-23.331043778111702,-51.17744445122848,Silent-Premium,londrina
-26.993432999999943,-48.634162435885465,Silent-Premium,balneario camboriu
-23.66260279547012,-47.05294093427721,Silent-Premium,cotia
-23.100387883175795,-47.206840322090166,Silent-Premium,indaiatuba
-23.710014533181276,-46.58174395098847,Silent-Premium,sao bernardo do campo
-7.407684117826793,-35.1118127580602,Silent-Premium,itambe
-23.67331510130417,-46.75152780183506,Silent-Premium,sao paulo
-23.627002997230036,-46.63675215889549,Silent-Premium,sao paulo
-22.896552719949256,-43.27121502703577,Silent-Premium,rio de janeiro
-25.463313663855125,-49.5632108886428,Silent-Premium,campo largo
-16.640022007145816,-49.30206831268626,Silent-Premium,goiania
-23.52928079069789,-46.71304969025908,Silent-Premium,sao paulo
-23.530798592561595,-47.49566824439074,Silent-Premium,sorocaba
-20.84024122543664,-42.65654291150658,Silent-Premium,ervalia
-22.967573222733552,-43.19036122807145,Silent-Premium,rio de janeiro
-24.95104706594046,-50.117817560711664,Silent-Premium,carambei
-22.724877662083816,-47.63063961609147,Silent-Premium,piracicaba
-27.399771320303053,-51.226497760529256,Silent-Premium,campos novos
-23.48162735997463,-46.61653928504239,Silent-Premium,sao paulo
-23.49936739661836,-46.473125500144235,Silent-Premium,sao paulo
-22.954521478763947,-43.185702100207656,Silent-Premium,rio de janeiro
-22.952602403831715,-47.19017722146181,Silent-Premium,campinas
-8.082175243407011,-34.918471597774555,Silent-Premium,recife
-23.495575929366936,-46.46182984582204,Silent-Premium,sao paulo
-19.929180866769627,-44.00016125089451,Silent-Premium,belo horizonte
-23.563294082982303,-46.64348420621503,Silent-Premium,sao paulo
-23.497960253678794,-46.69062821557797,Silent-Premium,sao paulo
-23.529197169023043,-47.43389351555191,Silent-Premium,votorantim
-24.711842042036658,-53.746702314680306,Silent-Premium,toledo
-27.565822016648426,-48.51501378573488,Silent-Premium,florianopolis
-23.631231677765612,-46.49590477892556,Silent-Premium,santo andre
-19.965074323330903,-43.94845903260437,Silent-Premium,belo horizonte
-23.53162576464306,-46.79178255926477,Silent-Premium,osasco
-12.924123841797002,-38.35272918800699,Silent-Premium,salvador
-23.57710944962204,-46.647049369409686,Silent-Premium,sao paulo
-22.922747444630385,-43.38275143677304,Silent-Premium,rio de janeiro
-23.585836997230032,-46.57063033181369,Silent-Premium,sao paulo
-23.60042069608748,-46.619216654452096,Silent-Premium,sao paulo
-23.01113485206877,-43.31036525832422,Silent-Premium,rio de janeiro
-22.3026208662078,-42.53750424874144,Silent-Premium,nova friburgo
-22.979479425356224,-43.694505256592976,Silent-Premium,rio de janeiro
-20.014658366858797,-45.97682619326723,Silent-Premium,bambui
-22.947707634511172,-46.55237031183305,Silent-Premium,braganca paulista
-20.14068469699654,-44.88753081910666,Silent-Premium,divinopolis
-20.374072683597397,-40.30532998337161,Silent-Premium,vila velha
-23.491463521784304,-46.6288605,Silent-Premium,sao paulo
-22.7491117100221,-50.57904104264557,Silent-Premium,taruma
-22.9411124891896,-47.04316126672053,Silent-Premium,campinas
-10.405735611800601,-65.33241985343662,Silent-Premium,nova mamore
-22.15321602806684,-50.0950935,Silent-Premium,oriente
-21.60420797769884,-48.36489314654624,Silent-Premium,matao
-23.001664514859417,-43.40383953802869,Silent-Premium,rio de janeiro
-23.601294244375357,-46.76663087093889,Silent-Premium,taboao da serra
-23.3161358925704,-46.7143436269643,Silent-Premium,franco da rocha
-19.629852923974376,-43.22384359497725,Silent-Premium,itabira
-22.786149701039733,-50.218924720930985,Silent-Premium,palmital
-23.59092601936203,-46.67522298903572,Silent-Premium,sao paulo
-23.568397334439407,-46.594926047319525,Silent-Premium,sao paulo
-22.930156503606682,-43.24017317234127,Silent-Premium,rio de janeiro
-23.66217601387846,-46.53464565474054,Silent-Premium,santo andre
-20.844735542369015,-41.10935777504867,Silent-Premium,cachoeiro de itapemirim
-23.463968049642943,-46.699868190114856,Silent-Premium,sao paulo
-19.94007348777572,-44.05252456747879,Silent-Premium,contagem
-22.743065331914934,-47.240476525463095,Silent-Premium,americana
-23.117528294477463,-47.22772117568815,Silent-Premium,indaiatuba
-22.82449047432054,-43.307557664305506,Silent-Premium,rio de janeiro
-23.61384862734603,-46.59406526929005,Silent-Premium,sao paulo
-17.843405678766587,-40.3464798270996,Silent-Premium,nanuque
-22.92167385596392,-43.36033117000399,Silent-Premium,rio de janeiro
-23.43873873984219,-46.413766359354256,Silent-Premium,guarulhos
-20.559393016629343,-44.86870713083341,Silent-Premium,carmo da mata
-23.59319341271852,-46.64296534401871,Silent-Premium,sao paulo
-23.53349398251485,-46.68901715918395,Silent-Premium,sao paulo
-25.51749022370017,-49.24106513500504,Silent-Premium,curitiba
-23.67351282875526,-46.71476725506378,Silent-Premium,sao paulo
-22.883336999999997,-43.47159785380001,Silent-Premium,rio de janeiro
-27.57797000600652,-48.64905937442547,Silent-Premium,sao jose
-23.0037245229142,-44.31189399318363,Silent-Premium,angra dos reis
-23.549496369698147,-46.61983619193254,Silent-Premium,sao paulo
-22.439818245602737,-45.47034162015221,Silent-Premium,itajuba
-6.688202576547993,-36.66106927779843,Silent-Premium,parelhas
-22.986114974864595,-43.4561553524591,Silent-Premium,rio de janeiro
-23.610324407574396,-46.70255316431386,Silent-Premium,sao paulo
-19.9583550740955,-43.98066211088345,Silent-Premium,belo horizonte
-23.58077681085173,-46.59210244184609,Silent-Premium,sao paulo
-7.1466498662289535,-34.82600942303774,Silent-Premium,joao pessoa
-23.499373461975644,-46.832186480942994,Silent-Premium,barueri
-23.99567058451152,-46.27862346779968,Silent-Premium,guaruja
-24.511019211091888,-48.844629363685975,Silent-Premium,apiai
-23.59688585429047,-46.795232985573264,Silent-Premium,sao paulo
-31.77281834165277,-52.338397222589315,Silent-Premium,pelotas
-27.27628465770368,-48.85062372371532,Silent-Premium,sao joao batista
-16.68830415468728,-49.268024446243125,Silent-Premium,goiania
-19.90625324508045,-43.92317252137203,Silent-Premium,belo horizonte
-22.29394874475806,-49.04553452871522,Silent-Premium,bauru
-22.9411124891896,-47.04316126672053,Silent-Premium,campinas
-21.973390448161545,-47.427531632018585,Silent-Premium,pirassununga
-23.63098517277395,-46.78896203400367,Silent-Premium,taboao da serra
-13.37048320812459,-39.07149533785422,Silent-Premium,valenca
-21.181012061890485,-47.78952007431185,Silent-Premium,ribeirao preto
-24.937082498730582,-53.45114715156655,Silent-Premium,cascavel
-22.32810184283327,-41.76439361973373,Silent-Premium,macae
-23.53105219053323,-46.65897749694157,Silent-Premium,sao paulo
-22.918822238624934,-47.057363661877595,Silent-Premium,campinas
-20.386870311646724,-43.506711008289,Silent-Premium,ouro preto
-23.52976297446478,-46.655657718208005,Silent-Premium,sao paulo
-9.657605490640876,-35.70414440178576,Silent-Premium,maceio
-22.223682471276454,-49.95858165168212,Silent-Premium,marilia
-29.73230965206004,-52.94597399999999,Silent-Premium,novo cabrais
-19.930871148479472,-43.93471710629582,Silent-Premium,belo horizonte
-22.39021116847478,-47.54999151399537,Silent-Premium,rio claro
-15.830932016803072,-48.0110489635657,Silent-Premium,brasilia
-19.936877427145244,-43.96747446113456,Silent-Premium,belo horizonte
-21.490219999999965,-41.10327839542529,Silent-Premium,sao francisco de itabapoana
-23.495491646811058,-46.84718581311382,Silent-Premium,barueri
-23.2139736880374,-47.26960799792254,Silent-Premium,salto
-22.916833051618703,-43.21798092630852,Silent-Premium,rio de janeiro
-23.621267693523347,-46.735721492224044,Silent-Premium,sao paulo
-23.584691419931875,-46.56137165306711,Silent-Premium,sao paulo
-23.408354127113526,-46.4554290650788,Silent-Premium,guarulhos
-23.81971569027226,-45.36485252840012,Silent-Premium,ilhabela
-23.58382884540368,-46.536577502077456,Silent-Premium,sao paulo
-25.442791128284213,-49.276760102140905,Silent-Premium,curitiba
-15.79354974216626,-47.8487287821282,Silent-Premium,brasilia
-23.509647981958324,-46.78850494829349,Silent-Premium,osasco
-23.530979694100395,-46.34623827686436,Silent-Premium,poa
-23.288409,-45.9482753708068,Silent-Premium,jacarei
-19.92623391618096,-43.96560766250218,Silent-Premium,belo horizonte
-23.6204473097409,-46.67653149861501,Silent-Premium,sao paulo
-23.51102208759264,-46.34172344272628,Silent-Premium,poa
-24.527610420384207,-53.25847879352649,Silent-Premium,nova aurora
-23.571700239800336,-46.75205680045006,Silent-Premium,sao paulo
-24.112863197007357,-46.667482359857104,Silent-Premium,mongagua
-21.133109435887818,-44.26152608819031,Silent-Premium,sao joao del rei
-22.355312427145236,-47.38524196280801,Silent-Premium,araras
-24.919636620615417,-53.4249128551272,Silent-Premium,cascavel
-29.91899618372389,-51.1721259461596,Silent-Premium,canoas
-29.648827519014347,-50.78205392042235,Silent-Premium,taquara
-20.19817358578096,-40.25812157047212,Silent-Premium,serra
-23.96611160958031,-46.32897579365818,Silent-Premium,santos
-22.91345759457133,-43.18797113336026,Silent-Premium,rio de janeiro
-22.23370404240945,-48.72008575861355,Silent-Premium,itapui
-8.765998858024522,-63.89314474007578,Silent-Premium,porto velho
-20.917668148523294,-49.449962691110834,Silent-Premium,bady bassitt
-17.884664706480535,-51.71734102088634,Silent-Premium,jatai
-27.826616566660647,-54.664433669703044,Silent-Premium,santo cristo
-15.834434448095209,-48.01769280939392,Silent-Premium,brasilia
-23.484015492642406,-46.69528157314321,Silent-Premium,sao paulo
-7.211493272548911,-35.87407202109183,Silent-Premium,campina grande
-3.0268935473195366,-59.97679977921401,Silent-Premium,manaus
-21.213362488343236,-50.43346962753188,Silent-Premium,aracatuba
-29.747729921632967,-51.155314328411734,Silent-Premium,sao leopoldo
-27.59651850814751,-48.610147304148356,Silent-Premium,sao jose
-23.6437446307084,-46.75975796382578,Silent-Premium,sao paulo
-22.997298387332677,-43.62663825000001,Silent-Premium,rio de janeiro
-27.399771320303053,-51.226497760529256,Silent-Premium,campos novos
-22.941046165690945,-43.17617823078362,Silent-Premium,rio de janeiro
-21.77691201085811,-41.31538569791763,Silent-Premium,campos dos goytacazes
-23.533355284205676,-46.5329695022217,Silent-Premium,sao paulo
-23.603294655707167,-46.74911707737028,Silent-Premium,sao paulo
-20.04172328143195,-47.74970675953888,Silent-Premium,igarapava
-28.23876137953961,-48.672978306947584,Silent-Premium,imbituba
-23.534068615182637,-46.48801691042463,Silent-Premium,sao paulo
-17.981094025179743,-40.76128254216683,Silent-Premium,vila pereira
-25.44913988952431,-49.28810433527613,Silent-Premium,curitiba
-23.651402620129755,-46.76770366250216,Silent-Premium,sao paulo
-23.559614644180314,-46.7556109941716,Silent-Premium,sao paulo
-22.88494032001268,-43.55038559033989,Silent-Premium,rio de janeiro
-20.83623934238839,-49.38844775302113,Silent-Premium,sao jose do rio preto
-22.832241507183777,-42.09954018378407,Silent-Premium,sao pedro da aldeia
-22.918822238624934,-47.057363661877595,Silent-Premium,campinas
-23.60603186594724,-46.617907861503824,Silent-Premium,sao paulo
-23.47323216180968,-46.7218234652705,Silent-Premium,sao paulo
-23.514854436332204,-46.14078975940024,Silent-Premium,mogi das cruzes
-21.191092394351536,-48.15669999462057,Silent-Premium,barrinha
-19.629852923974376,-43.22384359497725,Silent-Premium,itabira
-22.82449047432054,-43.307557664305506,Silent-Premium,rio de janeiro
-21.224510937272782,-47.83355768826068,Silent-Premium,ribeirao preto
-23.42439868040567,-46.5276677164868,Silent-Premium,guarulhos
-23.642495753404663,-46.60827299999998,Silent-Premium,sao paulo
-22.93904555398464,-47.0948806120887,Silent-Premium,campinas
-23.322352248071105,-46.58973137816835,Silent-Premium,mairipora
-3.7445460349702855,-38.50324392783773,Silent-Premium,fortaleza
-30.02134312461769,-51.11613285961624,Silent-Premium,porto alegre
-25.819017540003703,-48.53977422405385,Silent-Premium,matinhos
-22.904062574528197,-43.30650972967279,Silent-Premium,rio de janeiro
-23.54549460399061,-46.650239412718506,Silent-Premium,sao paulo
-20.891319123261383,-47.58503294922996,Silent-Premium,batatais
-20.026829505872037,-40.74280786938749,Silent-Premium,santa maria de jetiba
-28.21096684762537,-51.52461936483638,Silent-Premium,lagoa vermelha
-20.806830481885147,-49.38960170992274,Silent-Premium,sao jose do rio preto
-23.607530496537542,-46.57092537316059,Silent-Premium,sao caetano do sul
-29.447177092842487,-50.58159206696469,Silent-Premium,sao francisco de paula
-29.179320481274026,-51.14750710573131,Silent-Premium,caxias do sul
-25.819017540003703,-48.53977422405385,Silent-Premium,matinhos
-30.0046847216227,-51.19766065849146,Silent-Premium,porto alegre
-20.20573692802297,-50.92692375841509,Silent-Premium,santa fe do sul
-5.744598364220554,-39.62807679463587,Silent-Premium,mombaca
-22.738226374141554,-47.6199425173409,Silent-Premium,piracicaba
-29.843647566496152,-51.16881563541696,Silent-Premium,esteio
-22.95459806717061,-43.17731169269164,Silent-Premium,rio de janeiro
-16.767131583732123,-49.34287978593004,Silent-Premium,aparecida de goiania
-23.5518940269202,-46.39927099264239,Silent-Premium,sao paulo
-20.47625529045242,-54.650133371794766,Silent-Premium,campo grande
-23.42439868040567,-46.5276677164868,Silent-Premium,guarulhos
-23.04819264002537,-46.56385349999999,Silent-Premium,atibaia
-12.08925543763249,-45.79618023024447,Silent-Premium,luis eduardo magalhaes
-19.92772413405276,-43.94438902498696,Silent-Premium,belo horizonte
-29.0366325,-51.09108074999999,Silent-Premium,caxias do sul
-22.611795176881117,-46.05759647560996,Silent-Premium,cambui
-25.078918583108006,-50.17599892960875,Silent-Premium,ponta grossa
-20.604721196184975,-41.20458193555609,Silent-Premium,castelo
-9.959850973898922,-67.80112499094008,Silent-Premium,rio branco
-22.682025912285837,-47.66085383971952,Silent-Premium,piracicaba
-20.218968000000004,-40.24239050115117,Silent-Premium,serra
-23.584387921890084,-46.71781448817742,Silent-Premium,sao paulo
-25.919972636432213,-53.473569499077556,Silent-Premium,ampere
-22.489557434009633,-48.5608452682853,Silent-Premium,barra bonita
-23.52250374604707,-46.65541993450284,Silent-Premium,sao paulo
-23.514729556227827,-46.837387403778514,Silent-Premium,carapicuiba
-24.95227026422471,-53.46660168653684,Silent-Premium,cascavel
-20.260231292259995,-40.268254195560345,Silent-Premium,vitoria
-22.412161929589875,-47.579265975561306,Silent-Premium,rio claro
-21.98342615449177,-42.25191374512157,Silent-Premium,macuco
-23.64702435137628,-46.6663345453863,Silent-Premium,sao paulo
-22.844493512637705,-43.34313234341075,Silent-Premium,rio de janeiro
-22.929697960571986,-43.1794021767896,Silent-Premium,rio de janeiro
-20.386870311646724,-43.506711008289,Silent-Premium,ouro preto
-12.99977791357056,-38.48664659132084,Silent-Premium,salvador
-22.98252918806041,-46.98517392663516,Silent-Premium,valinhos
-22.822193309917086,-47.27062894035096,Silent-Premium,sumare
-23.54358939439665,-46.40173602331353,Silent-Premium,sao paulo
-19.859702583992345,-43.45224249605176,Silent-Premium,cocais
-23.634012164005988,-46.75488019747247,Silent-Premium,sao paulo
-23.53841788343238,-46.512362988963616,Silent-Premium,sao paulo
-23.62538919011487,-46.72009319040332,Silent-Premium,sao paulo
-23.70391676910317,-46.566332140061476,Silent-Premium,sao bernardo do campo
-27.19530304415389,-49.79454902835316,Silent-Premium,rio do oeste
-23.510099064058267,-46.297390104979456,Silent-Premium,suzano
-23.014294742166268,-43.46413167283893,Silent-Premium,rio de janeiro
-21.57448858296265,-45.44174511403678,Silent-Premium,varginha
-23.32016478459814,-46.7387153940523,Silent-Premium,franco da rocha
-22.8631956201346,-43.7684391346388,Silent-Premium,itaguai
-10.70653555337566,-48.40658648976063,Silent-Premium,porto nacional
-3.8319451415442867,-38.556258672942846,Silent-Premium,fortaleza
-20.90789509382604,-42.027741799003,Silent-Premium,tombos
-20.030455952304507,-44.065062865132184,Silent-Premium,ibirite
-22.944469945322865,-43.184902217179285,Silent-Premium,rio de janeiro
-7.249029735322705,-35.90066697354807,Silent-Premium,campina grande
-22.22068369024491,-51.3029702550986,Silent-Premium,regente feijo
-23.21073334671834,-46.8459750798889,Silent-Premium,varzea paulista
-19.879522658895496,-43.943022502365935,Silent-Premium,belo horizonte
-27.41031896079612,-49.82938333161346,Silent-Premium,agrolandia
-19.88558017362236,-43.95817923389984,Silent-Premium,belo horizonte
-30.093114308596984,-51.01861499536756,Silent-Premium,viamao
-23.623320803220032,-46.6886157014975,Silent-Premium,sao paulo
-20.14068469699654,-44.88753081910666,Silent-Premium,divinopolis
-23.651402620129755,-46.76770366250216,Silent-Premium,sao paulo
-25.645223999999946,-48.44440651546505,Silent-Premium,pontal do parana
-15.859095685395207,-48.04042274521541,Silent-Premium,brasilia
-22.56657485870212,-44.16298161850085,Silent-Premium,barra mansa
-23.68011366874891,-46.75256891035258,Silent-Premium,sao paulo
-13.859603228327394,-40.08330134859661,Silent-Premium,jequie
-23.289054409429703,-45.96374003220031,Silent-Premium,jacarei
-30.040957613105167,-51.21296971002372,Silent-Premium,porto alegre
-9.612153116997618,-35.701010855524416,Silent-Premium,maceio
-23.56565346572221,-46.49155818151653,Silent-Premium,sao paulo
-23.665174496393323,-46.72036106007282,Silent-Premium,sao paulo
-18.914980232586977,-48.27813616348312,Silent-Premium,uberlandia
-22.187854718564274,-49.92825826593332,Silent-Premium,marilia
-21.27450736690627,-47.305449936701535,Silent-Premium,cajuru
-2.5285505733703397,-44.29114719332965,Silent-Premium,sao luis
-15.646962445960217,-47.824463657408,Silent-Premium,brasilia
-12.952189049112675,-38.40456767638062,Silent-Premium,salvador
-15.62718706037758,-56.108493,Silent-Premium,varzea grande
-22.904265865398976,-43.092822227384744,Silent-Premium,niteroi
-23.55307132944774,-46.534050102068775,Silent-Premium,sao paulo
-26.960052049878996,-52.532143448351306,Silent-Premium,xaxim
-23.03891721552109,-51.809081596930106,Silent-Premium,santa fe
-23.396139497504166,-46.315214004717525,Silent-Premium,aruja
-22.725231626407066,-43.36903556409247,Silent-Premium,belford roxo
-23.193263808211693,-47.27517269663572,Silent-Premium,salto
-23.631231677765612,-46.49590477892556,Silent-Premium,santo andre
-20.849301,-41.15385277169649,Silent-Premium,cachoeiro de itapemirim
-15.605326859428972,-47.656376480861866,Silent-Premium,brasilia
-23.485195372468112,-46.713438790870775,Silent-Premium,sao paulo
-23.51377132584106,-46.468532017340905,Silent-Premium,sao paulo
-23.26759467852091,-45.902682654870446,Silent-Premium,sao jose dos campos
-22.642632444841645,-47.18986746209727,Silent-Premium,cosmopolis
-23.66260279547012,-47.05294093427721,Silent-Premium,cotia
-29.75452832443038,-50.017691069847736,Silent-Premium,capao da canoa
-23.52005353621103,-46.72486946087478,Silent-Premium,sao paulo
-21.46101241884088,-45.22084709615866,Silent-Premium,carmo da cachoeira
-25.491008797391657,-49.28829274854292,Silent-Premium,curitiba
-21.686599240757907,-51.075784747070934,Silent-Premium,adamantina
-26.88235225252589,-48.703253569983374,Silent-Premium,itajai
-22.546892221752604,-47.38891605110458,Silent-Premium,limeira
-22.602628063985435,-43.184738540959316,Silent-Premium,mage
-29.92648367998731,-51.196892767009,Silent-Premium,canoas
-19.93772138894958,-43.936025301690826,Silent-Premium,belo horizonte
-24.965962795169947,-53.467841280714566,Silent-Premium,cascavel
-23.97084358728148,-46.30755936926548,Silent-Premium,santos
-23.685123122396,-46.66316801345588,Silent-Premium,sao paulo
-20.905361488327202,-48.641110232682266,Silent-Premium,monte azul paulista
-23.46515916180968,-46.52162460421837,Silent-Premium,guarulhos
-23.51001658673321,-46.52870721756905,Silent-Premium,sao paulo
-23.60368097002138,-46.666812006665104,Silent-Premium,sao paulo
-23.49106374992788,-46.5864510380287,Silent-Premium,sao paulo
-26.893226130061613,-49.239770100159475,Silent-Premium,indaial
-23.669716903553663,-46.50581698955484,Silent-Premium,santo andre
-21.999924303364267,-47.88714090474978,Silent-Premium,sao carlos
-21.84566586507617,-46.56275581632215,Silent-Premium,pocos de caldas
-23.014294742166268,-43.46413167283893,Silent-Premium,rio de janeiro
-22.854723183291437,-47.21420001345367,Silent-Premium,hortolandia
-23.500329925341898,-46.654473121847744,Silent-Premium,sao paulo
-20.773647,-49.34454504130678,Silent-Premium,sao jose do rio preto
-22.89221457285476,-47.05538112679289,Silent-Premium,campinas
-30.018413465635483,-51.202718717179295,Silent-Premium,porto alegre
-1.4364370877284982,-48.45454573829979,Silent-Premium,belem
-27.589321906197647,-48.52212360618027,Silent-Premium,florianopolis
-22.81445142403528,-47.07071336742769,Silent-Premium,campinas
-22.88722375926633,-47.20093703649303,Silent-Premium,hortolandia
-25.056921247850408,-50.16436859033991,Silent-Premium,ponta grossa
-8.669233728250232,-35.7230126861602,Silent-Premium,catende
-26.079695103182665,-53.052996266304255,Silent-Premium,francisco beltrao
-22.87159302746911,-43.55970258841937,Silent-Premium,rio de janeiro
-23.599169351058077,-46.51523601661695,Silent-Premium,sao paulo
-22.819145152582344,-43.036113091680086,Silent-Premium,sao goncalo
-25.87963980940689,-52.90802559147593,Silent-Premium,vere
-22.187854718564274,-49.92825826593332,Silent-Premium,marilia
-22.970894018595992,-43.38784233625709,Silent-Premium,rio de janeiro
-23.675315595636327,-46.51511591603398,Silent-Premium,santo andre
-21.055563339687144,-49.685857901733485,Silent-Premium,jose bonifacio
-19.78940073534656,-42.140715891552524,Silent-Premium,caratinga
-23.635116922557604,-46.60340351304175,Silent-Premium,sao paulo
-23.64151681425172,-46.54210469718399,Silent-Premium,santo andre
-22.20255827699232,-49.968265059813,Silent-Premium,marilia
-21.690354186350497,-49.74587198014892,Silent-Premium,lins
-7.60283475153812,-37.31479073326887,Silent-Premium,tuparetama
-22.984638967251417,-43.19340669830918,Silent-Premium,rio de janeiro
-23.530227432973618,-46.798892025535224,Silent-Premium,osasco
-19.858236224248422,-43.8858874381095,Silent-Premium,belo horizonte
-22.01294095161805,-47.41565859685223,Silent-Premium,pirassununga
-22.741537389831542,-45.12653345616916,Silent-Premium,lorena
-25.483589864601413,-49.25492377226044,Silent-Premium,curitiba
-12.709222488773907,-38.31500361733467,Silent-Premium,camacari
-23.65218934609616,-46.53875018356984,Silent-Premium,santo andre
-10.685271419019744,-36.98595499961593,Silent-Premium,general maynard
-29.793505549086312,-51.86255911841741,Silent-Premium,taquari
-22.882376409414437,-43.363361678169646,Silent-Premium,rio de janeiro
-27.01390272093021,-48.60555448471567,Silent-Premium,balneario camboriu
-23.473052978908186,-46.60034358604072,Silent-Premium,sao paulo
-23.232384,-45.92533508638697,Silent-Premium,sao jose dos campos
-22.821187607273103,-43.01880953344557,Silent-Premium,sao goncalo
-28.276778725367024,-52.374402653415025,Silent-Premium,passo fundo
-25.488089427175264,-49.21799046960302,Silent-Premium,curitiba
-27.504469307474206,-48.64264292164009,Silent-Premium,biguacu
-23.160985042991708,-46.917868021668745,Silent-Premium,jundiai
-23.63750225728548,-46.60985375728546,Silent-Premium,sao paulo
-25.53882101787055,-54.57600672524666,Silent-Premium,foz do iguacu
-22.914400672773947,-43.24563020413756,Silent-Premium,rio de janeiro
-3.743327999999945,-38.66344999999996,Silent-Premium,caucaia
-22.918606538302836,-43.256743384472216,Silent-Premium,rio de janeiro
-22.479949433793422,-44.496513711117885,Silent-Premium,resende
-23.65154212908976,-46.57670835039532,Silent-Premium,sao bernardo do campo
-22.763066865525133,-52.98784117454758,Silent-Premium,nova londrina
-23.55643047625651,-46.56853012614689,Silent-Premium,sao paulo
-23.50881422546093,-47.61194381391098,Silent-Premium,aracoiaba da serra
-9.485737751213325,-35.83827448879295,Silent-Premium,rio largo
-12.88473197640749,-38.31168489141462,Silent-Premium,lauro de freitas
-23.939632951294477,-46.18282139548727,Silent-Premium,guaruja
-21.313854000000003,-42.86389063043698,Silent-Premium,astolfo dutra
-20.93996983939765,-48.50011403822046,Silent-Premium,bebedouro
-5.068892937387361,-42.78863714812957,Silent-Premium,teresina
-23.428044100216525,-51.95907151638488,Silent-Premium,maringa
-23.81971569027226,-45.36485252840012,Silent-Premium,ilhabela
-19.877727652086158,-43.995110704830054,Silent-Premium,belo horizonte
-22.45420832442529,-43.46995999999996,Silent-Premium,miguel pereira
-30.030201334179605,-51.22766868774895,Silent-Premium,porto alegre
-19.94742047100232,-43.946622000000005,Silent-Premium,belo horizonte
-26.94388891929459,-48.72101475429751,Silent-Premium,itajai
-23.604240981678146,-46.693814186508185,Silent-Premium,sao paulo
-23.45361731652991,-49.405672493758665,Silent-Premium,taguai
-30.033502643213687,-51.16106233236192,Silent-Premium,porto alegre
-5.808373524637668,-35.23063938355317,Silent-Premium,natal
-29.588763034766327,-51.36757434425736,Silent-Premium,sao sebastiao do cai
-23.553426672969827,-46.84972934356494,Silent-Premium,carapicuiba
-23.399420671677397,-46.39418043550551,Silent-Premium,guarulhos
-19.74570399283904,-43.94251767343394,Silent-Premium,vespasiano
-22.78922090023619,-43.31454375581786,Silent-Premium,duque de caxias
-23.54358939439665,-46.40173602331353,Silent-Premium,sao paulo
-19.813069492842576,-43.1739175118738,Silent-Premium,joao monlevade
-9.913040316222428,-63.01653151982813,Silent-Premium,ariquemes
-17.596518603530626,-44.73515887606278,Silent-Premium,varzea da palma
-22.970894018595992,-43.38784233625709,Silent-Premium,rio de janeiro
-23.95688438718329,-46.32677018694087,Silent-Premium,santos
-7.8499000018092495,-35.25173236371663,Silent-Premium,carpina
-23.435049027756925,-46.400103869005655,Silent-Premium,guarulhos
-23.67764482466333,-46.41871572704704,Silent-Premium,maua
-22.28752435628893,-47.13281611632475,Silent-Premium,mogi-guacu
-23.004782211990396,-46.84075801381677,Silent-Premium,itatiba
-23.59275370191585,-46.53221569233657,Silent-Premium,sao paulo
-27.585641089814075,-50.36420395294007,Silent-Premium,correia pinto
-20.535126774583134,-49.32157569604032,Silent-Premium,nova granada
-22.970894018595992,-43.38784233625709,Silent-Premium,rio de janeiro
-23.54561360866176,-46.6571419730798,Silent-Premium,sao paulo
-14.79465846572221,-39.27022049496033,Silent-Premium,itabuna
-23.685911658117153,-46.45659004005863,Silent-Premium,maua
-23.590002908130888,-46.62410069455826,Silent-Premium,sao paulo
-22.106017724177477,-43.19111616005085,Silent-Premium,tres rios
-22.298634,-49.0780625656414,Silent-Premium,bauru
-16.620811476996337,-54.47379441988548,Silent-Premium,pedra preta
-23.70785448456366,-46.556180165898496,Silent-Premium,sao bernardo do campo
-23.52976297446478,-46.655657718208005,Silent-Premium,sao paulo
-5.854397720785974,-35.20850839596652,Silent-Premium,natal
-23.02995052330053,-46.97810387762745,Silent-Premium,vinhedo
-25.08731293628265,-50.10496591500432,Silent-Premium,ponta grossa
-21.76110034729286,-41.323358209261016,Silent-Premium,campos dos goytacazes
-23.96402867998731,-46.33334224132954,Silent-Premium,santos
-22.894390490289645,-47.17321327031648,Silent-Premium,hortolandia
-16.217600462636685,-49.19644775576628,Silent-Premium,ouro verde de goias
-28.25857565440532,-52.406503307382735,Silent-Premium,passo fundo
-25.500920275984523,-54.57869375821511,Silent-Premium,foz do iguacu
-23.160985042991708,-46.917868021668745,Silent-Premium,jundiai
-21.21282934554791,-47.79516701664842,Silent-Premium,ribeirao preto
-20.416380955307154,-49.98507612801325,Silent-Premium,votuporanga
-21.710189295025717,-43.43869667998732,Silent-Premium,juiz de fora
-23.811270516792643,-46.7375025756247,Silent-Premium,sao paulo
-22.947707634511172,-46.55237031183305,Silent-Premium,braganca paulista
-26.825784077702185,-49.26999071426511,Silent-Premium,timbo
-24.96867905661036,-53.410157458941526,Silent-Premium,cascavel
-20.829359182194747,-49.379270257390985,Silent-Premium,sao jose do rio preto
-22.970894018595992,-43.38784233625709,Silent-Premium,rio de janeiro
-21.549597094674127,-45.73502135869359,Silent-Premium,paraguacu
-23.604758999999994,-46.66399110250936,Silent-Premium,sao paulo
-3.822306499999968,-38.4908384834761,Silent-Premium,fortaleza
-19.629852923974376,-43.22384359497725,Silent-Premium,itabira
-8.045726699694159,-34.90834724999999,Silent-Premium,recife
-23.48609727292998,-46.88378285145649,Silent-Premium,barueri
-22.19419359430747,-46.75089374999999,Silent-Premium,espirito santo do pinhal
-23.17173613454132,-45.84039083611284,Silent-Premium,sao jose dos campos
-22.758982616944046,-43.48259003081488,Silent-Premium,nova iguacu
-7.083871278683731,-34.836560062034714,Silent-Premium,joao pessoa
-23.156299066198635,-47.04923371339494,Silent-Premium,itupeva
-22.727575602833376,-47.67373307172959,Silent-Premium,piracicaba
-23.44257407576895,-46.50655197737896,Silent-Premium,guarulhos
-23.536790412718517,-47.46870306938549,Silent-Premium,sorocaba
-23.50122948542905,-46.644282319320205,Silent-Premium,sao paulo
-31.306912970797605,-54.07423522339987,Silent-Premium,bage
-22.922355824860112,-43.24398668180498,Silent-Premium,rio de janeiro
-23.41464835527768,-51.94228360784475,Silent-Premium,maringa
-23.56590081349181,-46.74375691534423,Silent-Premium,sao paulo
-19.946934214683473,-43.95237299999999,Silent-Premium,belo horizonte
-15.825222088586951,-48.06130437788214,Silent-Premium,brasilia
-23.499172288649078,-46.63758926268022,Silent-Premium,sao paulo
-22.73044114996501,-47.354885826951914,Silent-Premium,americana
-11.943264817506815,-38.08409866259861,Silent-Premium,entre rios
-15.815328337961944,-47.98783770924069,Silent-Premium,brasilia
-30.067100056898823,-51.16609047690222,Silent-Premium,porto alegre
-10.940934354406048,-37.06368720067511,Silent-Premium,aracaju
-19.88665694532287,-43.92389634081604,Silent-Premium,belo horizonte
-23.5528355903399,-46.65316948972822,Silent-Premium,sao paulo
-23.60042069608748,-46.619216654452096,Silent-Premium,sao paulo
-15.810804,-47.891466,Silent-Premium,brasilia
-22.46398669105198,-44.44887316741971,Silent-Premium,resende
-4.705682064138259,-40.56130570161928,Silent-Premium,nova russas
-19.82163865421037,-40.27287427808431,Silent-Premium,aracruz
-23.317709589364075,-46.227061818199104,Silent-Premium,santa isabel
-17.741854541742683,-46.17642834624476,Silent-Premium,joao pinheiro
-22.451980499999998,-44.306207999999984,Silent-Premium,barra mansa
-20.002504277991555,-44.06275949566534,Silent-Premium,ibirite
-22.71091915903972,-46.80384073243236,Silent-Premium,amparo
-19.930871148479472,-43.93471710629582,Silent-Premium,belo horizonte
-21.29407401379749,-50.34295220346251,Silent-Premium,birigui
-20.260231292259995,-40.268254195560345,Silent-Premium,vitoria
-1.5654746249551983,-48.76087656864421,Silent-Premium,murucupi
-2.4924798992835213,-44.25864971638458,Silent-Premium,sao luis
-23.61874768220902,-46.955576094933136,Silent-Premium,cotia
-23.5827745037509,-46.6204825896474,Silent-Premium,sao paulo
-22.952838782676466,-43.18857414986445,Silent-Premium,rio de janeiro
-22.972498753993328,-45.545758329101865,Silent-Premium,tremembe
-23.424478609629773,-51.8971907225523,Silent-Premium,maringa
-23.64046218818163,-46.65212213182845,Silent-Premium,sao paulo
-23.51171068412915,-46.4244273274933,Silent-Premium,sao paulo
-20.34056096542615,-40.38562368745221,Silent-Premium,cariacica
-23.399420671677397,-46.39418043550551,Silent-Premium,guarulhos
-20.416380955307154,-49.98507612801325,Silent-Premium,votuporanga
-23.99642825116864,-46.25935759909085,Silent-Premium,guaruja
-4.3319004804445855,-38.87916764233671,Silent-Premium,baturite
-20.965762091620658,-50.225531203594926,Silent-Premium,lourdes
-21.791334493897494,-48.18274155588276,Silent-Premium,araraquara
-23.66666607132555,-46.549536747980305,Silent-Premium,santo andre
-22.425398680634018,-43.19734082985146,Silent-Premium,petropolis
-20.14068469699654,-44.88753081910666,Silent-Premium,divinopolis
-23.33911074686946,-51.13717116696239,Silent-Premium,londrina
-30.048961945871135,-51.18911279156328,Silent-Premium,porto alegre
-23.663992368861425,-46.5384039775232,Silent-Premium,santo andre
-23.005376376350846,-45.53011503621718,Silent-Premium,taubate
-8.357789041981444,-42.252412079480735,Silent-Premium,sao joao do piaui
-29.092039335283836,-52.585410975726234,Silent-Premium,barros cassal
-22.738017278995763,-45.58706246070348,Silent-Premium,campos do jordao
-22.8935112964107,-47.0800242164147,Silent-Premium,campinas
-20.374072683597397,-40.30532998337161,Silent-Premium,vila velha
-23.436518883014024,-46.555788787339054,Silent-Premium,guarulhos
-21.20309099954143,-41.89141172373199,Silent-Premium,itaperuna
-23.651715093143583,-46.78865239355994,Silent-Premium,sao paulo
-29.956245195387535,-51.18539740980434,Silent-Premium,canoas
-24.014540409660096,-46.43840702622771,Silent-Premium,praia grande
-22.881152314602136,-47.05060719525074,Silent-Premium,campinas
-22.23017712851284,-49.93713569969415,Silent-Premium,marilia
-23.34425233456172,-47.86132253517067,Silent-Premium,tatui
-16.62103799999999,-49.31860549496509,Silent-Premium,goiania
-23.331043778111702,-51.17744445122848,Silent-Premium,londrina
-15.81563577411488,-47.89568147884441,Silent-Premium,brasilia
-23.243923986336238,-45.88750177901217,Silent-Premium,sao jose dos campos
-16.653288463125406,-49.48837959290822,Silent-Premium,trindade
-23.69029792389557,-46.6296561291374,Silent-Premium,diadema
-5.049252214749246,-42.7555059117382,Silent-Premium,teresina
-8.115332610465106,-34.91957523723238,Silent-Premium,recife
-19.60437246547611,-46.9261106671303,Silent-Premium,araxa
-23.55572441224121,-46.52161348792487,Silent-Premium,sao paulo
-22.947960386642016,-47.30653160819561,Silent-Premium,monte mor
-1.4611951151826312,-48.478553025535234,Silent-Premium,belem
-25.40185417929483,-49.20590335359798,Silent-Premium,curitiba
-25.440104033389556,-49.35158480404242,Silent-Premium,curitiba
-21.478326237614144,-47.55659341106698,Silent-Premium,sao simao
-29.684071732021668,-53.81278270760001,Silent-Premium,santa maria
-22.895307936266747,-47.038617014677364,Silent-Premium,campinas
-20.20573692802297,-50.92692375841509,Silent-Premium,santa fe do sul
-12.871161,-38.47519783369585,Silent-Premium,salvador
-1.4478332105285268,-48.49009678052688,Silent-Premium,belem
-19.93624791006412,-43.95773026201734,Silent-Premium,belo horizonte
-29.231312405602875,-53.68158220247091,Silent-Premium,julio de castilhos
-15.871724921261132,-47.964304671688645,Silent-Premium,brasilia
-23.618947479751093,-46.641195026227706,Silent-Premium,sao paulo
-23.5448135409429,-46.74889321204342,Silent-Premium,sao paulo
-20.815284251516896,-49.50746551808157,Silent-Premium,mirassol
-23.63130306994057,-46.61927286251845,Silent-Premium,sao paulo
-20.891319123261383,-47.58503294922996,Silent-Premium,batatais
-23.6026934207006,-46.75612054704541,Silent-Premium,taboao da serra
-23.17274037016998,-45.815156271856424,Silent-Premium,sao jose dos campos
-23.486105397720426,-46.658780152428264,Silent-Premium,sao paulo
-30.048961945871135,-51.18911279156328,Silent-Premium,porto alegre
-23.43577161587513,-46.544688508050086,Silent-Premium,guarulhos
-4.776773248483349,-48.06884080612588,Silent-Premium,rondon do para
-22.90600354640406,-43.10546782889948,Silent-Premium,niteroi
-19.92772413405276,-43.94438902498696,Silent-Premium,belo horizonte
-3.9052822574765287,-38.59952721967252,Silent-Premium,pacatuba
-23.487188352501462,-46.69966864432453,Silent-Premium,sao paulo
-22.91345759457133,-43.18797113336026,Silent-Premium,rio de janeiro
-22.95459806717061,-43.17731169269164,Silent-Premium,rio de janeiro
-24.33269479123062,-50.63542735010478,Silent-Premium,telemaco borba
-30.08526231714985,-51.05154950994045,Silent-Premium,viamao
-23.555556314184297,-46.68985712017429,Silent-Premium,sao paulo
-22.938556678817257,-43.06189295407768,Silent-Premium,niteroi
-23.483480479600665,-46.74805513009983,Silent-Premium,sao paulo
-23.618396640025374,-46.55132033264193,Silent-Premium,sao caetano do sul
-12.760611426591984,-43.95116143272881,Silent-Premium,serra dourada
-19.9194525,-44.27408766997244,Silent-Premium,betim
-19.619071315709977,-44.03957234517303,Silent-Premium,pedro leopoldo
-3.7404788293889646,-38.46346417357223,Silent-Premium,fortaleza
-15.647909091869106,-56.13439325007212,Silent-Premium,varzea grande
-20.75533341719481,-42.88055185516512,Silent-Premium,vicosa
-2.5146302133727936,-44.22290464354195,Silent-Premium,sao luis
-23.601512001384982,-46.68138456841135,Silent-Premium,sao paulo
-23.632770887039054,-46.554292980019014,Silent-Premium,sao caetano do sul
-19.831877699784197,-43.95335343627039,Silent-Premium,belo horizonte
-23.476569136947983,-46.35421999999997,Silent-Premium,itaquaquecetuba
-23.409335317643418,-46.863932749036934,Silent-Premium,cajamar
-11.183265848517188,-40.514901956930586,Silent-Premium,jacobina
-3.763469999999945,-38.61101599999995,Silent-Premium,fortaleza
-23.597014735501155,-46.59455519761669,Silent-Premium,sao paulo
-22.876883811818374,-47.04224699970871,Silent-Premium,campinas
-23.234439580000338,-46.77116509693393,Silent-Premium,campo limpo paulista
-23.585063593220163,-46.76573031099623,Silent-Premium,sao paulo
-22.90462513266777,-47.05736599733853,Silent-Premium,campinas
-17.734269170924616,-39.26418368776639,Silent-Premium,caravelas
-1.2305180682644596,-48.29370779522394,Silent-Premium,santa barbara do para
-20.921972004746983,-42.83358255122555,Silent-Premium,sao geraldo
-13.816620976182644,-56.08142940888967,Silent-Premium,nova mutum
-10.177553519725851,-48.32033421065061,Silent-Premium,palmas
-23.536610638496157,-46.65758461809682,Silent-Premium,sao paulo
-16.733318931186894,-49.28809074415828,Silent-Premium,goiania
-22.404391322992577,-46.95654245889666,Silent-Premium,mogi mirim
-13.009216442408688,-38.49526758604074,Silent-Premium,salvador
-23.491037236886143,-46.68182116763805,Silent-Premium,sao paulo
-5.064598315916959,-42.79576812478074,Silent-Premium,teresina
-23.1244962120434,-46.58359363780365,Silent-Premium,atibaia
-23.557876240407968,-46.78875378767495,Silent-Premium,osasco
-21.19017772938432,-47.76987064730896,Silent-Premium,ribeirao preto
-22.50991544681899,-41.923602344744666,Silent-Premium,rio das ostras
-23.57241932843741,-46.81889442976561,Silent-Premium,carapicuiba
-23.086036875382305,-46.954171930582575,Silent-Premium,louveira
-22.890628869698148,-43.43111892658264,Silent-Premium,rio de janeiro
-12.931292592979961,-38.49938493053976,Silent-Premium,salvador
-23.54623202109181,-46.48308666694558,Silent-Premium,sao paulo
-25.47926400312573,-49.30147398127409,Silent-Premium,curitiba
-22.726238760826234,-47.368535315448625,Silent-Premium,santa barbara d'oeste
-23.587603272260456,-46.67830769401,Silent-Premium,sao paulo
-28.59684655896043,-49.427680045326866,Silent-Premium,sideropolis
-22.858879579529457,-43.02864540085859,Silent-Premium,sao goncalo
-20.23394900351567,-41.50853245323119,Silent-Premium,ibatiba
-22.930412639848665,-43.34703978193807,Silent-Premium,rio de janeiro
-22.284485664723874,-48.5368133680247,Silent-Premium,jau
-19.534378206016385,-40.62581329448536,Silent-Premium,colatina
-24.758293660454623,-48.505469907533865,Silent-Premium,barra do turvo
-29.785188197834522,-55.79519776265938,Silent-Premium,alegrete
-15.575373259927694,-56.08520580966102,Silent-Premium,cuiaba
-12.918374957905142,-38.371045510712605,Silent-Premium,salvador
-23.34425233456172,-47.86132253517067,Silent-Premium,tatui
-28.291132840240245,-49.93378018274397,Silent-Premium,sao joaquim
-3.128660762613924,-60.02522960861586,Silent-Premium,manaus
-23.542412825148574,-46.490706403413355,Silent-Premium,sao paulo
-23.52005353621103,-46.72486946087478,Silent-Premium,sao paulo
-23.618000587021687,-46.737217445467095,Silent-Premium,sao paulo
-22.884770582151553,-43.110580619819686,Silent-Premium,niteroi
-13.744813855891184,-39.48727706222378,Silent-Premium,gandu
-20.0019394282266,-50.37558054591818,Silent-Premium,ouroeste
-23.362637454934067,-46.74097499375316,Silent-Premium,caieiras
-23.66350993199267,-46.61164237953724,Silent-Premium,sao bernardo do campo
-25.43338725644875,-49.298221241329536,Silent-Premium,curitiba
-24.72968994426537,-53.74016001613288,Silent-Premium,toledo
-23.541447999999946,-46.938015,Silent-Premium,itapevi
-23.491977681855435,-46.64169701200301,Silent-Premium,sao paulo
-22.956723203993917,-43.60495639532564,Silent-Premium,rio de janeiro
-23.485233363033053,-46.75574245671983,Silent-Premium,sao paulo
-21.76927978597883,-43.352157868789305,Silent-Premium,juiz de fora
-15.7515795,-47.89328608660287,Silent-Premium,brasilia
-21.356961507728457,-43.04815597908357,Silent-Premium,guarani
-19.88665694532287,-43.92389634081604,Silent-Premium,belo horizonte
-23.60162631917597,-46.55363287330484,Silent-Premium,sao paulo
-20.19270569926364,-40.233621188602434,Silent-Premium,serra
-15.901495749736227,-47.778564253746495,Silent-Premium,brasilia
-22.50991544681899,-41.923602344744666,Silent-Premium,rio das ostras
-2.5523255420860904,-44.24790311348598,Silent-Premium,sao luis
-22.91768636469216,-43.231241920278116,Silent-Premium,rio de janeiro
-8.048649017485133,-34.900234331323205,Silent-Premium,recife
-23.554620524006012,-46.65850520621502,Silent-Premium,sao paulo
-23.59208208710409,-46.30462202649456,Silent-Premium,suzano
-23.29561974427688,-46.740661686583195,Silent-Premium,francisco morato
-29.929019280495368,-51.08097215382063,Silent-Premium,cachoeirinha
-28.226596432935995,-52.46750482654652,Silent-Premium,passo fundo
-23.50132697716146,-46.87414575675412,Silent-Premium,barueri
-22.79784287870052,-43.19545824839868,Silent-Premium,rio de janeiro
-23.505527888339024,-46.3513365716552,Silent-Premium,itaquaquecetuba
-23.596028548992976,-46.6757672267586,Silent-Premium,sao paulo
-15.843053489167191,-48.030175344364245,Silent-Premium,brasilia
-23.727298829866104,-46.5426312027365,Silent-Premium,sao bernardo do campo
-22.9826818073893,-43.22430948127411,Silent-Premium,rio de janeiro
-23.544089225633414,-46.76962425535224,Silent-Premium,osasco
-20.914753094452905,-43.10016424839492,Silent-Premium,senador firmino
-19.92312879282017,-44.09524980292296,Silent-Premium,contagem
-18.949000107132548,-48.30624579892085,Silent-Premium,uberlandia
-23.50013529892086,-46.67515803497028,Silent-Premium,sao paulo
-25.45795217485142,-49.30899607966408,Silent-Premium,curitiba
-22.014427485140583,-47.9076801448728,Silent-Premium,sao carlos
-23.57088934915458,-46.635522778521526,Silent-Premium,sao paulo
-21.018977918357912,-48.77403805179215,Silent-Premium,paraiso
-19.77806727768481,-44.023271705378306,Silent-Premium,ribeirao das neves
-23.01113485206877,-43.31036525832422,Silent-Premium,rio de janeiro
-20.09103088290889,-45.29043321794628,Silent-Premium,santo antonio do monte
-23.27237014765088,-46.740036091162935,Silent-Premium,francisco morato
-23.55768183319866,-46.67439878253224,Silent-Premium,sao paulo
-20.16130630891767,-44.90380827522894,Silent-Premium,divinopolis
-22.906153508194315,-43.55299177116393,Silent-Premium,rio de janeiro
-23.52713237607479,-46.69617149999999,Silent-Premium,sao paulo
-23.657097328678667,-46.74111032576894,Silent-Premium,sao paulo
-29.83108209421195,-50.520622262972815,Silent-Premium,santo antonio da patrulha
-22.355312427145236,-47.38524196280801,Silent-Premium,araras
-22.827412750202008,-43.2832157342461,Silent-Premium,rio de janeiro
-22.956723203993917,-43.60495639532564,Silent-Premium,rio de janeiro
-20.29948099526813,-40.295279312809534,Silent-Premium,vitoria
-23.010602192768264,-45.568479653194416,Silent-Premium,taubate
-23.189527263550712,-46.91727596301613,Silent-Premium,jundiai
-23.588012608661764,-46.641916419787634,Silent-Premium,sao paulo
-21.21448441326677,-47.80687388198441,Silent-Premium,ribeirao preto
-23.57637040551145,-46.74737047807145,Silent-Premium,sao paulo
-23.6882804768307,-46.619752230879065,Silent-Premium,diadema
-19.877727652086158,-43.995110704830054,Silent-Premium,belo horizonte
-22.964032519562604,-43.17619751998097,Silent-Premium,rio de janeiro
-16.710609537046928,-49.24181812467197,Silent-Premium,goiania
-23.722609445088153,-46.42020200597261,Silent-Premium,ribeirao pires
-18.717165670764594,-39.85497839593817,Silent-Premium,sao mateus
-15.753091500000004,-47.885211,Silent-Premium,brasilia
-15.88656862472217,-52.266156588214294,Silent-Premium,barra do garcas
-23.01113485206877,-43.31036525832422,Silent-Premium,rio de janeiro
-22.768842390945508,-47.34061147091706,Silent-Premium,americana
-22.485322871806414,-41.913901725810774,Silent-Premium,rio das ostras
-23.534514366639733,-46.417455631084266,Silent-Premium,sao paulo
-22.39543462993152,-41.79411967983021,Silent-Premium,macae
-23.553394260343893,-46.571846370102165,Silent-Premium,sao paulo
-22.73462479247882,-43.54360744378576,Silent-Premium,queimados
-22.888220297690363,-43.62938614464972,Silent-Premium,rio de janeiro
-8.052767119900167,-34.90768357840902,Silent-Premium,recife
-23.567731265755775,-46.626243530931966,Silent-Premium,sao paulo
-23.44965736229816,-46.30312188777668,Silent-Premium,itaquaquecetuba
-19.969010470858095,-43.96760867485142,Silent-Premium,belo horizonte
-21.140005637724776,-47.81446950289819,Silent-Premium,ribeirao preto
-22.836436732168615,-43.2755566090658,Silent-Premium,rio de janeiro
-23.173915023261763,-46.87450969231661,Silent-Premium,jundiai
-23.106352945322868,-45.713306053292136,Silent-Premium,cacapava
-9.657605490640876,-35.70414440178576,Silent-Premium,maceio
-23.469019590758265,-46.60164030391252,Silent-Premium,sao paulo
-23.546151782420843,-46.568900831900976,Silent-Premium,sao paulo
-20.33503005424968,-40.36425046982501,Silent-Premium,cariacica
-25.437243910956433,-49.28084304815626,Silent-Premium,curitiba
-23.61104548934897,-46.76113750216712,Silent-Premium,taboao da serra
-23.494285082872555,-46.87045613339008,Silent-Premium,barueri
-6.766953359979558,-37.79529701126036,Silent-Premium,pombal
-2.9439098004855215,-48.951981656636335,Silent-Premium,tailandia
-21.165370022730333,-47.79714447071386,Silent-Premium,ribeirao preto
-23.014294742166268,-43.46413167283893,Silent-Premium,rio de janeiro
-26.777417471711722,-51.011723733991346,Silent-Premium,cacador
-20.650456036647185,-41.90891446643319,Silent-Premium,espera feliz
-23.68900946168367,-46.588955377806016,Silent-Premium,diadema
-23.40795010252565,-51.95850156503823,Silent-Premium,maringa
-22.70928658782974,-47.66520568122805,Silent-Premium,piracicaba
-22.87470671218764,-43.51544753788448,Silent-Premium,rio de janeiro
-7.117779608495694,-34.83614067138898,Silent-Premium,joao pessoa
-30.006780904524206,-51.160076449218,Silent-Premium,porto alegre
-23.16618175051456,-47.74609611924849,Silent-Premium,cerquilho
-30.05062656731484,-51.18005129232787,Silent-Premium,porto alegre
-23.7409648815278,-46.55499681266943,Silent-Premium,sao bernardo do campo
-20.19270569926364,-40.233621188602434,Silent-Premium,serra
-19.877727652086158,-43.995110704830054,Silent-Premium,belo horizonte
-23.63580786663679,-46.71368647000955,Silent-Premium,sao paulo
-22.47334532640637,-43.149373760118806,Silent-Premium,petropolis
-29.83108209421195,-50.520622262972815,Silent-Premium,santo antonio da patrulha
-22.98252918806041,-46.98517392663516,Silent-Premium,valinhos
-15.801308999999993,-47.96795249999999,Silent-Premium,brasilia
-13.533376466934016,-40.15183237567301,Silent-Premium,itirucu
-23.52959027699232,-46.54604260568839,Silent-Premium,sao paulo
-22.844299965145517,-43.012302923609546,Silent-Premium,sao goncalo
-23.61382545730628,-52.08395551318225,Silent-Premium,floresta
-23.9552663782965,-46.33825949705917,Silent-Premium,santos
-22.25460065639966,-49.93594210206878,Silent-Premium,marilia
-23.70653144827205,-46.85857730169082,Silent-Premium,itapecerica da serra
-23.17965058485729,-46.90576352862229,Silent-Premium,jundiai
-21.112635614490138,-47.79105569532287,Silent-Premium,ribeirao preto
-23.61104548934897,-46.76113750216712,Silent-Premium,taboao da serra
-22.820346451007023,-43.17759774785043,Silent-Premium,rio de janeiro
-1.4564705087998835,-48.47931988606284,Silent-Premium,belem
-23.499373461975644,-46.832186480942994,Silent-Premium,barueri
-28.28834453416741,-52.79139806482223,Silent-Premium,carazinho
-22.918606538302836,-43.256743384472216,Silent-Premium,rio de janeiro
-3.2061261675320685,-52.21246809885808,Silent-Premium,altamira
-23.557262898695825,-46.64448070760001,Silent-Premium,sao paulo
-23.5588940671706,-46.63737421259167,Silent-Premium,sao paulo
-7.8020251027218865,-35.23811825025226,Silent-Premium,tracunhaem
-23.68510552553522,-46.57079785212656,Silent-Premium,sao bernardo do campo
-23.409335317643418,-46.863932749036934,Silent-Premium,cajamar
-22.837451405505156,-43.32323284096027,Silent-Premium,rio de janeiro
-22.81445142403528,-47.07071336742769,Silent-Premium,campinas
-23.51677547628342,-46.33643354559392,Silent-Premium,poa
-22.22436521788732,-45.923555983835726,Silent-Premium,pouso alegre
-23.668189868139354,-46.664808571816025,Silent-Premium,sao paulo
-23.710014533181276,-46.58174395098847,Silent-Premium,sao bernardo do campo
-24.6186285873495,-53.32171363389954,Silent-Premium,cafelandia
-24.017683276321023,-52.353728782170506,Silent-Premium,campo mourao
-22.944469945322865,-43.184902217179285,Silent-Premium,rio de janeiro
-23.189527263550712,-46.91727596301613,Silent-Premium,jundiai
-17.342303063567126,-44.93370877307213,Silent-Premium,pirapora
-12.873292060465271,-38.2880656799928,Silent-Premium,lauro de freitas
-23.541156953921217,-46.60312959922671,Silent-Premium,sao paulo
-23.532920937272795,-46.34951003996194,Silent-Premium,poa
-27.44294348681403,-48.496021243839714,Silent-Premium,florianopolis
-31.77281834165277,-52.338397222589315,Silent-Premium,pelotas
-10.17419584360433,-48.88827885869645,Silent-Premium,paraiso do tocantins
-21.734910628368603,-43.34904139355993,Silent-Premium,juiz de fora
-23.0142279754765,-46.974054719924986,Silent-Premium,vinhedo
-20.18269909955703,-48.02585889278285,Silent-Premium,miguelopolis
-20.41224692928116,-40.67663071762754,Silent-Premium,marechal floriano
-23.59330543658029,-46.77287015459631,Silent-Premium,sao paulo
-23.594963898695823,-46.60763198834323,Silent-Premium,sao paulo
-22.70558293142173,-46.75299384697701,Silent-Premium,amparo
-22.95459806717061,-43.17731169269164,Silent-Premium,rio de janeiro
-22.72065181588747,-47.28111606225037,Silent-Premium,americana
-27.661847008050078,-48.53110638273989,Silent-Premium,florianopolis
-28.68830647062041,-49.38670203027518,Silent-Premium,criciuma
-15.794401499999992,-47.93561999999999,Silent-Premium,brasilia
-23.56261319494366,-46.42215450874258,Silent-Premium,sao paulo
-27.566501367924868,-48.62448683786694,Silent-Premium,sao jose
-31.39528603670237,-52.67748581290867,Silent-Premium,cangucu
-23.289054409429703,-45.96374003220031,Silent-Premium,jacarei
-22.873324823071552,-43.54420691023702,Silent-Premium,rio de janeiro
-22.738017278995763,-45.58706246070348,Silent-Premium,campos do jordao
-30.09683014847948,-51.13467910491085,Silent-Premium,porto alegre
-23.542531082982304,-46.68191419135562,Silent-Premium,sao paulo
-15.767757027550395,-47.88745448548233,Silent-Premium,brasilia
-22.41950093197918,-45.46573786030973,Silent-Premium,itajuba
-29.76675511843083,-51.14646136219634,Silent-Premium,sao leopoldo
-23.184481107132555,-45.87242012963361,Silent-Premium,sao jose dos campos
-23.633015143776277,-46.70689364807545,Silent-Premium,sao paulo
-19.97551649235395,-43.971936358914604,Silent-Premium,belo horizonte
-3.743404753534559,-38.484067201709045,Silent-Premium,fortaleza
-15.815328337961944,-47.98783770924069,Silent-Premium,brasilia
-26.270125529620692,-48.881667226504916,Silent-Premium,joinville
-23.357672491579283,-46.73476813663794,Silent-Premium,caieiras
-28.30435881574406,-54.26350495310216,Silent-Premium,santo angelo
-23.428553764786308,-46.82672952193262,Silent-Premium,santana de parnaiba
-21.775175570907194,-43.353949609498486,Silent-Premium,juiz de fora
-23.609652160972967,-46.50791542841971,Silent-Premium,sao paulo
-23.55592764706284,-46.36166815555334,Silent-Premium,ferraz de vasconcelos
-19.77747258090484,-47.93882832594529,Silent-Premium,uberaba
-19.877727652086158,-43.995110704830054,Silent-Premium,belo horizonte
-21.6736142894858,-49.75706520613485,Silent-Premium,lins
-23.70792312654191,-46.62651665973221,Silent-Premium,sao paulo
-22.866385578662914,-43.372546724464776,Silent-Premium,rio de janeiro
-27.62723756226977,-48.66452605586645,Silent-Premium,palhoca
-11.563868419374757,-37.782842823008146,Silent-Premium,jandaira
-23.243923986336238,-45.88750177901217,Silent-Premium,sao jose dos campos
-23.484015492642406,-46.69528157314321,Silent-Premium,sao paulo
-27.687217069810668,-48.56032471280801,Silent-Premium,florianopolis
-19.63863100472473,-43.90171846264042,Silent-Premium,lagoa santa
-23.65409022065608,-46.65517827560733,Silent-Premium,sao paulo
-5.776480015819097,-35.29546815160252,Silent-Premium,sao goncalo do amarante
-23.310845678627015,-45.9834199484863,Silent-Premium,jacarei
-20.62427354495619,-49.65197898070469,Silent-Premium,tanabi
-22.815551954483798,-47.28532799033803,Silent-Premium,sumare
-20.75533341719481,-42.88055185516512,Silent-Premium,vicosa
-5.069582897257019,-42.766260952103636,Silent-Premium,teresina
-1.8898549954497168,-48.76687164926332,Silent-Premium,moju
-22.72355577872001,-43.510612356690814,Silent-Premium,nova iguacu
-19.63863100472473,-43.90171846264042,Silent-Premium,lagoa santa
-22.826413437605595,-43.053180037616045,Silent-Premium,sao goncalo
-28.21096684762537,-51.52461936483638,Silent-Premium,lagoa vermelha
-21.94313092113401,-50.51633729674049,Silent-Premium,tupa
-19.925930595654158,-43.92704679072655,Silent-Premium,belo horizonte
-20.02461620004396,-44.038767756965775,Silent-Premium,ibirite
-22.895956030798377,-47.148743284205665,Silent-Premium,campinas
-8.045726699694159,-34.90834724999999,Silent-Premium,recife
-22.85937941003356,-47.03799906805251,Silent-Premium,campinas
-22.41950093197918,-45.46573786030973,Silent-Premium,itajuba
-23.527748663310227,-46.802069511945206,Silent-Premium,osasco
-23.9284341639139,-46.410112111257504,Silent-Premium,cubatao
-23.409504244050773,-51.43445079721367,Silent-Premium,arapongas
-26.219151390625395,-52.66677147637772,Silent-Premium,pato branco
-23.56624136747645,-46.63071419608747,Silent-Premium,sao paulo
-22.887081387183287,-43.55767681002937,Silent-Premium,rio de janeiro
-22.807903515407663,-43.19893621357261,Silent-Premium,rio de janeiro
-23.553279388005677,-46.695541202380284,Silent-Premium,sao paulo
-23.475841994171617,-46.6233523477696,Silent-Premium,sao paulo
-18.85672568480568,-41.93995201496594,Silent-Premium,governador valadares
-11.730068479902942,-40.55536090302155,Silent-Premium,piritiba
-23.51649734110451,-46.56782303996194,Silent-Premium,sao paulo
-22.979993961953177,-46.532765568122905,Silent-Premium,braganca paulista
-23.600526496249085,-46.63980320594089,Silent-Premium,sao paulo
-1.7225254382817428,-48.88243257718304,Silent-Premium,abaetetuba
-29.513737977327573,-50.77934231127476,Silent-Premium,tres coroas
-20.16130630891767,-44.90380827522894,Silent-Premium,divinopolis
-25.44379916929823,-49.32942299999999,Silent-Premium,curitiba
-19.8327396017082,-43.96767670967747,Silent-Premium,belo horizonte
-20.347899242077062,-40.39601827458058,Silent-Premium,cariacica
-22.954498317216,-43.06291718175602,Silent-Premium,niteroi
-23.388042258670453,-47.33979079961335,Silent-Premium,itu
-19.619071315709977,-44.03957234517303,Silent-Premium,pedro leopoldo
-8.145375262689669,-36.369955880959395,Silent-Premium,brejo da madre de deus
-24.595065805614908,-52.27725358180283,Silent-Premium,roncador
-22.003518593672453,-47.85611683645909,Silent-Premium,sao carlos
-29.6304704925703,-50.8349836530182,Silent-Premium,parobe
-19.92127936886143,-43.90621815015291,Silent-Premium,belo horizonte
-23.508354237578637,-46.65964676762937,Silent-Premium,sao paulo
-22.81631846264643,-43.41628252879276,Silent-Premium,nilopolis
-23.554809958508848,-46.569066056336226,Silent-Premium,sao paulo
-22.766917697505974,-47.38858556770016,Silent-Premium,santa barbara d'oeste
-23.538023539179946,-46.88948064085956,Silent-Premium,barueri
-23.85403551708688,-46.94690334426688,Silent-Premium,sao lourenco da serra
-21.13502492200935,-47.83299437246811,Silent-Premium,ribeirao preto
-22.853546254488244,-43.242954164038814,Silent-Premium,rio de janeiro
-18.645846244551414,-48.20539720623941,Silent-Premium,araguari
-23.084419446996314,-48.914886818901834,Silent-Premium,avare
-22.40992251985108,-47.56321483192925,Silent-Premium,rio claro
-0.7353836432310166,-47.85367412294094,Silent-Premium,curuca
-27.26846077196539,-49.71088566405052,Silent-Premium,agronomica
-23.620017583126536,-46.730946381282806,Silent-Premium,sao paulo
-23.554688679120503,-52.217813589950396,Silent-Premium,doutor camargo
-22.814348940331204,-43.20267075284208,Silent-Premium,rio de janeiro
-23.676289828452155,-46.6699021447429,Silent-Premium,sao paulo
-23.576901674158936,-46.613529575913184,Silent-Premium,sao paulo
-23.10453286011886,-48.92456450193324,Silent-Premium,avare
-23.49000855319642,-46.448914615182645,Silent-Premium,sao paulo
-22.90892765758392,-43.202272231695225,Silent-Premium,rio de janeiro
-23.939632951294477,-46.18282139548727,Silent-Premium,guaruja
-22.759656600259042,-43.43848994874962,Silent-Premium,nova iguacu
-20.342467507877814,-40.28566821952616,Silent-Premium,vila velha
-19.73432514516125,-47.94248568512319,Silent-Premium,uberaba
-22.39021116847478,-47.54999151399537,Silent-Premium,rio claro
-5.102719190368183,-42.75224112654245,Silent-Premium,teresina
-25.76621577893401,-49.72022327777802,Silent-Premium,lapa
-21.561074144737866,-45.43287075532527,Silent-Premium,varginha
-12.982305237029646,-38.447986507224655,Silent-Premium,salvador
-22.86657990047305,-43.09822064501702,Silent-Premium,niteroi
-3.8306298090484168,-38.49344733287036,Silent-Premium,fortaleza
-10.508537399129107,-40.32008016329232,Silent-Premium,campo formoso
-8.108425338940908,-35.28471199805243,Silent-Premium,vitoria de santo antao
-22.884229794083204,-46.963361858777574,Silent-Premium,campinas
-23.47398008950318,-46.61060891652722,Silent-Premium,sao paulo
-21.29407401379749,-50.34295220346251,Silent-Premium,birigui
-23.441759502221707,-46.4600738425616,Silent-Premium,guarulhos
-14.79465846572221,-39.27022049496033,Silent-Premium,itabuna
-22.97891413015762,-43.19380009478331,Silent-Premium,rio de janeiro
-23.612151111575955,-46.46061464709449,Silent-Premium,sao paulo
-22.92258733473174,-43.24244568124239,Silent-Premium,rio de janeiro
-5.86622582578275,-35.21051314793121,Silent-Premium,natal
-23.001664514859417,-43.40383953802869,Silent-Premium,rio de janeiro
-8.033562619976404,-34.93423982063307,Silent-Premium,recife
-23.45489291215593,-46.4117255884225,Silent-Premium,guarulhos
-22.898271740492824,-47.05171476887012,Silent-Premium,campinas
-22.6090229382009,-48.79636342819116,Silent-Premium,lencois paulista
-22.85476549362336,-43.36350425160133,Silent-Premium,rio de janeiro
-9.710975999999944,-56.67645049999996,Silent-Premium,paranaita
-23.496518975849764,-46.65612992867445,Silent-Premium,sao paulo
-23.014294742166268,-43.46413167283893,Silent-Premium,rio de janeiro
-29.579680533484552,-50.06325255042327,Silent-Premium,terra de areia
-9.656154827918536,-35.733148116843424,Silent-Premium,maceio
-6.529929061610091,-49.85237106032086,Silent-Premium,canaa dos carajas
-27.60542121440934,-48.47002116127125,Silent-Premium,florianopolis
-23.49993667110052,-46.60575947002136,Silent-Premium,sao paulo
-23.4541328104334,-46.5255982507646,Silent-Premium,guarulhos
-22.971588385030664,-43.33006828639565,Silent-Premium,rio de janeiro
-23.243923986336238,-45.88750177901217,Silent-Premium,sao jose dos campos
-13.002814446015355,-38.46387616648835,Silent-Premium,salvador
-15.799050000000005,-47.942972999999995,Silent-Premium,brasilia
-20.422398084596555,-50.0830101993728,Silent-Premium,valentim gentil
-23.54774980834696,-46.293749082625176,Silent-Premium,suzano
-31.75352268695969,-52.30458748868948,Silent-Premium,pelotas
-30.073399822534427,-51.20902697215613,Silent-Premium,porto alegre
-21.129972734227916,-42.37916517346645,Silent-Premium,muriae
-23.630627095475788,-46.73368361518263,Silent-Premium,sao paulo
-23.541952776588285,-46.79886992812618,Silent-Premium,osasco
-20.523532441318096,-47.36505968729045,Silent-Premium,franca
-25.424860600323225,-49.35933682584106,Silent-Premium,curitiba
-23.554830048848743,-46.51204677047144,Silent-Premium,sao paulo
-9.391460278079158,-38.22748605293083,Silent-Premium,paulo afonso
-23.010010522621027,-43.31960105704306,Silent-Premium,rio de janeiro
-20.554950968499107,-47.38769088301032,Silent-Premium,franca
-23.56072295337296,-46.63277989454088,Silent-Premium,sao paulo
-23.46658982202164,-46.63928171838316,Silent-Premium,sao paulo
-23.441645336112845,-45.077753319947206,Silent-Premium,ubatuba
-25.65884597332588,-49.299486774353305,Silent-Premium,fazenda rio grande
-24.112863197007357,-46.667482359857104,Silent-Premium,mongagua
-31.33972957157747,-54.08052593553614,Silent-Premium,bage
-23.482295622540228,-46.647257882739886,Silent-Premium,sao paulo
-12.21677646018626,-38.95975352497693,Silent-Premium,feira de santana
-3.7130683293016524,-38.58578479414107,Silent-Premium,fortaleza
-19.747979301613125,-47.93624668039608,Silent-Premium,uberaba
-23.458981473772283,-46.61859465944376,Silent-Premium,sao paulo
-19.92772413405276,-43.94438902498696,Silent-Premium,belo horizonte
-22.23227830780992,-45.93435440552749,Silent-Premium,pouso alegre
-23.66666607132555,-46.549536747980305,Silent-Premium,santo andre
-28.25857565440532,-52.406503307382735,Silent-Premium,passo fundo
-23.13766618272218,-46.55735815823561,Silent-Premium,atibaia
-19.93697065093891,-43.97550849990613,Silent-Premium,belo horizonte
-23.708508755236668,-46.5428547991372,Silent-Premium,sao bernardo do campo
-18.4760791367949,-47.19905203561228,Silent-Premium,coromandel
-16.71642484977056,-49.26696822737612,Silent-Premium,goiania
-19.95746958396326,-43.96008535163609,Silent-Premium,belo horizonte
-21.921298982885077,-50.73202996925728,Silent-Premium,bastos
-22.60137566819486,-48.80749003720592,Silent-Premium,lencois paulista
-29.69066507532988,-51.11534461906708,Silent-Premium,novo hamburgo
-23.9552663782965,-46.33825949705917,Silent-Premium,santos
-27.589984836805336,-48.55106215633563,Silent-Premium,florianopolis
-23.44280896641469,-46.75883897100233,Silent-Premium,sao paulo
2.821374037729382,-60.67224111828101,Silent-Premium,boa vista
-22.374225214074475,-42.99752444391156,Silent-Premium,teresopolis
-24.02061457146977,-46.45986587975573,Silent-Premium,praia grande
-4.954413909154566,-37.13250642591839,Silent-Premium,areia branca
-7.115501145241208,-34.85512308090483,Silent-Premium,joao pessoa
-22.408910952761868,-43.66414917568397,Silent-Premium,vassouras
-2.426887126999578,-54.73083104396959,Silent-Premium,santarem
-21.804960540312834,-48.1815821792585,Silent-Premium,araraquara
-20.24795806800733,-40.271542735284825,Silent-Premium,vitoria
-23.57736416464433,-46.407736812973,Silent-Premium,sao paulo
-23.492788669441406,-46.706291980105455,Silent-Premium,sao paulo
-18.893222999999992,-48.28989571204341,Silent-Premium,uberlandia
-21.948997156046385,-44.18961511676595,Silent-Premium,bom jardim de minas
-23.66666607132555,-46.549536747980305,Silent-Premium,santo andre
-23.591339208855086,-46.70866555709254,Silent-Premium,sao paulo
-11.768931194761294,-63.034173784900915,Silent-Premium,seringueiras
-22.160370804486707,-49.96249177165441,Silent-Premium,marilia
-21.127861829538965,-42.40068511373546,Silent-Premium,muriae
-23.601792247850415,-46.514558666527236,Silent-Premium,sao paulo
-25.393851712990823,-52.40365311369973,Silent-Premium,laranjeiras do sul
-23.186380013590007,-46.88651921120668,Silent-Premium,jundiai
-23.673253125436155,-46.693171073276545,Silent-Premium,sao paulo
-15.740010000000002,-47.899681875,Silent-Premium,brasilia
-22.233113354988234,-49.96477099219082,Silent-Premium,marilia
-23.6422845,-46.63232479354852,Silent-Premium,sao paulo
-21.397807571581044,-42.69841280639142,Silent-Premium,cataguases
-27.867609656809233,-54.47651618723757,Silent-Premium,santa rosa
-22.8796102749367,-43.091603704065434,Silent-Premium,niteroi
-27.57707899362336,-48.5366366740147,Silent-Premium,florianopolis
-23.55643047625651,-46.56853012614689,Silent-Premium,sao paulo
-23.447220663887148,-46.42751660713256,Silent-Premium,guarulhos
-23.54001446169717,-46.64255169727044,Silent-Premium,sao paulo
-23.626092843590477,-46.7441113627446,Silent-Premium,sao paulo
-25.76621577893401,-49.72022327777802,Silent-Premium,lapa
-23.456907,-46.5582491873449,Silent-Premium,guarulhos
-23.55768183319866,-46.67439878253224,Silent-Premium,sao paulo
-22.429715848337285,-50.205234449192936,Silent-Premium,echapora
-23.718929721989312,-46.52464263358638,Silent-Premium,sao bernardo do campo
-23.604240981678146,-46.693814186508185,Silent-Premium,sao paulo
-23.88071154548398,-46.41644242338826,Silent-Premium,cubatao
-10.837055804174268,-38.53789070651605,Silent-Premium,ribeira do pombal
-11.860459652819213,-41.75396975925798,Silent-Premium,salobro
-7.363413404878551,-35.90087660985694,Silent-Premium,queimadas
-25.34647503115502,-54.24097236064912,Silent-Premium,sao miguel do iguacu
-21.18877007216227,-47.82868679493715,Silent-Premium,ribeirao preto
-23.698845104297472,-46.54305293907612,Silent-Premium,sao bernardo do campo
-23.527825967004077,-51.45799881277665,Silent-Premium,apucarana
-21.62103763627445,-48.36334275365033,Silent-Premium,matao
-23.6052583580414,-46.668910957863645,Silent-Premium,sao paulo
-23.54875465139367,-46.4392114417162,Silent-Premium,sao paulo
-22.92541928296553,-43.232072863400354,Silent-Premium,rio de janeiro
-25.469928492094144,-49.24312450609138,Silent-Premium,curitiba
-26.914710861989555,-48.66094867263115,Silent-Premium,itajai
-27.23089263127628,-52.02505973585523,Silent-Premium,concordia
-20.73366157323959,-42.030254249999984,Silent-Premium,carangola
-22.7352059141212,-43.450468178245586,Silent-Premium,nova iguacu
-23.55409477837729,-46.656003407510504,Silent-Premium,sao paulo
-22.902127847625383,-43.12463807063305,Silent-Premium,niteroi
-32.012859882111286,-52.0395842726377,Silent-Premium,sao jose do norte
-22.79784287870052,-43.19545824839868,Silent-Premium,rio de janeiro
-19.8399409186066,-43.959657698309165,Silent-Premium,belo horizonte
-27.24301947631795,-52.03051087422463,Silent-Premium,concordia
-16.726438713451063,-43.87534930197928,Silent-Premium,montes claros
-20.14068469699654,-44.88753081910666,Silent-Premium,divinopolis
-27.59525894226445,-48.55346741363679,Silent-Premium,florianopolis
-29.750749847509628,-51.1003528534919,Silent-Premium,sao leopoldo
-19.173229195013285,-41.47247462220565,Silent-Premium,conselheiro pena
-23.66897161033521,-46.70251155358061,Silent-Premium,sao paulo
-21.107005362839296,-44.22929042714523,Silent-Premium,sao joao del rei
-23.644885766864764,-46.606792633115546,Silent-Premium,sao paulo
-23.54682895530619,-46.56705535720467,Silent-Premium,sao paulo
-20.350012208028105,-40.31346088666388,Silent-Premium,vila velha
-23.53705271494464,-46.67955799932098,Silent-Premium,sao paulo
-28.25857565440532,-52.406503307382735,Silent-Premium,passo fundo
-23.201927077990646,-46.88743947195444,Silent-Premium,jundiai
-25.406795584024778,-49.25942853605031,Silent-Premium,curitiba
-22.91167752899767,-43.19814225437128,Silent-Premium,rio de janeiro
-21.090105631768857,-47.153842131708565,Silent-Premium,santo antonio da alegria
-15.80775617752384,-47.90194504856268,Silent-Premium,brasilia
-23.701554051907166,-46.58289107894293,Silent-Premium,sao bernardo do campo
-21.69506411550893,-45.257499190163706,Silent-Premium,tres coracoes
-12.989080027800075,-38.48769070705173,Silent-Premium,salvador
-22.50126,-44.66767049999999,Silent-Premium,engenheiro passos
-21.08297015984822,-49.239539621648696,Silent-Premium,ibira
-18.907541802994345,-40.07619848042624,Silent-Premium,jaguare
-22.373920111804395,-41.77972882544024,Silent-Premium,macae
-23.561779395363267,-46.47581652435226,Silent-Premium,sao paulo
-21.764199268942235,-43.346325855675445,Silent-Premium,juiz de fora
-22.8150116968618,-45.183611426362205,Silent-Premium,guaratingueta
-23.494285082872555,-46.87045613339008,Silent-Premium,barueri
-23.53917041548848,-46.59521249125743,Silent-Premium,sao paulo
-19.936877427145244,-43.96747446113456,Silent-Premium,belo horizonte
-23.75636140716581,-46.80973830999994,Silent-Premium,itapecerica da serra
-29.92605432944123,-51.1589378998788,Silent-Premium,canoas
-22.889148401335888,-43.32770088481736,Silent-Premium,rio de janeiro
-22.74994800686078,-42.87060511505709,Silent-Premium,itaborai
-23.98437623004785,-46.48822259320226,Silent-Premium,sao vicente
-20.284603009435063,-40.29512303471047,Silent-Premium,vitoria
-24.03377804676809,-52.37626746763636,Silent-Premium,campo mourao
-30.02223398834324,-51.20241111324938,Silent-Premium,porto alegre
-23.667004561746257,-46.76997891257429,Silent-Premium,sao paulo
-22.878901440605347,-43.33949373521269,Silent-Premium,rio de janeiro
-20.952636210070757,-43.80368730508225,Silent-Premium,carandai
-23.548749551253486,-46.25448726291777,Silent-Premium,mogi das cruzes
-19.936877427145244,-43.96747446113456,Silent-Premium,belo horizonte
-23.77255875590049,-46.69475623431819,Silent-Premium,sao paulo
-20.48832012799575,-54.62143724978365,Silent-Premium,campo grande
-30.039467585059786,-51.22310393268514,Silent-Premium,porto alegre
-16.371267357116462,-48.94866729256318,Silent-Premium,anapolis
-23.495786339719523,-46.446582525535234,Silent-Premium,sao paulo
-15.794401499999992,-47.93561999999999,Silent-Premium,brasilia
-23.540347864335267,-46.1912032852791,Silent-Premium,mogi das cruzes
-8.088127951791035,-37.64288462782425,Silent-Premium,custodia
-20.83329949035003,-41.15487754492568,Silent-Premium,cachoeiro de itapemirim
-25.09125837363345,-54.24465858348745,Silent-Premium,missal
-19.619071315709977,-44.03957234517303,Silent-Premium,pedro leopoldo
-8.138942788344528,-34.973422622726424,Silent-Premium,jaboatao dos guararapes
-20.078081482110967,-44.601280141881546,Silent-Premium,itauna
-25.401732052184222,-49.32573494441104,Silent-Premium,curitiba
-23.611654194010004,-46.63146857729816,Silent-Premium,sao paulo
-23.499172288649078,-46.63758926268022,Silent-Premium,sao paulo
-23.541700665229538,-46.65257086372554,Silent-Premium,sao paulo
-20.73799136507532,-48.91093038579832,Silent-Premium,olimpia
-22.74552191270686,-47.41983597042277,Silent-Premium,santa barbara d'oeste
-23.525690427982557,-46.88786043048718,Silent-Premium,barueri
-8.041626641614375,-34.87949296182777,Silent-Premium,recife
-23.614353398003328,-46.65185645053088,Silent-Premium,sao paulo
-23.65218934609616,-46.53875018356984,Silent-Premium,santo andre
-21.9594702481839,-42.00888509919894,Silent-Premium,santa maria madalena
-12.255815970114064,-38.96088736933568,Silent-Premium,feira de santana
-28.68951102469276,-49.34861512698399,Silent-Premium,criciuma
-23.58013462799816,-46.91807670499688,Silent-Premium,cotia
-22.947960386642016,-47.30653160819561,Silent-Premium,monte mor
-20.23750661693996,-40.27106778721477,Silent-Premium,serra
-23.16618175051456,-47.74609611924849,Silent-Premium,cerquilho
-22.90600354640406,-43.10546782889948,Silent-Premium,niteroi
-22.967417876348925,-43.70557631230885,Silent-Premium,rio de janeiro
-25.45864601817763,-49.286236905292554,Silent-Premium,curitiba
-29.651808344542687,-51.171106090300064,Silent-Premium,estancia velha
-23.60106796280802,-46.56790751276762,Silent-Premium,sao paulo
-21.207518951445493,-47.60073532766128,Silent-Premium,serrana
-23.682683004540355,-46.52533363343238,Silent-Premium,santo andre
-22.93534069637593,-43.186718398333056,Silent-Premium,rio de janeiro
-19.503928571469782,-42.54855180544174,Silent-Premium,ipatinga
-15.571531999999934,-56.05582592431282,Silent-Premium,cuiaba
-18.89849307618731,-48.32964800701135,Silent-Premium,uberlandia
-22.930452979874794,-47.035929675986,Silent-Premium,campinas
-12.926860722170955,-38.49853689156592,Silent-Premium,salvador
-15.828039000000004,-47.90742010815911,Silent-Premium,brasilia
-22.951672385322283,-47.04983432139767,Silent-Premium,campinas
-18.952110419717076,-49.45749467634344,Silent-Premium,ituiutaba
-23.72650754342439,-46.57996607380704,Silent-Premium,sao bernardo do campo
-23.01048058728148,-43.334463714813374,Silent-Premium,rio de janeiro
-23.068895084475407,-52.41784234492755,Silent-Premium,paranavai
-23.50926448483579,-46.60351726922744,Silent-Premium,sao paulo
-18.9239008462404,-48.25008947100231,Silent-Premium,uberlandia
-23.6652471829015,-46.5917295745282,Silent-Premium,sao bernardo do campo
-12.612797045607262,-38.30149629456411,Silent-Premium,dias d'avila
-23.556815612833606,-46.65074498528482,Silent-Premium,sao paulo
-23.503853294477462,-46.55491073216861,Silent-Premium,guarulhos
-19.937512508468437,-44.17352748286109,Silent-Premium,betim
-22.91117504795305,-42.80607350667135,Silent-Premium,marica
-22.90316625284208,-43.10713068500763,Silent-Premium,niteroi
-21.788259192047157,-46.565584849600626,Silent-Premium,pocos de caldas
-25.55935703886542,-49.20785595669116,Silent-Premium,sao jose dos pinhais
-23.96954523993056,-46.371917161879885,Silent-Premium,sao vicente
-23.52377256527157,-46.47854706155314,Silent-Premium,sao paulo
-23.588024363869764,-46.80236036310327,Silent-Premium,sao paulo
-19.892370394396657,-43.94229006688214,Silent-Premium,belo horizonte
-22.945210543712847,-43.33984223255832,Silent-Premium,rio de janeiro
-19.953983389390658,-43.93287034041202,Silent-Premium,belo horizonte
-19.870686547370532,-47.443123441417015,Silent-Premium,sacramento
-19.534378206016385,-40.62581329448536,Silent-Premium,colatina
-16.64256734644514,-49.274629289868436,Silent-Premium,goiania
-23.474839274770616,-46.89821131571351,Silent-Premium,santana de parnaiba
-23.468303755756267,-46.69248706287145,Silent-Premium,sao paulo
-15.152364395697298,-42.870982537246704,Silent-Premium,monte azul
-29.18733045650381,-51.20149044427836,Silent-Premium,caxias do sul
-22.70928658782974,-47.66520568122805,Silent-Premium,piracicaba
-15.65820877970397,-47.857523178680964,Silent-Premium,brasilia
-23.577233867332225,-46.75660664450597,Silent-Premium,sao paulo
-2.928834861711427,-41.75537063158185,Silent-Premium,parnaiba
-23.451350521784317,-46.52266787607479,Silent-Premium,guarulhos
-8.01381680791792,-34.967339977818874,Silent-Premium,camaragibe
-12.060983879740572,-63.57193142137397,Silent-Premium,sao francisco do guapore
-19.4499026121446,-43.11414250427422,Silent-Premium,santa maria de itabira
-23.452132003527225,-46.68608406083267,Silent-Premium,sao paulo
-23.67975053121937,-46.550843307166375,Silent-Premium,santo andre
-23.484744245568784,-46.7347960830412,Silent-Premium,sao paulo
-28.678710975115454,-49.34051559127768,Silent-Premium,criciuma
-27.486369471002327,-48.41567549999998,Silent-Premium,florianopolis
-23.143586641554577,-46.58355514175659,Silent-Premium,atibaia
-23.69073583236193,-46.74466060567546,Silent-Premium,sao paulo
-20.953274997597106,-41.34182622919502,Silent-Premium,muqui
-23.285339138631286,-47.67122744308,Silent-Premium,boituva
-22.434325092075227,-42.94566444829067,Silent-Premium,teresopolis
-20.260231292259995,-40.268254195560345,Silent-Premium,vitoria
-22.902127847625383,-43.12463807063305,Silent-Premium,niteroi
-3.272169665851655,-39.267623095816354,Silent-Premium,trairi
-22.912121384482425,-43.17276000612761,Silent-Premium,rio de janeiro
-5.068892937387361,-42.78863714812957,Silent-Premium,teresina
-19.762546992256745,-47.90073767805073,Silent-Premium,uberaba
-23.10247099514172,-47.71298250000001,Silent-Premium,tiete
-22.605298322148823,-46.91887161356906,Silent-Premium,santo antonio de posse
-19.822707429915194,-43.96083024138544,Silent-Premium,belo horizonte
-22.937430121847743,-43.176862902706524,Silent-Premium,rio de janeiro
-23.18300381820934,-46.96922804883066,Silent-Premium,jundiai
-12.275234999999997,-38.976114520399335,Silent-Premium,feira de santana
-23.56783374937962,-46.698420577990646,Silent-Premium,sao paulo
-21.426847789373337,-50.0643276561055,Silent-Premium,penapolis
-19.95404092044362,-43.97768107409549,Silent-Premium,belo horizonte
-23.514522244851364,-46.55089330753211,Silent-Premium,sao paulo
-20.345054925832905,-40.32290935573903,Silent-Premium,vila velha
-22.831640653887533,-43.041632564798185,Silent-Premium,sao goncalo
-23.99642825116864,-46.25935759909085,Silent-Premium,guaruja
-24.042042380677632,-52.38742725,Silent-Premium,campo mourao
-17.33854075449391,-49.9301831260193,Silent-Premium,edeia
-18.207097013996865,-45.226806445886666,Silent-Premium,tres marias
-19.92127936886143,-43.90621815015291,Silent-Premium,belo horizonte
-30.015353525390992,-51.16292631709848,Silent-Premium,porto alegre
-13.440861784452997,-49.147183161934976,Silent-Premium,porangatu
-19.94742047100232,-43.946622000000005,Silent-Premium,belo horizonte
-22.817940349921532,-47.24004385158533,Silent-Premium,sumare
-17.695150769703254,-42.51738345410398,Silent-Premium,capelinha
-7.115501145241208,-34.85512308090483,Silent-Premium,joao pessoa
-19.61889625456582,-41.63499676843619,Silent-Premium,pocrane
-22.920179070777287,-43.1800400189857,Silent-Premium,rio de janeiro
-23.541467521784305,-46.64533737490615,Silent-Premium,sao paulo
-22.716465673062416,-47.64021883945973,Silent-Premium,piracicaba
-9.383374689072339,-38.00233657089399,Silent-Premium,delmiro gouveia
-23.534811000000005,-46.68100444047543,Silent-Premium,sao paulo
-22.937512792544215,-43.24664597821569,Silent-Premium,rio de janeiro
-17.85839668980789,-41.50907055156256,Silent-Premium,teofilo otoni
-30.030029999999996,-51.140490236847626,Silent-Premium,porto alegre
-23.54394711019097,-46.51740469900167,Silent-Premium,sao paulo
-23.62538919011487,-46.72009319040332,Silent-Premium,sao paulo
-11.660619022560503,-39.00630511419938,Silent-Premium,serrinha
-19.60305711725264,-46.944627538073846,Silent-Premium,araxa
-23.02187989307062,-43.46365439966753,Silent-Premium,rio de janeiro
-22.27164789897835,-46.16555647382263,Silent-Premium,borda da mata
-23.614284855675464,-46.64251185498296,Silent-Premium,sao paulo
-22.86133078663342,-48.44175110407413,Silent-Premium,botucatu
-18.75756011835844,-44.43159029668814,Silent-Premium,curvelo
-23.619525380518198,-46.66576230763491,Silent-Premium,sao paulo
-24.179855538627187,-46.79049637055164,Silent-Premium,itanhaem
-22.02739377560734,-47.9008134143055,Silent-Premium,sao carlos
-23.42905607576424,-46.31605574847379,Silent-Premium,itaquaquecetuba
-23.492647355496196,-47.0028415385122,Silent-Premium,santana de parnaiba
-22.245953997538347,-50.700544630062254,Silent-Premium,quata
-24.014540409660096,-46.43840702622771,Silent-Premium,praia grande
-18.914980232586977,-48.27813616348312,Silent-Premium,uberlandia
-25.12788338718329,-50.1570387238444,Silent-Premium,ponta grossa
-23.582760401610017,-46.7395056566738,Silent-Premium,sao paulo
-23.63260554454957,-46.70000601318596,Silent-Premium,sao paulo
-19.46970149792253,-42.562507159587966,Silent-Premium,ipatinga
-25.435887447066097,-49.2405603754809,Silent-Premium,curitiba
-15.655974704484574,-56.141493762530644,Silent-Premium,varzea grande
-23.712859098700683,-47.41623869785824,Silent-Premium,piedade
-12.952189049112675,-38.40456767638062,Silent-Premium,salvador
-22.192283557169063,-47.403495611777295,Silent-Premium,leme
-32.04026630648149,-52.1155097159392,Silent-Premium,rio grande
-17.53328739848712,-39.194053995737825,Silent-Premium,alcobaca
-20.14824500970249,-41.291644826564024,Silent-Premium,brejetuba
-23.546878911449102,-46.58938932361937,Silent-Premium,sao paulo
-23.679693667441757,-46.4957975276127,Silent-Premium,santo andre
-29.648827519014347,-50.78205392042235,Silent-Premium,taquara
-23.462545709547577,-46.67155724639332,Silent-Premium,sao paulo
-15.75119642587254,-49.33087219163024,Silent-Premium,jaragua
-23.52524840022503,-46.54709810990627,Silent-Premium,sao paulo
-8.092642892867444,-34.91216460421836,Silent-Premium,recife
-15.314436628644323,-42.01871650851685,Silent-Premium,sao joao do paraiso
-22.321930499999997,-49.060525783368945,Silent-Premium,bauru
-20.772871566216622,-41.67491020458371,Silent-Premium,guacui
-28.941654263528584,-54.55797022368432,Silent-Premium,capao do cipo
-23.620468002221696,-46.48161159977497,Silent-Premium,sao paulo
-22.724625079276926,-43.56776345153243,Silent-Premium,queimados
-23.589234482370628,-46.67013533250615,Silent-Premium,sao paulo
-27.067838975825943,-52.63531276173288,Silent-Premium,chapeco
-22.881848543693398,-42.02432487193055,Silent-Premium,cabo frio
-23.499520197749,-46.341727616325045,Silent-Premium,itaquaquecetuba
-17.223373086135236,-46.87518788782276,Silent-Premium,paracatu
-20.38435644755586,-40.32265011416729,Silent-Premium,vila velha
-20.79438011346313,-49.36501871866814,Silent-Premium,sao jose do rio preto
-23.41464835527768,-51.94228360784475,Silent-Premium,maringa
-22.00159387361481,-46.80806157795089,Silent-Premium,sao joao da boa vista
-22.969483040798664,-49.87061220483005,Silent-Premium,ourinhos
-15.65820877970397,-47.857523178680964,Silent-Premium,brasilia
-23.46215080460501,-46.67507099999999,Silent-Premium,sao paulo
-12.146974026798045,-44.99568501504704,Silent-Premium,barreiras
-21.25013905331707,-50.64596986759825,Silent-Premium,guararapes
-15.836767190430036,-48.039948820855564,Silent-Premium,brasilia
-8.076126732028449,-34.91923345191586,Silent-Premium,recife
-22.952966315183264,-47.000752404611255,Silent-Premium,valinhos
-25.010198200867116,-47.93082375399905,Silent-Premium,cananeia
-27.1011280158612,-52.611417110946064,Silent-Premium,chapeco
-29.231312405602875,-53.68158220247091,Silent-Premium,julio de castilhos
-19.97036276047379,-44.200006568049105,Silent-Premium,betim
-22.98160513919944,-46.54656873017163,Silent-Premium,braganca paulista
-20.77939641723061,-49.393314368353714,Silent-Premium,sao jose do rio preto
-15.843092528722453,-47.82225242246026,Silent-Premium,brasilia
-23.475908881210685,-46.738400879328445,Silent-Premium,sao paulo
-21.54077680916818,-49.85700359665669,Silent-Premium,promissao
-21.132950799194987,-48.95897914432453,Silent-Premium,catanduva
-15.759163927837731,-47.8388591246177,Silent-Premium,brasilia
-20.58539612477616,-47.86315577415144,Silent-Premium,sao joaquim da barra
-12.546558009589456,-55.72532214453517,Silent-Premium,sorriso
-24.719714999999997,-53.75869646676048,Silent-Premium,toledo
-22.936854813491813,-43.35996102505908,Silent-Premium,rio de janeiro
-22.935940716233457,-43.67440340347871,Silent-Premium,rio de janeiro
-23.5641124118818,-46.6645303395753,Silent-Premium,sao paulo
-22.29394874475806,-49.04553452871522,Silent-Premium,bauru
-22.716465673062416,-47.64021883945973,Silent-Premium,piracicaba
-21.182286894341274,-47.74515153601613,Silent-Premium,ribeirao preto
-25.566502617616155,-48.56557353848776,Silent-Premium,paranagua
-23.966109471002326,-46.342983916995166,Silent-Premium,santos
-23.789612044629692,-50.05869087273602,Silent-Premium,pinhalao
-19.923338955306185,-43.9480192209302,Silent-Premium,belo horizonte
-25.50225354445171,-49.29038727047145,Silent-Premium,curitiba
-23.544731000836723,-46.68676936635128,Silent-Premium,sao paulo
-12.521263887473877,-48.4034936003218,Silent-Premium,carajas
-26.993432999999943,-48.634162435885465,Silent-Premium,balneario camboriu
-23.59458628587912,-46.57734709270584,Silent-Premium,sao paulo
-23.67764482466333,-46.41871572704704,Silent-Premium,maua
-29.588763034766327,-51.36757434425736,Silent-Premium,sao sebastiao do cai
-23.590100220381945,-46.72392925506378,Silent-Premium,sao paulo
-22.03015978795659,-47.8785036103352,Silent-Premium,sao carlos
-23.534221499999994,-46.81331105154514,Silent-Premium,osasco
-23.07433526119847,-44.958662696600726,Silent-Premium,cunha
-21.01757461883909,-42.1109593447498,Silent-Premium,antonio prado de minas
-12.94405787854438,-38.47371683521423,Silent-Premium,salvador
-29.73732837410172,-51.14584633540312,Silent-Premium,sao leopoldo
-29.18931886171497,-54.86751986111217,Silent-Premium,santiago
-15.80138967693458,-47.92204575000001,Silent-Premium,brasilia
-19.931520729672776,-43.93375589840736,Silent-Premium,belo horizonte
-23.491140296699168,-46.63725496061621,Silent-Premium,sao paulo
-23.811270516792643,-46.7375025756247,Silent-Premium,sao paulo
-23.592856012767612,-46.607743408967615,Silent-Premium,sao paulo
-23.19523611721517,-46.82105201382189,Silent-Premium,varzea paulista
-23.211061972115367,-46.76376569389638,Silent-Premium,campo limpo paulista
-19.78940073534656,-42.140715891552524,Silent-Premium,caratinga
-18.188519673164826,-42.41895346803927,Silent-Premium,santa maria do suacui
-19.924139199838383,-43.99023111795261,Silent-Premium,belo horizonte
-20.2954932996346,-40.32078525,Silent-Premium,vitoria
-22.214691974683763,-45.9104248489332,Silent-Premium,pouso alegre
-25.442791128284213,-49.276760102140905,Silent-Premium,curitiba
-23.560313217871787,-46.50914934518004,Silent-Premium,sao paulo
-23.627002997230036,-46.63675215889549,Silent-Premium,sao paulo
-23.615284180405673,-46.47881749049814,Silent-Premium,sao paulo
-19.748303157135716,-47.925990630152285,Silent-Premium,uberaba
-23.53676737440136,-46.65894785581968,Silent-Premium,sao paulo
-20.20573692802297,-50.92692375841509,Silent-Premium,santa fe do sul
-25.45707628282069,-49.21746171856179,Silent-Premium,curitiba
-18.40955524760118,-49.20540379221638,Silent-Premium,itumbiara
-23.41882311285771,-47.41656602261881,Silent-Premium,sorocaba
-15.64427622716595,-47.64501866968378,Silent-Premium,brasilia
-12.90332907441729,-38.439126338810354,Silent-Premium,salvador
-19.829165681990187,-43.93569428766812,Silent-Premium,belo horizonte
-22.489557434009633,-48.5608452682853,Silent-Premium,barra bonita
-25.47849732001269,-49.24612488156978,Silent-Premium,curitiba
-22.22230827921401,-49.947294336805335,Silent-Premium,marilia
-20.91530329073143,-46.98467076257852,Silent-Premium,sao sebastiao do paraiso
-9.973390456997782,-67.84030356272721,Silent-Premium,rio branco
-25.469806023587644,-49.194102392015054,Silent-Premium,curitiba
-30.041373540942896,-51.183870666180965,Silent-Premium,porto alegre
-23.98479796586644,-46.300849044480685,Silent-Premium,santos
-23.62538919011487,-46.72009319040332,Silent-Premium,sao paulo
-30.03751350691113,-51.12425125089785,Silent-Premium,porto alegre
-23.00032259397384,-43.3316464124193,Silent-Premium,rio de janeiro
-23.19878141814114,-49.38206353932333,Silent-Premium,piraju
-22.911147450458756,-43.57848300874258,Silent-Premium,rio de janeiro
-20.75533341719481,-42.88055185516512,Silent-Premium,vicosa
-30.103638977523197,-51.25245549916327,Silent-Premium,porto alegre
-22.94144365084541,-43.19161318538299,Silent-Premium,rio de janeiro
-21.132255496367456,-42.36636076158465,Silent-Premium,muriae
-19.936845199001663,-44.13350510407413,Silent-Premium,betim
-23.611509202750472,-46.737060562115914,Silent-Premium,sao paulo
-28.232837447277163,-52.373303349142475,Silent-Premium,passo fundo
-23.57224645520286,-46.65187074424375,Silent-Premium,sao paulo
-20.43159986181138,-54.62328431821238,Silent-Premium,campo grande
-22.95316063657791,-43.02849945201626,Silent-Premium,niteroi
-3.862153310015836,-38.50501486518405,Silent-Premium,fortaleza
-23.136484522266496,-46.46807188776495,Silent-Premium,bom jesus dos perdoes
-16.771839800770262,-49.35459957754591,Silent-Premium,goiania
-25.43366888971728,-49.26893094975684,Silent-Premium,curitiba
-27.095797718018854,-52.629638389434895,Silent-Premium,chapeco
-23.65133115015292,-46.73661608021234,Silent-Premium,sao paulo
-22.727575602833376,-47.67373307172959,Silent-Premium,piracicaba
-23.543513068267124,-46.658854865658775,Silent-Premium,sao paulo
-21.56909473160534,-45.41973753655698,Silent-Premium,varginha
-12.922178482091322,-38.48485317683839,Silent-Premium,salvador
-22.42761638161801,-45.444251791151146,Silent-Premium,itajuba
-19.87482809063998,-44.98560567343412,Silent-Premium,nova serrana
-19.46970149792253,-42.562507159587966,Silent-Premium,ipatinga
-1.4608350968321056,-48.49793840862653,Silent-Premium,belem
-23.57594343075192,-46.63867868341863,Silent-Premium,sao paulo
-25.442791128284213,-49.276760102140905,Silent-Premium,curitiba
-23.463366129609355,-47.50333563273412,Silent-Premium,sorocaba
-23.536610638496157,-46.65758461809682,Silent-Premium,sao paulo
-23.50446563516361,-46.73614982548012,Silent-Premium,sao paulo
-23.490652862052105,-46.65345069983839,Silent-Premium,sao paulo
-23.99642825116864,-46.25935759909085,Silent-Premium,guaruja
-16.661094166786413,-49.33864543389552,Silent-Premium,goiania
-23.546922341394897,-46.4914473239656,Silent-Premium,sao paulo
-22.91408114285877,-43.22386956688216,Silent-Premium,rio de janeiro
-23.64843177172653,-46.64338862033126,Silent-Premium,sao paulo
-22.591393983345917,-43.30284914706465,Silent-Premium,duque de caxias
-25.343723985511865,-49.29651815208614,Silent-Premium,almirante tamandare
-23.010010522621027,-43.31960105704306,Silent-Premium,rio de janeiro
-22.84258446627047,-43.303678777468456,Silent-Premium,rio de janeiro
-23.51598190375999,-47.44275645510419,Silent-Premium,sorocaba
-23.49990347876395,-46.555141484044064,Silent-Premium,guarulhos
-23.086036875382305,-46.954171930582575,Silent-Premium,louveira
-23.002985032019456,-46.82360927106554,Silent-Premium,itatiba
-24.00161088304069,-46.449189195555824,Silent-Premium,praia grande
-18.914980232586977,-48.27813616348312,Silent-Premium,uberlandia
-22.984312987232386,-43.21999298167813,Silent-Premium,rio de janeiro
-23.56070872522937,-46.58536311226845,Silent-Premium,sao paulo
-15.81782471269512,-47.8937382736648,Silent-Premium,brasilia
-23.4622595903399,-46.594256181372295,Silent-Premium,sao paulo
-25.941166826552763,-52.17484476835637,Silent-Premium,mangueirinha
-15.88656862472217,-52.266156588214294,Silent-Premium,barra do garcas
-21.303128498214036,-46.794430011512056,Silent-Premium,guaranesia
-29.939696999999995,-51.0300293052975,Silent-Premium,gravatai
-15.870400556673282,-48.09690817350908,Silent-Premium,brasilia
-23.019669210095834,-46.98777662017514,Silent-Premium,vinhedo
-22.2492531099986,-45.70557966603161,Silent-Premium,santa rita do sapucai
-23.529877564256413,-46.68556505704306,Silent-Premium,sao paulo
-7.032577758848273,-48.395965294848665,Silent-Premium,carmolandia
-26.51197406846876,-52.66907658962485,Silent-Premium,coronel martins
-8.876281159675631,-36.47504692230436,Silent-Premium,garanhuns
-23.584555152922874,-46.68664013904443,Silent-Premium,sao paulo
-15.838541298222948,-48.05311331669846,Silent-Premium,brasilia
-23.95691508031017,-46.34623532292687,Silent-Premium,santos
-23.64180908201569,-46.73265990781843,Silent-Premium,sao paulo
-22.869976639496446,-43.77994827194942,Silent-Premium,itaguai
-22.937430121847743,-43.176862902706524,Silent-Premium,rio de janeiro
-27.504469307474206,-48.64264292164009,Silent-Premium,biguacu
-27.635960058702167,-52.27291009294059,Silent-Premium,erechim
-23.485734100298085,-46.80756823477829,Silent-Premium,barueri
-12.991832706633389,-38.45284250734317,Silent-Premium,salvador
-28.06997757670948,-52.01248825996199,Silent-Premium,tapejara
-22.33506570635925,-47.38206561948476,Silent-Premium,araras
-23.710014533181276,-46.58174395098847,Silent-Premium,sao bernardo do campo
-29.45485848637996,-49.92016911227456,Silent-Premium,tres cachoeiras
-22.210748951881115,-45.263105855043406,Silent-Premium,cristina
-23.56141411907777,-46.66621924231049,Silent-Premium,sao paulo
-23.266962316813057,-45.93984988347117,Silent-Premium,jacarei
-21.59505001979666,-48.8110644105608,Silent-Premium,itapolis
-19.760453851069386,-42.07633240711027,Silent-Premium,piedade de caratinga
-23.60164891190283,-46.55831953205609,Silent-Premium,sao paulo
-20.660955301151265,-43.78585877930211,Silent-Premium,conselheiro lafaiete
-23.572592234507137,-46.64684880586169,Silent-Premium,sao paulo
-22.820346451007023,-43.17759774785043,Silent-Premium,rio de janeiro
-10.22917261887537,-37.19691670316733,Silent-Premium,graccho cardoso
-22.918876256472355,-43.527506301690806,Silent-Premium,rio de janeiro
-20.44192550245866,-52.87730962989946,Silent-Premium,agua clara
-1.4611951151826312,-48.478553025535234,Silent-Premium,belem
-31.740664337497822,-52.39268706633389,Silent-Premium,pelotas
-22.471616394758044,-48.9893998844055,Silent-Premium,agudos
-23.532949204830043,-46.71185022300767,Silent-Premium,sao paulo
-12.847308041973305,-39.09000394682124,Silent-Premium,sao felipe
-19.89852966212726,-44.03415449217125,Silent-Premium,contagem
-27.60409288190317,-48.52489391599454,Silent-Premium,florianopolis
-25.39156863558196,-49.21801353038264,Silent-Premium,curitiba
-18.16557147874597,-47.95850088804577,Silent-Premium,catalao
-9.537258549704145,-48.591907258210846,Silent-Premium,miranorte
-12.97594832971762,-38.513167341468005,Silent-Premium,salvador
-16.375001735487714,-39.58761524556456,Silent-Premium,eunapolis
-22.93827739912851,-43.19678775327477,Silent-Premium,rio de janeiro
-23.59614572125607,-46.73015821624435,Silent-Premium,sao paulo
-22.741045192206663,-45.110031602905494,Silent-Premium,lorena
-22.910488104074133,-43.173895076317216,Silent-Premium,rio de janeiro
-22.602628063985435,-43.184738540959316,Silent-Premium,mage
-22.331083745772943,-49.100564840123546,Silent-Premium,bauru
-16.7224226128167,-43.86324095489327,Silent-Premium,montes claros
-20.808642337297865,-49.347107383801536,Silent-Premium,sao jose do rio preto
-7.240834754648804,-35.89299711586078,Silent-Premium,campina grande
-25.442791128284213,-49.276760102140905,Silent-Premium,curitiba
-23.289054409429703,-45.96374003220031,Silent-Premium,jacarei
-23.56698929058232,-46.81162587862104,Silent-Premium,osasco
-22.90600354640406,-43.10546782889948,Silent-Premium,niteroi
-20.89381730481633,-45.27677199919795,Silent-Premium,campo belo
-23.526327514989312,-46.49676762307867,Silent-Premium,sao paulo
-22.97574436886144,-47.127382628757495,Silent-Premium,campinas
-22.677105541491155,-47.70869635280646,Silent-Premium,piracicaba
-19.320296023405803,-40.07039791446254,Silent-Premium,linhares
-19.9129652761556,-43.89515059008009,Silent-Premium,belo horizonte
-22.91408114285877,-43.22386956688216,Silent-Premium,rio de janeiro
-23.534418521805684,-46.613585126291134,Silent-Premium,sao paulo
-31.696598999999942,-54.16378549999996,Silent-Premium,acegua
-23.02001580060169,-47.52851815859589,Silent-Premium,rafard
-23.665174496393323,-46.72036106007282,Silent-Premium,sao paulo
-22.88639233122892,-42.0378339656894,Silent-Premium,cabo frio
-23.585809473772287,-46.63654474493623,Silent-Premium,sao paulo
-23.527214475445724,-46.7315398082117,Silent-Premium,sao paulo
-22.724877662083816,-47.63063961609147,Silent-Premium,piracicaba
-23.701554051907166,-46.58289107894293,Silent-Premium,sao bernardo do campo
-19.88174280762465,-44.00906911296093,Silent-Premium,belo horizonte
-22.975945515326355,-47.00158571500767,Silent-Premium,valinhos
-23.56370226740048,-46.67529085698279,Silent-Premium,sao paulo
-23.5020045545329,-46.6203512865544,Silent-Premium,sao paulo
-23.533474292941296,-46.82942465880205,Silent-Premium,carapicuiba
-23.69177231154794,-46.544549807447076,Silent-Premium,sao bernardo do campo
-23.71822527544562,-46.85713489021997,Silent-Premium,itapecerica da serra
-22.47731022416761,-44.486294555654446,Silent-Premium,resende
-22.819600986687075,-43.00376427784092,Silent-Premium,sao goncalo
-22.938556678817257,-43.06189295407768,Silent-Premium,niteroi
-22.890590834479813,-43.419676654815326,Silent-Premium,rio de janeiro
-19.885646509213608,-44.047222933164846,Silent-Premium,contagem
-23.560883109354247,-46.548843212880136,Silent-Premium,sao paulo
-17.3627833849907,-44.966449535808,Silent-Premium,buritizeiro
-26.12368768391795,-49.81014356799168,Silent-Premium,mafra
-23.60267825575626,-46.472516936718364,Silent-Premium,sao paulo
-23.738481942552912,-46.689273183045735,Silent-Premium,sao paulo
-21.369527999999992,-45.51333121888784,Silent-Premium,tres pontas
-19.46970149792253,-42.562507159587966,Silent-Premium,ipatinga
-23.621855280598997,-46.63756199125743,Silent-Premium,sao paulo
-18.39699128217752,-52.665206949213896,Silent-Premium,chapadao do ceu
-21.671814840250825,-42.07760014708587,Silent-Premium,itaocara
-23.640984649183626,-46.67073925516401,Silent-Premium,sao paulo
-23.622535445467097,-46.66327932361935,Silent-Premium,sao paulo
-23.65567253941369,-46.713748792083464,Silent-Premium,sao paulo
-30.040957613105167,-51.21296971002372,Silent-Premium,porto alegre
-23.447220663887148,-46.42751660713256,Silent-Premium,guarulhos
-13.859603228327394,-40.08330134859661,Silent-Premium,jequie
-13.018238266412734,-42.6940706350244,Silent-Premium,macaubas
-21.127861829538965,-42.40068511373546,Silent-Premium,muriae
-16.461333553743916,-49.96132102440178,Silent-Premium,anicuns
-21.741693844289745,-43.360174042876125,Silent-Premium,juiz de fora
-22.92478771996359,-43.199137587425696,Silent-Premium,rio de janeiro
-23.552295370246412,-46.542205940951575,Silent-Premium,sao paulo
-22.935940716233457,-43.67440340347871,Silent-Premium,rio de janeiro
-18.92992184359797,-48.31503964475142,Silent-Premium,uberlandia
-22.191611364418023,-49.96298504256548,Silent-Premium,marilia
-23.531040303364264,-46.68969822716263,Silent-Premium,sao paulo
-7.1752632410541715,-38.77919940643426,Silent-Premium,barro
-19.863121316406,-43.90741456855559,Silent-Premium,belo horizonte
-23.039112535080964,-45.58112222425052,Silent-Premium,taubate
-12.891868737146071,-38.43406075949419,Silent-Premium,salvador
-8.736170472807165,-63.8785628959824,Silent-Premium,porto velho
-27.143863729700307,-48.95995049999999,Silent-Premium,brusque
-23.480325240637047,-46.57860592951116,Silent-Premium,sao paulo
-22.884763705782337,-43.31870424949519,Silent-Premium,rio de janeiro
-23.555998947833032,-46.75842660574758,Silent-Premium,sao paulo
-29.91092116274168,-51.08467310937396,Silent-Premium,cachoeirinha
-23.36287306259169,-46.84708856619089,Silent-Premium,cajamar
-23.39989412672898,-47.002958093063846,Silent-Premium,pirapora do bom jesus
-22.85584307035569,-46.31960849566988,Silent-Premium,extrema
-23.65164196433722,-46.547978134807394,Silent-Premium,santo andre
-30.04915427754058,-51.20163464829179,Silent-Premium,porto alegre
-23.75704475656176,-46.79799601332215,Silent-Premium,itapecerica da serra
-7.220023546986817,-44.55502150300355,Silent-Premium,benedito leite
-19.82881997483785,-40.27821448899109,Silent-Premium,aracruz
-23.172524723254675,-46.88719218616193,Silent-Premium,jundiai
-26.273417993060768,-48.86004743370364,Silent-Premium,joinville
-23.58164298695825,-46.680665733351574,Silent-Premium,sao paulo
-23.730506151537902,-46.70931505433089,Silent-Premium,sao paulo
-19.88499457157696,-43.66585956324863,Silent-Premium,caete
-3.7983372957287624,-38.49372270302672,Silent-Premium,fortaleza
-21.757746913540906,-43.35368617603624,Silent-Premium,juiz de fora
-1.4608350968321056,-48.49793840862653,Silent-Premium,belem
-23.779020200857172,-53.33047007192623,Silent-Premium,umuarama
-25.185856913714304,-49.315682786336794,Silent-Premium,rio branco do sul
-16.175002395227942,-47.92549902388016,Silent-Premium,luziania
-21.412173422638098,-42.68201314790612,Silent-Premium,cataguases
-9.159615118083355,-36.026942927811135,Silent-Premium,uniao dos palmares
-24.726900901778198,-48.109871630496414,Silent-Premium,cajati
-1.424274947256112,-48.473887637919226,Silent-Premium,belem
-23.553932290870787,-46.64978128795658,Silent-Premium,sao paulo
-22.33733647655877,-47.16903824492072,Silent-Premium,conchal
-24.73235514639145,-53.75181248381607,Silent-Premium,toledo
-22.18861266563642,-41.66301696600459,Silent-Premium,carapebus
-23.59918674271452,-46.87283449800843,Silent-Premium,cotia
-24.112863197007357,-46.667482359857104,Silent-Premium,mongagua
-22.88444299471988,-43.42173762031853,Silent-Premium,rio de janeiro
-19.770246513231317,-43.83281370971884,Silent-Premium,santa luzia
-22.29606822344036,-49.06307129516995,Silent-Premium,bauru
-22.471616394758044,-48.9893998844055,Silent-Premium,agudos
-19.96832110629376,-44.02464250183705,Silent-Premium,contagem
-23.030236661503555,-45.59165958078147,Silent-Premium,taubate
-5.762721797820871,-35.25884578754919,Silent-Premium,natal
-23.62702666610885,-46.70136409686078,Silent-Premium,sao paulo
-20.283955823330007,-50.24895240386773,Silent-Premium,fernandopolis
-17.78376016813698,-50.92995656156192,Silent-Premium,rio verde
-16.742115766723096,-49.270848391153166,Silent-Premium,aparecida de goiania
-20.32255173056015,-48.316795858627,Silent-Premium,guaira
-25.440740004991664,-49.267218435340624,Silent-Premium,curitiba
-15.664050817582105,-56.05241518478517,Silent-Premium,cuiaba
-16.440501985791833,-41.00889491142415,Silent-Premium,jequitinhonha
-20.538285802455572,-47.40131667800094,Silent-Premium,franca
-22.13506586164283,-51.39233422403981,Silent-Premium,presidente prudente
-23.621035924231045,-46.78475176824975,Silent-Premium,taboao da serra
-15.342922358229634,-43.67078980287361,Silent-Premium,jaiba
-22.48908747900589,-44.07146692398224,Silent-Premium,volta redonda
-19.95000335413147,-44.05688267099998,Silent-Premium,contagem
-23.321176978087898,-51.112690863698,Silent-Premium,londrina
-23.514854436332204,-46.14078975940024,Silent-Premium,mogi das cruzes
-23.634753470151537,-46.673723350775866,Silent-Premium,sao paulo
-23.010010522621027,-43.31960105704306,Silent-Premium,rio de janeiro
-22.870780636707146,-43.31855263113858,Silent-Premium,rio de janeiro
-22.904496094639068,-43.175896816261776,Silent-Premium,rio de janeiro
-22.8961984228604,-43.35568746796124,Silent-Premium,rio de janeiro
-21.791334493897494,-48.18274155588276,Silent-Premium,araraquara
-22.66016782923469,-52.86364874079564,Silent-Premium,diamante do norte
-23.56709014432454,-46.623143787119865,Silent-Premium,sao paulo
-20.519076442778164,-43.70624063811853,Silent-Premium,ouro branco
-22.92541928296553,-43.232072863400354,Silent-Premium,rio de janeiro
-23.016920032650635,-45.54170031926454,Silent-Premium,taubate
-15.807270259247648,-48.109213508099636,Silent-Premium,brasilia
-25.406238331943577,-49.25329413820771,Silent-Premium,curitiba
-22.454670359136472,-44.4431632854852,Silent-Premium,resende
-23.11980850582838,-47.23840103788447,Silent-Premium,indaiatuba
-11.463288169670115,-39.52589655755805,Silent-Premium,sao domingos
-16.440549550013607,-51.117334138045784,Silent-Premium,ipora
-28.92854918003328,-52.126386773416336,Silent-Premium,ilopolis
-16.372543729933078,-49.31659067811212,Silent-Premium,nova veneza
-22.014427485140583,-47.9076801448728,Silent-Premium,sao carlos
-8.10194169593957,-34.932432010243765,Silent-Premium,recife
-26.491203754919542,-49.05336001987973,Silent-Premium,jaragua do sul
-22.07701685844888,-51.47391872233956,Silent-Premium,alvares machado
-22.61402477034372,-43.70566429135911,Silent-Premium,paracambi
-23.69029792389557,-46.6296561291374,Silent-Premium,diadema
-23.52517372773954,-46.80335418610415,Silent-Premium,osasco
-5.178615655570518,-40.66767409384606,Silent-Premium,crateus
-5.869781963500506,-35.20123318117028,Silent-Premium,natal
-22.761224033831567,-43.45611220461891,Silent-Premium,nova iguacu
-7.358553898710046,-35.78659391846152,Silent-Premium,fagundes
-16.683846881999955,-49.15178349399997,Silent-Premium,senador canedo
-1.2975210000000033,-48.47028615999202,Silent-Premium,belem
-19.800401175688148,-43.99604119900167,Silent-Premium,belo horizonte
-15.76394846859889,-47.89263599999999,Silent-Premium,brasilia
-22.770399908130887,-47.15092318067981,Silent-Premium,paulinia
-23.472557889401585,-47.43485917490944,Silent-Premium,sorocaba
-23.53944312906109,-46.71568599293085,Silent-Premium,sao paulo
-23.508847955223157,-46.151604777995644,Silent-Premium,mogi das cruzes
-15.830168867368837,-48.03269647423016,Silent-Premium,brasilia
-25.456295548173603,-49.26527728440769,Silent-Premium,curitiba
-23.409685707744245,-46.388688516792655,Silent-Premium,guarulhos
-20.23408822005557,-40.280657438513536,Silent-Premium,serra
-23.500698046338584,-46.79574696462569,Silent-Premium,osasco
-23.670394104622392,-46.47515734762539,Silent-Premium,maua
-19.63863100472473,-43.90171846264042,Silent-Premium,lagoa santa
-23.53349398251485,-46.68901715918395,Silent-Premium,sao paulo
-24.726900901778198,-48.109871630496414,Silent-Premium,cajati
-23.56179919233656,-46.681257315713495,Silent-Premium,sao paulo
-19.94452180045008,-43.93951993345966,Silent-Premium,belo horizonte
-23.570810444514542,-46.69077501106554,Silent-Premium,sao paulo
-21.316569522411164,-42.81201236571218,Silent-Premium,dona euzebia
-22.947707634511172,-46.55237031183305,Silent-Premium,braganca paulista
-22.746572282003044,-43.705684967951015,Silent-Premium,seropedica
-21.750000684430717,-43.36544222745106,Silent-Premium,juiz de fora
-23.7409648815278,-46.55499681266943,Silent-Premium,sao bernardo do campo
-19.93274039274797,-44.02924559535828,Silent-Premium,contagem
-30.00705652553522,-51.17525078926519,Silent-Premium,porto alegre
-22.92492963558197,-47.0742943724681,Silent-Premium,campinas
-22.392665048156225,-47.57602909090359,Silent-Premium,rio claro
-15.878471551536546,-48.10814462771855,Silent-Premium,brasilia
-23.57318784846209,-46.747718936724524,Silent-Premium,sao paulo
-19.59431840486175,-46.937175010327024,Silent-Premium,araxa
-32.167830048305895,-52.182526075657265,Silent-Premium,rio grande
-23.46492635230126,-46.339533835693445,Silent-Premium,itaquaquecetuba
-17.741854541742683,-46.17642834624476,Silent-Premium,joao pinheiro
-23.50122948542905,-46.644282319320205,Silent-Premium,sao paulo
-16.663542830422532,-48.61041918836336,Silent-Premium,silvania
-25.417093596021566,-49.33806417574257,Silent-Premium,curitiba
-29.95907737660297,-50.123676626181904,Silent-Premium,imbe
-23.6598485342778,-46.73200214342512,Silent-Premium,sao paulo
-22.71104562596596,-42.62882877464098,Silent-Premium,rio bonito
-23.472852359700497,-46.64749129087078,Silent-Premium,sao paulo
-23.64866032889948,-46.508844028853446,Silent-Premium,santo andre
-19.86675622621033,-43.989934541635385,Silent-Premium,belo horizonte
-22.09961715066345,-51.40819739735439,Delivery-Disappointed,presidente prudente
-22.841859215938552,-43.26485004378114,Delivery-Disappointed,rio de janeiro
-21.22665535720467,-50.43628367652801,Delivery-Disappointed,aracatuba
-20.17240700964284,-51.00113194992903,Delivery-Disappointed,rubineia
-19.924139199838383,-43.99023111795261,Delivery-Disappointed,belo horizonte
-22.47058955825037,-43.16153125201607,Delivery-Disappointed,petropolis
-23.670473877878134,-46.49108185675612,Delivery-Disappointed,santo andre
-19.67713021644721,-51.187487415554855,Delivery-Disappointed,paranaiba
-22.970894018595992,-43.38784233625709,Delivery-Disappointed,rio de janeiro
-23.220810878485008,-44.7185363572174,Delivery-Disappointed,paraty
-29.94119453176208,-50.99294438954569,Delivery-Disappointed,gravatai
-19.88665694532287,-43.92389634081604,Delivery-Disappointed,belo horizonte
-23.57637040551145,-46.74737047807145,Delivery-Disappointed,sao paulo
-18.893222999999992,-48.28989571204341,Delivery-Disappointed,uberlandia
-19.629852923974376,-43.22384359497725,Delivery-Disappointed,itabira
-22.757902336413057,-43.45010743059806,Delivery-Disappointed,nova iguacu
-22.41266271777723,-48.45158291779485,Delivery-Disappointed,mineiros do tiete
-22.840149621601334,-43.06636474523718,Delivery-Disappointed,sao goncalo
-19.92772413405276,-43.94438902498696,Delivery-Disappointed,belo horizonte
-23.410629104910857,-46.44863306411219,Delivery-Disappointed,guarulhos
-23.554228499999997,-46.613907,Delivery-Disappointed,sao paulo
-23.22535998592825,-45.913975816261775,Delivery-Disappointed,sao jose dos campos
-21.788259192047157,-46.565584849600626,Delivery-Disappointed,pocos de caldas
-3.437670146235157,-39.14880374123813,Delivery-Disappointed,paraipaba
-8.117923820416719,-35.097260008050085,Delivery-Disappointed,moreno
-22.91768636469216,-43.231241920278116,Delivery-Disappointed,rio de janeiro
-23.61635823980033,-46.51255702039933,Delivery-Disappointed,sao paulo
-22.93106051096427,-47.111613736896366,Delivery-Disappointed,campinas
-25.099141513894626,-52.86887888222241,Delivery-Disappointed,guaraniacu
-19.88665694532287,-43.92389634081604,Delivery-Disappointed,belo horizonte
-23.11980850582838,-47.23840103788447,Delivery-Disappointed,indaiatuba
-4.044563288757206,-40.86482711491164,Delivery-Disappointed,sao benedito
-26.270125529620692,-48.881667226504916,Delivery-Disappointed,joinville
-19.930871148479472,-43.93471710629582,Delivery-Disappointed,belo horizonte
-22.914400672773947,-43.24563020413756,Delivery-Disappointed,rio de janeiro
-30.130953170696486,-51.23302606522303,Delivery-Disappointed,porto alegre
-23.53800447071387,-46.668443630734544,Delivery-Disappointed,sao paulo
-23.966109471002326,-46.342983916995166,Delivery-Disappointed,santos
-23.495491646811058,-46.84718581311382,Delivery-Disappointed,barueri
-23.232384,-45.92533508638697,Delivery-Disappointed,sao jose dos campos
-7.076763985255019,-41.47259420211545,Delivery-Disappointed,picos
-21.191092394351536,-48.15669999462057,Delivery-Disappointed,barrinha
-22.91351758455616,-43.63136687750383,Delivery-Disappointed,rio de janeiro
-22.854723183291437,-47.21420001345367,Delivery-Disappointed,hortolandia
-32.04782419438885,-52.11108273871253,Delivery-Disappointed,rio grande
-23.54852045129548,-46.6093393380461,Delivery-Disappointed,sao paulo
-8.092642892867444,-34.91216460421836,Delivery-Disappointed,recife
-22.81418067607816,-43.40339575251751,Delivery-Disappointed,nilopolis
-21.77908820260835,-43.348806010820034,Delivery-Disappointed,juiz de fora
-15.843092528722453,-47.82225242246026,Delivery-Disappointed,brasilia
-10.33361416984474,-40.15152490130054,Delivery-Disappointed,nucleo residencial pilar
-22.984638967251417,-43.19340669830918,Delivery-Disappointed,rio de janeiro
-22.88494032001268,-43.55038559033989,Delivery-Disappointed,rio de janeiro
-15.843053489167191,-48.030175344364245,Delivery-Disappointed,brasilia
-26.498224561198,-49.106232000000006,Delivery-Disappointed,jaragua do sul
-23.49919378401805,-46.35812439474595,Delivery-Disappointed,itaquaquecetuba
-25.469780975786964,-50.65054682632399,Delivery-Disappointed,irati
-9.622801998508574,-35.7338768837065,Delivery-Disappointed,maceio
-23.656471699113137,-46.64723678831716,Delivery-Disappointed,sao paulo
-16.332286499999995,-48.93836366880149,Delivery-Disappointed,anapolis
-23.542924575031503,-46.84341269886201,Delivery-Disappointed,carapicuiba
-22.392665048156225,-47.57602909090359,Delivery-Disappointed,rio claro
-22.90422759248954,-43.36035788504503,Delivery-Disappointed,rio de janeiro
-23.45489291215593,-46.4117255884225,Delivery-Disappointed,guarulhos
-22.844299965145517,-43.012302923609546,Delivery-Disappointed,sao goncalo
-23.54113068842245,-46.565929012494834,Delivery-Disappointed,sao paulo
-23.69199483680533,-46.79077580939466,Delivery-Disappointed,sao paulo
-12.993375970858096,-38.49244928400366,Delivery-Disappointed,salvador
-25.46892998482678,-49.273671882451445,Delivery-Disappointed,curitiba
-12.936354599577324,-38.43713208142694,Delivery-Disappointed,salvador
-22.82827005636834,-43.01210347482567,Delivery-Disappointed,sao goncalo
-19.829165681990187,-43.93569428766812,Delivery-Disappointed,belo horizonte
-22.62631471428204,-43.90141215047634,Delivery-Disappointed,pirai
-16.455780419095163,-54.64124757526229,Delivery-Disappointed,rondonopolis
-29.915863208436726,-51.18773936782405,Delivery-Disappointed,canoas
-21.69506411550893,-45.257499190163706,Delivery-Disappointed,tres coracoes
-20.350012208028105,-40.31346088666388,Delivery-Disappointed,vila velha
-22.40635446284284,-41.80315404721232,Delivery-Disappointed,macae
-1.4143021610625788,-48.44500122170078,Delivery-Disappointed,belem
-23.58073680521401,-46.81398898351451,Delivery-Disappointed,osasco
-23.57104154773789,-46.40246898389985,Delivery-Disappointed,sao paulo
-19.8327396017082,-43.96767670967747,Delivery-Disappointed,belo horizonte
-23.388935108105198,-45.66356840774797,Delivery-Disappointed,paraibuna
-19.822707429915194,-43.96083024138544,Delivery-Disappointed,belo horizonte
-19.53252663971081,-54.04205663026812,Delivery-Disappointed,camapua
-24.02240499999993,-46.4970900427718,Delivery-Disappointed,praia grande
-23.495491646811058,-46.84718581311382,Delivery-Disappointed,barueri
-22.502132813499088,-44.116472954757946,Delivery-Disappointed,volta redonda
-29.94119453176208,-50.99294438954569,Delivery-Disappointed,gravatai
-23.320413754186777,-51.367286877969015,Delivery-Disappointed,rolandia
-24.95820451399403,-53.46130455981301,Delivery-Disappointed,cascavel
-23.967893909958995,-46.38596286668334,Delivery-Disappointed,sao vicente
-12.08925543763249,-45.79618023024447,Delivery-Disappointed,luis eduardo magalhaes
-23.552917596168285,-46.755792487232384,Delivery-Disappointed,sao paulo
-22.79086839133823,-47.08257180544174,Delivery-Disappointed,campinas
-23.624298054632632,-46.75525539543194,Delivery-Disappointed,sao paulo
-23.01853160343345,-44.53290175775466,Delivery-Disappointed,angra dos reis
-22.771943889865383,-43.525243215715406,Delivery-Disappointed,nova iguacu
-16.432305466129215,-39.07585856311037,Delivery-Disappointed,porto seguro
-22.964413107900977,-43.61078556547808,Delivery-Disappointed,rio de janeiro
-22.761224033831567,-43.45611220461891,Delivery-Disappointed,nova iguacu
-3.868147449176295,-54.21792404271855,Delivery-Disappointed,placas
-26.44680635123206,-49.059398664781654,Delivery-Disappointed,jaragua do sul
-23.497770131056917,-46.31590179419777,Delivery-Disappointed,suzano
-23.59564955453289,-46.64234378864907,Delivery-Disappointed,sao paulo
-22.988315080144602,-43.303980374401355,Delivery-Disappointed,rio de janeiro
-19.932443287396424,-44.0525045309138,Delivery-Disappointed,contagem
-20.31807114821968,-40.3373288916663,Delivery-Disappointed,vitoria
-19.91567272522938,-43.976732227595306,Delivery-Disappointed,belo horizonte
-23.038737694836765,-47.89509625959579,Delivery-Disappointed,maristela
-23.429413786427382,-46.49734932542269,Delivery-Disappointed,guarulhos
-23.001664514859417,-43.40383953802869,Delivery-Disappointed,rio de janeiro
-23.281650267687155,-47.293252277396334,Delivery-Disappointed,itu
-12.267612410260355,-38.932721688961294,Delivery-Disappointed,feira de santana
-27.54240866084872,-48.49699966851308,Delivery-Disappointed,florianopolis
-3.7983372957287624,-38.49372270302672,Delivery-Disappointed,fortaleza
-1.311891948319029,-48.45705445526978,Delivery-Disappointed,belem
-6.804203405501295,-35.08010208128955,Delivery-Disappointed,rio tinto
-23.66530789869583,-46.73158235068379,Delivery-Disappointed,sao paulo
-22.248090607447285,-42.5363431175754,Delivery-Disappointed,nova friburgo
-22.836436732168615,-43.2755566090658,Delivery-Disappointed,rio de janeiro
-21.876176339641987,-51.84472775967921,Delivery-Disappointed,presidente venceslau
-26.267898887039067,-48.84645146065843,Delivery-Disappointed,joinville
-5.501742267827456,-41.32437492176845,Delivery-Disappointed,sao miguel do tapuio
-17.741854541742683,-46.17642834624476,Delivery-Disappointed,joao pinheiro
-23.160985042991708,-46.917868021668745,Delivery-Disappointed,jundiai
-19.772196600611675,-47.927365989035735,Delivery-Disappointed,uberaba
-22.408910952761868,-43.66414917568397,Delivery-Disappointed,vassouras
-27.44360724316649,-48.401002393559935,Delivery-Disappointed,florianopolis
-22.49016442089259,-44.562961979844616,Delivery-Disappointed,itatiaia
-4.130555657879916,-38.24159017762982,Delivery-Disappointed,cascavel
-29.898990001366492,-51.13858573766347,Delivery-Disappointed,canoas
-23.20414980599,-45.89810482431184,Delivery-Disappointed,sao jose dos campos
-22.971588385030664,-43.33006828639565,Delivery-Disappointed,rio de janeiro
-21.142286842633716,-44.27215877131537,Delivery-Disappointed,sao joao del rei
-22.50991544681899,-41.923602344744666,Delivery-Disappointed,rio das ostras
-23.56127544240869,-46.461969257046256,Delivery-Disappointed,sao paulo
-24.179855538627187,-46.79049637055164,Delivery-Disappointed,itanhaem
-23.568143647786982,-46.66117892867444,Delivery-Disappointed,sao paulo
-9.381310455032065,-40.53644015951588,Delivery-Disappointed,petrolina
-23.57538559651848,-46.65718691736133,Delivery-Disappointed,sao paulo
-29.937085503173986,-51.17090564441224,Delivery-Disappointed,canoas
-22.635327800619784,-47.19802863204109,Delivery-Disappointed,cosmopolis
-23.41413002450185,-46.83064187069481,Delivery-Disappointed,cajamar
-20.18978947831589,-40.26236116823132,Delivery-Disappointed,serra
-21.87634504532155,-42.69745674514186,Delivery-Disappointed,alem paraiba
-27.591660325552606,-48.58303463390853,Delivery-Disappointed,florianopolis
-15.78410999999994,-47.91691999999995,Delivery-Disappointed,brasilia
-23.710979053292142,-46.85103183305166,Delivery-Disappointed,itapecerica da serra
-22.918876256472355,-43.527506301690806,Delivery-Disappointed,rio de janeiro
-23.688325184012356,-46.654709625872776,Delivery-Disappointed,sao paulo
-30.028513185541563,-51.194480248613864,Delivery-Disappointed,porto alegre
-23.595155387039064,-46.60095727553522,Delivery-Disappointed,sao paulo
-23.54488036525475,-46.64032833172723,Delivery-Disappointed,sao paulo
-16.654740469753456,-49.2418742018663,Delivery-Disappointed,goiania
-23.451154239252077,-46.59089295767212,Delivery-Disappointed,sao paulo
-8.125447274770623,-34.902862133872254,Delivery-Disappointed,recife
-23.186380013590007,-46.88651921120668,Delivery-Disappointed,jundiai
-20.90269059089549,-49.26843075766668,Delivery-Disappointed,cedral
-22.628846966121884,-42.004298493722764,Delivery-Disappointed,cabo frio
-22.836436732168615,-43.2755566090658,Delivery-Disappointed,rio de janeiro
-5.148467999999998,-38.096363432305225,Delivery-Disappointed,limoeiro do norte
-20.154449604793754,-40.26902634463907,Delivery-Disappointed,serra
-23.98841078045477,-46.27151082894726,Delivery-Disappointed,guaruja
-19.8520464865399,-43.89574475963708,Delivery-Disappointed,belo horizonte
-5.117030999999992,-42.758554342481325,Delivery-Disappointed,teresina
-23.624298054632632,-46.75525539543194,Delivery-Disappointed,sao paulo
-22.323120480293152,-49.1243183379969,Delivery-Disappointed,bauru
-22.526906595331567,-44.12793234699996,Delivery-Disappointed,volta redonda
-22.878954819636174,-42.0455369232882,Delivery-Disappointed,cabo frio
-23.693594297161816,-46.43795035481379,Delivery-Disappointed,ribeirao pires
-7.545888770648164,-35.706107224902766,Delivery-Disappointed,aroeiras
-20.14068469699654,-44.88753081910666,Delivery-Disappointed,divinopolis
-19.74570399283904,-43.94251767343394,Delivery-Disappointed,vespasiano
-15.799814381522625,-47.93030100000001,Delivery-Disappointed,brasilia
-19.829165681990187,-43.93569428766812,Delivery-Disappointed,belo horizonte
-10.97013724646543,-37.04448972344036,Delivery-Disappointed,aracaju
-19.93624791006412,-43.95773026201734,Delivery-Disappointed,belo horizonte
-19.996242957527887,-43.96754250000001,Delivery-Disappointed,belo horizonte
-22.687718230385386,-43.46621205944773,Delivery-Disappointed,nova iguacu
-22.876825499999995,-43.815132652645495,Delivery-Disappointed,itaguai
-23.39495727638213,-46.7178745983416,Delivery-Disappointed,caieiras
-22.86819,-43.47809670455591,Delivery-Disappointed,rio de janeiro
-10.168168861155287,-48.341209538018894,Delivery-Disappointed,palmas
-20.386870311646724,-43.506711008289,Delivery-Disappointed,ouro preto
-23.76597955110936,-46.68494030682672,Delivery-Disappointed,sao paulo
-21.750288445446465,-41.34085274703107,Delivery-Disappointed,campos dos goytacazes
-30.030201334179605,-51.22766868774895,Delivery-Disappointed,porto alegre
-19.859278232038708,-43.96702901249349,Delivery-Disappointed,belo horizonte
-23.954557133658106,-46.39491716503214,Delivery-Disappointed,sao vicente
-22.91553294448616,-43.40164068762021,Delivery-Disappointed,rio de janeiro
-23.49106374992788,-46.5864510380287,Delivery-Disappointed,sao paulo
-23.538144675421798,-46.70347863868197,Delivery-Disappointed,sao paulo
-23.546209596305935,-46.55301970789138,Delivery-Disappointed,sao paulo
-10.126386041781421,-36.17542228716651,Delivery-Disappointed,coruripe
-23.448777826159816,-51.86922875629531,Delivery-Disappointed,sarandi
-1.4537426852674302,-48.4881708871833,Delivery-Disappointed,belem
-12.549801514059943,-38.70708921289294,Delivery-Disappointed,santo amaro
-22.116909888435696,-43.20681658554824,Delivery-Disappointed,tres rios
-18.667129710746483,-43.08265816034162,Delivery-Disappointed,sabinopolis
-12.991832706633389,-38.45284250734317,Delivery-Disappointed,salvador
-23.620253951699517,-46.76164305883207,Delivery-Disappointed,sao paulo
-30.030201334179605,-51.22766868774895,Delivery-Disappointed,porto alegre
-22.94144365084541,-43.19161318538299,Delivery-Disappointed,rio de janeiro
-27.58139345074722,-48.59315382334522,Delivery-Disappointed,florianopolis
-27.85153248439475,-53.77767935440607,Delivery-Disappointed,santo augusto
-22.80385751045796,-43.37526659276007,Delivery-Disappointed,sao joao de meriti
-20.71706301120797,-47.878333086473205,Delivery-Disappointed,orlandia
-15.801842436999948,-48.299912974999984,Delivery-Disappointed,aguas lindas de goias
-25.76621577893401,-49.72022327777802,Delivery-Disappointed,lapa
-8.033959041864554,-34.89563988684098,Delivery-Disappointed,recife
-23.59064857146978,-46.541716024842735,Delivery-Disappointed,sao paulo
-22.74216834976678,-43.48309576958585,Delivery-Disappointed,nova iguacu
-23.97221168082404,-46.314586513330205,Delivery-Disappointed,santos
-22.515738410154107,-43.1703318961291,Delivery-Disappointed,petropolis
-23.53286949347912,-46.6574641552888,Delivery-Disappointed,sao paulo
-20.320226162388405,-40.332040950891454,Delivery-Disappointed,vitoria
-13.870558879045555,-40.08444952460816,Delivery-Disappointed,jequie
-2.547269664762603,-44.23014041115571,Delivery-Disappointed,sao luis
-21.690354186350497,-49.74587198014892,Delivery-Disappointed,lins
-23.624732943937893,-46.6367172536788,Delivery-Disappointed,sao paulo
-16.645449689516504,-49.18504399999996,Delivery-Disappointed,goiania
-27.079432218875073,-52.62985041143316,Delivery-Disappointed,chapeco
-30.0557439998701,-51.20514381321769,Delivery-Disappointed,porto alegre
-26.24012100716043,-49.39520849999998,Delivery-Disappointed,sao bento do sul
-23.60988230474924,-46.68778828795657,Delivery-Disappointed,sao paulo
-23.180229756498715,-46.85773745019897,Delivery-Disappointed,jundiai
-23.219135312411904,-46.83263194186892,Delivery-Disappointed,varzea paulista
-23.234439580000338,-46.77116509693393,Delivery-Disappointed,campo limpo paulista
-23.328086807593117,-46.7095699425789,Delivery-Disappointed,franco da rocha
-22.514769134748217,-44.00769904247543,Delivery-Disappointed,pinheiral
-23.618209103073223,-46.5705445594859,Delivery-Disappointed,sao caetano do sul
-12.08925543763249,-45.79618023024447,Delivery-Disappointed,luis eduardo magalhaes
-8.032058856243884,-34.95152799500834,Delivery-Disappointed,recife
-24.932135500729583,-53.85909795019674,Delivery-Disappointed,sao pedro do iguacu
-23.703486003606677,-46.620906155288814,Delivery-Disappointed,diadema
-20.1379005,-40.18867515952251,Delivery-Disappointed,serra
-24.95820451399403,-53.46130455981301,Delivery-Disappointed,cascavel
-2.5288803859282116,-44.284652813838065,Delivery-Disappointed,sao luis
-15.116827700165596,-40.06839958860911,Delivery-Disappointed,itororo
-23.536790412718517,-47.46870306938549,Delivery-Disappointed,sorocaba
-23.471333380328943,-46.71370100936295,Delivery-Disappointed,sao paulo
-21.21282934554791,-47.79516701664842,Delivery-Disappointed,ribeirao preto
-22.84401958001996,-47.18833583213561,Delivery-Disappointed,sumare
-22.738017278995763,-45.58706246070348,Delivery-Disappointed,campos do jordao
-3.743404753534559,-38.484067201709045,Delivery-Disappointed,fortaleza
-22.92357123601524,-43.635422152244715,Delivery-Disappointed,rio de janeiro
-23.084419446996314,-48.914886818901834,Delivery-Disappointed,avare
-7.935646442507905,-34.89495181681004,Delivery-Disappointed,paulista
-22.895956030798377,-47.148743284205665,Delivery-Disappointed,campinas
-23.6569135706442,-46.78027201540768,Delivery-Disappointed,sao paulo
-22.96315589659017,-44.43896007408009,Delivery-Disappointed,angra dos reis
-19.97551649235395,-43.971936358914604,Delivery-Disappointed,belo horizonte
0.09268627423278775,-51.05732958179381,Delivery-Disappointed,macapa
-20.673008384844195,-43.77761801756626,Delivery-Disappointed,conselheiro lafaiete
-23.454135136274463,-46.51325832361937,Delivery-Disappointed,guarulhos
-5.515936032871862,-47.48688446140319,Delivery-Disappointed,imperatriz
-21.933861227198577,-42.60785674804232,Delivery-Disappointed,carmo
-12.151330103797862,-45.00463781591117,Delivery-Disappointed,barreiras
-19.95000335413147,-44.05688267099998,Delivery-Disappointed,contagem
-26.970039087924743,-48.63580202165099,Delivery-Disappointed,balneario camboriu
-15.836459230091172,-48.03186831726771,Delivery-Disappointed,brasilia
-19.877727652086158,-43.995110704830054,Delivery-Disappointed,belo horizonte
-23.49585216902305,-46.50247661157595,Delivery-Disappointed,sao paulo
-15.799814381522625,-47.93030100000001,Delivery-Disappointed,brasilia
-7.992096271308327,-34.916478707902115,Delivery-Disappointed,recife
-23.17965058485729,-46.90576352862229,Delivery-Disappointed,jundiai
-19.947433295314173,-43.928925768249734,Delivery-Disappointed,belo horizonte
-2.535273621324342,-44.165083840386245,Delivery-Disappointed,paco do lumiar
-9.605774210658424,-35.72294270891233,Delivery-Disappointed,maceio
-21.686599240757907,-51.075784747070934,Delivery-Disappointed,adamantina
-22.34664323306959,-49.08915189318456,Delivery-Disappointed,bauru
-16.742115766723096,-49.270848391153166,Delivery-Disappointed,aparecida de goiania
-21.24481728187358,-44.99836509644241,Delivery-Disappointed,lavras
-16.733318931186894,-49.28809074415828,Delivery-Disappointed,goiania
-23.502567676669088,-47.36963989638951,Delivery-Disappointed,sorocaba
-22.836444957527892,-43.30821285651219,Delivery-Disappointed,rio de janeiro
-22.94626033543803,-43.59706829640135,Delivery-Disappointed,rio de janeiro
-22.93003541243005,-43.38943773232147,Delivery-Disappointed,rio de janeiro
-22.756983332924523,-47.601096553292145,Delivery-Disappointed,piracicaba
-20.386870311646724,-43.506711008289,Delivery-Disappointed,ouro preto
-16.63371734875744,-49.23389085788055,Delivery-Disappointed,goiania
-22.31298125015008,-41.72221641038342,Delivery-Disappointed,macae
-23.558637305466345,-46.51966059291495,Delivery-Disappointed,sao paulo
-16.022489126762082,-49.8017237257634,Delivery-Disappointed,itaberai
-26.33328394463038,-48.83688786303305,Delivery-Disappointed,joinville
-22.73427587011464,-47.17599378518663,Delivery-Disappointed,paulinia
-23.64151681425172,-46.54210469718399,Delivery-Disappointed,santo andre
-23.62567481042913,-46.60674984706196,Delivery-Disappointed,sao paulo
-30.00094299144014,-51.09498079754235,Delivery-Disappointed,porto alegre
-23.4545304711098,-46.73172460698832,Delivery-Disappointed,sao paulo
-22.489557434009633,-48.5608452682853,Delivery-Disappointed,barra bonita
-23.448156139881142,-46.438686942552906,Delivery-Disappointed,guarulhos
-15.305171322248482,-49.126376720982186,Delivery-Disappointed,goianesia
-22.392665048156225,-47.57602909090359,Delivery-Disappointed,rio claro
-22.819553357981604,-42.997604077402954,Delivery-Disappointed,sao goncalo
-22.920193361648064,-43.62502374326279,Delivery-Disappointed,rio de janeiro
-26.91031052805772,-49.07446664209314,Delivery-Disappointed,blumenau
-23.585129088810685,-46.53865086511053,Delivery-Disappointed,sao paulo
-22.50991544681899,-41.923602344744666,Delivery-Disappointed,rio das ostras
-8.009459388988743,-34.89329084051221,Delivery-Disappointed,recife
-10.93475889537761,-37.07269360851752,Delivery-Disappointed,aracaju
-32.07492017908405,-52.255627496826506,Delivery-Disappointed,rio grande
-23.74981810254469,-46.70140755620633,Delivery-Disappointed,sao paulo
-5.830704437911026,-35.20926000850057,Delivery-Disappointed,natal
-22.901703097149237,-43.5396664193115,Delivery-Disappointed,rio de janeiro
-1.3954044970858062,-48.46828552510252,Delivery-Disappointed,belem
-22.91769260113128,-43.38826034580772,Delivery-Disappointed,rio de janeiro
-12.987852544338008,-38.50062851637428,Delivery-Disappointed,salvador
-22.81631846264643,-43.41628252879276,Delivery-Disappointed,nilopolis
-19.937512508468437,-44.17352748286109,Delivery-Disappointed,betim
-22.93941799056493,-47.0590556692833,Delivery-Disappointed,campinas
-23.66145212432623,-46.78602165889549,Delivery-Disappointed,sao paulo
-23.47097699162584,-46.569867464337236,Delivery-Disappointed,sao paulo
-23.615878756592988,-46.74667825812221,Delivery-Disappointed,sao paulo
-22.953699475817793,-45.45907942401017,Delivery-Disappointed,pindamonhangaba
-30.03336443104038,-51.23063954079865,Delivery-Disappointed,porto alegre
-22.91014622997764,-42.930249345220005,Delivery-Disappointed,marica
-12.935961117220948,-38.49570727476773,Delivery-Disappointed,salvador
-18.75756011835844,-44.43159029668814,Delivery-Disappointed,curvelo
-23.730506151537902,-46.70931505433089,Delivery-Disappointed,sao paulo
-19.544253958337173,-42.645186545999934,Delivery-Disappointed,timoteo
-22.86657990047305,-43.09822064501702,Delivery-Disappointed,niteroi
-22.38402218078369,-46.9362356656652,Delivery-Disappointed,mogi-guacu
-19.46970149792253,-42.562507159587966,Delivery-Disappointed,ipatinga
-19.839445873578956,-43.985416151061756,Delivery-Disappointed,belo horizonte
-20.772770389722567,-45.27402968238525,Delivery-Disappointed,candeias
-7.935646442507905,-34.89495181681004,Delivery-Disappointed,paulista
-12.967481745660082,-39.26049923033821,Delivery-Disappointed,santo antonio de jesus
-23.648068339394207,-46.43569928406145,Delivery-Disappointed,maua
-22.93528073550116,-43.18165906085174,Delivery-Disappointed,rio de janeiro
-6.771739537935958,-43.00913691404415,Delivery-Disappointed,floriano
-25.54168647758336,-54.585197713463536,Delivery-Disappointed,foz do iguacu
-16.713602536899774,-49.30173646380534,Delivery-Disappointed,goiania
-23.546378954818977,-46.89967983714271,Delivery-Disappointed,jandira
-23.4982544454671,-46.58310665875125,Delivery-Disappointed,sao paulo
-25.08731293628265,-50.10496591500432,Delivery-Disappointed,ponta grossa
-22.815551954483798,-47.28532799033803,Delivery-Disappointed,sumare
-20.373626262192097,-43.41744554260202,Delivery-Disappointed,mariana
-23.422858050956947,-51.937545947028106,Delivery-Disappointed,maringa
-12.975144449763675,-38.42709688603081,Delivery-Disappointed,salvador
-23.650244312827898,-47.5761217787836,Delivery-Disappointed,salto de pirapora
-23.010010522621027,-43.31960105704306,Delivery-Disappointed,rio de janeiro
-26.322560402446737,-48.82973394754458,Delivery-Disappointed,joinville
-16.613729604815212,-49.32346377563371,Delivery-Disappointed,goiania
-20.54568923757863,-48.600615876767286,Delivery-Disappointed,barretos
-11.183265848517188,-40.514901956930586,Delivery-Disappointed,jacobina
-19.92878416430552,-43.91727058979163,Delivery-Disappointed,belo horizonte
-25.37037591171133,-49.075822956597584,Delivery-Disappointed,quatro barras
-27.63576485506205,-48.65487242539686,Delivery-Disappointed,palhoca
-22.07108854643692,-46.57233250425247,Delivery-Disappointed,andradas
-23.18300381820934,-46.96922804883066,Delivery-Disappointed,jundiai
-12.993092863725533,-38.4463299970858,Delivery-Disappointed,salvador
-23.63644015237461,-46.56472233527612,Delivery-Disappointed,sao caetano do sul
-19.925952958647354,-43.94511432722604,Delivery-Disappointed,belo horizonte
-19.31467881193368,-46.05001823735698,Delivery-Disappointed,sao gotardo
-22.355234634875504,-46.94995582176329,Delivery-Disappointed,mogi-guacu
-22.215694437073967,-54.8356113021723,Delivery-Disappointed,dourados
-22.8787704883016,-47.02998962476191,Delivery-Disappointed,campinas
-10.93092379381363,-37.06613024508046,Delivery-Disappointed,aracaju
-6.466736793112053,-35.946507183473116,Delivery-Disappointed,japi
-17.843405678766587,-40.3464798270996,Delivery-Disappointed,nanuque
-15.91239764613382,-48.10133461100872,Delivery-Disappointed,brasilia
-21.20309099954143,-41.89141172373199,Delivery-Disappointed,itaperuna
-9.573896551857809,-35.783681678602335,Delivery-Disappointed,maceio
-13.37048320812459,-39.07149533785422,Delivery-Disappointed,valenca
-22.94050678870687,-46.53091734256196,Delivery-Disappointed,braganca paulista
-19.962237555193788,-43.993480012767606,Delivery-Disappointed,belo horizonte
-22.852318344284207,-42.943456672337994,Delivery-Disappointed,sao goncalo
-22.918123077163223,-42.81760650604593,Delivery-Disappointed,marica
-11.183265848517188,-40.514901956930586,Delivery-Disappointed,jacobina
-23.13766618272218,-46.55735815823561,Delivery-Disappointed,atibaia
-23.460435484510118,-46.584478621915466,Delivery-Disappointed,sao paulo
-22.80377603751749,-45.21016443274714,Delivery-Disappointed,guaratingueta
-21.510166476196048,-46.19653438600763,Delivery-Disappointed,divisa nova
-22.92541928296553,-43.232072863400354,Delivery-Disappointed,rio de janeiro
-22.884436477927228,-43.38141380682672,Delivery-Disappointed,rio de janeiro
-22.936854813491813,-43.35996102505908,Delivery-Disappointed,rio de janeiro
-22.900371422153583,-43.28638470439734,Delivery-Disappointed,rio de janeiro
-23.258682252939348,-47.34972393545511,Delivery-Disappointed,itu
-22.87686447449247,-43.632697427001006,Delivery-Disappointed,rio de janeiro
-23.629613605603343,-46.61319297737896,Delivery-Disappointed,sao paulo
-22.970894018595992,-43.38784233625709,Delivery-Disappointed,rio de janeiro
-22.3130330385483,-49.03271692951117,Delivery-Disappointed,bauru
-26.33299364404366,-48.84817680467714,Delivery-Disappointed,joinville
-30.06680870396572,-51.19151442210199,Delivery-Disappointed,porto alegre
-22.107680147870667,-43.20932359353826,Delivery-Disappointed,tres rios
-16.849577911236164,-42.06308021924181,Delivery-Disappointed,aracuai
-22.93035788314392,-43.24161788510583,Delivery-Disappointed,rio de janeiro
-19.89852966212726,-44.03415449217125,Delivery-Disappointed,contagem
-30.067100056898823,-51.16609047690222,Delivery-Disappointed,porto alegre
-20.26416981761624,-40.296486089935854,Delivery-Disappointed,vitoria
-23.48789441077514,-46.67942677963238,Delivery-Disappointed,sao paulo
-2.4627966032938424,-54.71176719507015,Delivery-Disappointed,santarem
-22.952838782676466,-43.18857414986445,Delivery-Disappointed,rio de janeiro
-22.180398575592847,-49.95672899994832,Delivery-Disappointed,marilia
-21.762829433744784,-41.3106050334548,Delivery-Disappointed,campos dos goytacazes
-8.44163320750378,-35.017326651754246,Delivery-Disappointed,ipojuca
-22.845731962685527,-42.99686730440309,Delivery-Disappointed,sao goncalo
-20.386870311646724,-43.506711008289,Delivery-Disappointed,ouro preto
-22.872718341104505,-43.364321140717855,Delivery-Disappointed,rio de janeiro
-23.54361066874891,-46.42699216299266,Delivery-Disappointed,sao paulo
-23.56196757395127,-46.67449563809214,Delivery-Disappointed,sao paulo
-23.37955097848981,-46.32212762362621,Delivery-Disappointed,aruja
-1.4350490220441132,-48.4687608538578,Delivery-Disappointed,belem
-7.9974354677994235,-34.902143707905736,Delivery-Disappointed,olinda
-19.894223410208355,-43.930916412170255,Delivery-Disappointed,belo horizonte
-17.544127645072972,-39.731758611915545,Delivery-Disappointed,teixeira de freitas
-22.2835805047368,-42.53537225497943,Delivery-Disappointed,nova friburgo
-20.036838742597297,-42.26683911838541,Delivery-Disappointed,vermelho novo
-25.74807404391674,-53.059039416839255,Delivery-Disappointed,dois vizinhos
-23.552592915344245,-46.74335303800004,Delivery-Disappointed,sao paulo
-23.19878141814114,-49.38206353932333,Delivery-Disappointed,piraju
-30.006780904524206,-51.160076449218,Delivery-Disappointed,porto alegre
-23.717189479369523,-46.55358758458623,Delivery-Disappointed,sao bernardo do campo
-23.606050790854077,-46.48964576276761,Delivery-Disappointed,sao paulo
-23.001664514859417,-43.40383953802869,Delivery-Disappointed,rio de janeiro
-20.921201416062555,-44.236186489978,Delivery-Disappointed,resende costa
-23.539369243407013,-46.638486209821714,Delivery-Disappointed,sao paulo
-23.9969192373618,-48.88537454786854,Delivery-Disappointed,itapeva
-23.5591884476888,-46.61485962698363,Delivery-Disappointed,sao paulo
-23.303771025535223,-51.15444244463038,Delivery-Disappointed,londrina
-23.624257693591645,-46.51504239570952,Delivery-Disappointed,santo andre
-23.409685707744245,-46.388688516792655,Delivery-Disappointed,guarulhos
-23.495578904182445,-47.428831293784974,Delivery-Disappointed,sorocaba
-20.42056119503688,-49.9733386466907,Delivery-Disappointed,votuporanga
-16.6116723465136,-49.198779,Delivery-Disappointed,goiania
-18.06963380572212,-41.27244005955116,Delivery-Disappointed,ouro verde de minas
-2.51116084184574,-44.25587107726582,Delivery-Disappointed,sao luis
-3.7505181113059436,-38.581112987071194,Delivery-Disappointed,fortaleza
-25.44913988952431,-49.28810433527613,Delivery-Disappointed,curitiba
-19.924139199838383,-43.99023111795261,Delivery-Disappointed,belo horizonte
-25.365851732303263,-49.18582840154509,Delivery-Disappointed,colombo
-23.966109471002326,-46.342983916995166,Delivery-Disappointed,santos
-22.554835381210676,-44.15112099766609,Delivery-Disappointed,barra mansa
-2.5745617347460663,-44.19951421099502,Delivery-Disappointed,sao luis
-23.557262898695825,-46.64448070760001,Delivery-Disappointed,sao paulo
-22.98574189148247,-43.231288641410345,Delivery-Disappointed,rio de janeiro
-23.543513068267124,-46.658854865658775,Delivery-Disappointed,sao paulo
-21.27537241391624,-50.33255050652044,Delivery-Disappointed,birigui
-19.74570399283904,-43.94251767343394,Delivery-Disappointed,vespasiano
-25.46724586372553,-49.22126518691221,Delivery-Disappointed,curitiba
-23.68087846386024,-46.7556706753419,Delivery-Disappointed,sao paulo
-22.762544265912986,-43.3167449843304,Delivery-Disappointed,duque de caxias
-23.562214532892817,-46.600915018075554,Delivery-Disappointed,sao paulo
-23.389296708442476,-49.510745022228086,Delivery-Disappointed,fartura
-22.930156503606682,-43.24017317234127,Delivery-Disappointed,rio de janeiro
-22.73481094307214,-42.72257738332797,Delivery-Disappointed,tangua
-12.964843391404514,-38.49575313374533,Delivery-Disappointed,salvador
-22.828092168355855,-43.06877229137192,Delivery-Disappointed,sao goncalo
-20.374072683597397,-40.30532998337161,Delivery-Disappointed,vila velha
-22.90422759248954,-43.36035788504503,Delivery-Disappointed,rio de janeiro
-20.29203888618801,-40.30602124291654,Delivery-Disappointed,vitoria
-20.342467507877814,-40.28566821952616,Delivery-Disappointed,vila velha
-27.08058947821569,-48.893330116048766,Delivery-Disappointed,brusque
-19.312166112307224,-47.5301437963199,Delivery-Disappointed,santa juliana
-25.43727033166945,-49.211700622251776,Delivery-Disappointed,curitiba
-22.853546254488244,-43.242954164038814,Delivery-Disappointed,rio de janeiro
-22.73481094307214,-42.72257738332797,Delivery-Disappointed,tangua
-23.53768597085809,-46.35218341142527,Delivery-Disappointed,poa
-18.944314187344897,-48.27933001540767,Delivery-Disappointed,uberlandia
-23.19466270136176,-46.83028293500497,Delivery-Disappointed,varzea paulista
-2.534740166801338,-44.21697541187291,Delivery-Disappointed,sao luis
-26.243788027900305,-48.626679164378125,Delivery-Disappointed,sao francisco do sul
-22.835362669795348,-47.16329112960936,Delivery-Disappointed,sumare
-23.542756575076453,-46.778011050522174,Delivery-Disappointed,osasco
-30.00094299144014,-51.09498079754235,Delivery-Disappointed,porto alegre
-20.513402358098705,-54.56835328380164,Delivery-Disappointed,campo grande
-22.550666560653582,-47.905760992478,Delivery-Disappointed,sao pedro
-23.74296302054356,-46.66639273175025,Delivery-Disappointed,sao paulo
-27.03604193712156,-49.387248727298015,Delivery-Disappointed,apiuna
-19.87317691534425,-43.93586893581568,Delivery-Disappointed,belo horizonte
-23.536231758122195,-46.69241456848347,Delivery-Disappointed,sao paulo
-12.920325407345903,-38.37152094979555,Delivery-Disappointed,salvador
-19.84442833804609,-43.90470168774894,Delivery-Disappointed,belo horizonte
-7.229753812202371,-39.347276228891886,Delivery-Disappointed,juazeiro do norte
-21.221826349154597,-47.76644916403092,Delivery-Disappointed,ribeirao preto
-23.53188242714523,-46.708292938802,Delivery-Disappointed,sao paulo
-17.7190976018024,-48.15907238891024,Delivery-Disappointed,ipameri
-23.62323038246003,-46.80104434592664,Delivery-Disappointed,taboao da serra
-22.407385427989674,-41.83962087054915,Delivery-Disappointed,macae
-20.604721196184975,-41.20458193555609,Delivery-Disappointed,castelo
-19.785948905899065,-43.90445149999994,Delivery-Disappointed,santa luzia
-10.914487637567749,-37.67092165463835,Delivery-Disappointed,lagarto
-3.2289960188415785,-40.12416756664208,Delivery-Disappointed,morrinhos
-23.561483773241413,-46.636216077298165,Delivery-Disappointed,sao paulo
-23.26114266180968,-47.3153199420975,Delivery-Disappointed,itu
-5.006877322341958,-42.78424119919932,Delivery-Disappointed,teresina
-22.743238334049245,-47.3155351887966,Delivery-Disappointed,americana
-25.532205862888823,-49.26634400963994,Delivery-Disappointed,curitiba
-22.882273547225886,-48.44976202553522,Delivery-Disappointed,botucatu
-19.792951391209566,-43.99799160061167,Delivery-Disappointed,ribeirao das neves
-23.56261319494366,-46.42215450874258,Delivery-Disappointed,sao paulo
-16.622779069777074,-49.308471077149264,Delivery-Disappointed,goiania
-23.418149799045963,-46.752401755756274,Delivery-Disappointed,sao paulo
-3.785486993883152,-38.54748158381904,Delivery-Disappointed,fortaleza
-23.42470086150384,-46.552730060505496,Delivery-Disappointed,guarulhos
-9.871010693199649,-38.89643953608658,Delivery-Disappointed,jeremoabo
-23.02187989307062,-43.46365439966753,Delivery-Disappointed,rio de janeiro
-22.757732912304228,-42.85892456514524,Delivery-Disappointed,itaborai
-22.884255334727865,-47.06813275200536,Delivery-Disappointed,campinas
-21.207518951445493,-47.60073532766128,Delivery-Disappointed,serrana
-22.97891413015762,-43.19380009478331,Delivery-Disappointed,rio de janeiro
-27.826616566660647,-54.664433669703044,Delivery-Disappointed,santo cristo
-22.489557434009633,-48.5608452682853,Delivery-Disappointed,barra bonita
-26.767435213108254,-53.18233368118487,Delivery-Disappointed,maravilha
-19.454748663887155,-42.546900242714514,Delivery-Disappointed,ipatinga
-22.244021759247783,-43.704838079140345,Delivery-Disappointed,valenca
-27.02642551733833,-50.92133780922423,Delivery-Disappointed,fraiburgo
-22.962608088810693,-43.17066214169881,Delivery-Disappointed,rio de janeiro
-23.648068339394207,-46.43569928406145,Delivery-Disappointed,maua
-22.890590834479813,-43.419676654815326,Delivery-Disappointed,rio de janeiro
-23.535843212083293,-46.76406620886582,Delivery-Disappointed,osasco
-15.594988055474516,-56.13152326011155,Delivery-Disappointed,cuiaba
-23.497770131056917,-46.31590179419777,Delivery-Disappointed,suzano
-25.460811135726203,-49.33496115146579,Delivery-Disappointed,curitiba
-22.973308930896152,-47.14153015652956,Delivery-Disappointed,campinas
-22.92064250036787,-43.36913945550598,Delivery-Disappointed,rio de janeiro
-22.556825701497495,-47.42307221908908,Delivery-Disappointed,limeira
-23.52350959838998,-46.66362145420966,Delivery-Disappointed,sao paulo
-22.918876256472355,-43.527506301690806,Delivery-Disappointed,rio de janeiro
-11.808004327718892,-39.119394679751046,Delivery-Disappointed,candeal
-21.770324704218737,-52.11229275,Delivery-Disappointed,presidente epitacio
-22.895956030798377,-47.148743284205665,Delivery-Disappointed,campinas
-23.480672705972854,-46.66855500000001,Delivery-Disappointed,sao paulo
-23.526908245080445,-46.65089423910785,Delivery-Disappointed,sao paulo
-22.62631471428204,-43.90141215047634,Delivery-Disappointed,pirai
-23.539972285042406,-46.59158118971085,Delivery-Disappointed,sao paulo
-29.166609911666264,-51.1797340200537,Delivery-Disappointed,caxias do sul
-22.87159302746911,-43.55970258841937,Delivery-Disappointed,rio de janeiro
-16.7224226128167,-43.86324095489327,Delivery-Disappointed,montes claros
-22.682025912285837,-47.66085383971952,Delivery-Disappointed,piracicaba
-21.220305852068773,-50.416802544405336,Delivery-Disappointed,aracatuba
-22.89790805002283,-43.0995147477723,Delivery-Disappointed,niteroi
-22.930452979874794,-47.035929675986,Delivery-Disappointed,campinas
-23.75871798789573,-53.296661513474426,Delivery-Disappointed,umuarama
-23.646396436580304,-46.60447167860232,Delivery-Disappointed,sao paulo
-20.77939641723061,-49.393314368353714,Delivery-Disappointed,sao jose do rio preto
-22.882884889814065,-43.092692577414375,Delivery-Disappointed,niteroi
-22.005434640025364,-47.915117995412366,Delivery-Disappointed,sao carlos
-29.32215004190755,-49.723190336884706,Delivery-Disappointed,passo de torres
-22.936854813491813,-43.35996102505908,Delivery-Disappointed,rio de janeiro
-23.736530458234686,-46.594076434849086,Delivery-Disappointed,sao bernardo do campo
-20.360932671662958,-40.35516104432895,Delivery-Disappointed,vila velha
-23.532234261123907,-49.244750904357566,Delivery-Disappointed,taquarituba
-23.4545304711098,-46.73172460698832,Delivery-Disappointed,sao paulo
-22.91351758455616,-43.63136687750383,Delivery-Disappointed,rio de janeiro
-5.856355235489476,-35.3498149380262,Delivery-Disappointed,macaiba
-23.482943033072694,-46.627521310361274,Delivery-Disappointed,sao paulo
-6.028391507416547,-44.247305352978145,Delivery-Disappointed,colinas
-22.65655265720332,-43.04169557066254,Delivery-Disappointed,mage
-22.27626761997096,-49.073061131849414,Delivery-Disappointed,bauru
-22.883535507290517,-42.98182834681717,Delivery-Disappointed,sao goncalo
-19.926823955594653,-43.93948161991448,Delivery-Disappointed,belo horizonte
-12.934319343326203,-38.478563839478426,Delivery-Disappointed,salvador
-10.9706443440635,-37.05566249125744,Delivery-Disappointed,aracaju
-23.500308274900522,-46.77668131034647,Delivery-Disappointed,osasco
-23.54731974271452,-46.23516282509048,Delivery-Disappointed,mogi das cruzes
-29.68414434090604,-51.09436186244434,Delivery-Disappointed,novo hamburgo
-23.879759451528013,-47.996544769731614,Delivery-Disappointed,sao miguel arcanjo
-20.386870311646724,-43.506711008289,Delivery-Disappointed,ouro preto
-22.782143833162444,-43.33875396939278,Delivery-Disappointed,sao joao de meriti
-8.033959041864554,-34.89563988684098,Delivery-Disappointed,recife
-22.72544902170398,-44.13443571879529,Delivery-Disappointed,rio claro
-8.105350500000004,-34.96829749999995,Delivery-Disappointed,jaboatao dos guararapes
-12.961213874272016,-38.4704261606946,Delivery-Disappointed,salvador
-22.647023785470278,-43.23532380731939,Delivery-Disappointed,duque de caxias
-22.87159302746911,-43.55970258841937,Delivery-Disappointed,rio de janeiro
-22.28532192609604,-42.525392581969136,Delivery-Disappointed,nova friburgo
-23.447220663887148,-46.42751660713256,Delivery-Disappointed,guarulhos
-23.39857669000071,-45.884859018856616,Delivery-Disappointed,santa branca
-23.53877907744238,-46.53850883971953,Delivery-Disappointed,sao paulo
-22.727889260210784,-43.474671129972585,Delivery-Disappointed,nova iguacu
-22.989590846290746,-46.997789431292496,Delivery-Disappointed,valinhos
-23.523153631975287,-46.44540787343005,Delivery-Disappointed,sao paulo
-7.952113120326801,-36.214860606331726,Delivery-Disappointed,santa cruz do capibaribe
-22.87647066395896,-43.58311900238119,Delivery-Disappointed,rio de janeiro
-22.97574436886144,-47.127382628757495,Delivery-Disappointed,campinas
-19.629852923974376,-43.22384359497725,Delivery-Disappointed,itabira
-22.832241507183777,-42.09954018378407,Delivery-Disappointed,sao pedro da aldeia
-22.914403962808013,-46.55477655874196,Delivery-Disappointed,braganca paulista
-14.776080250374044,-39.26582795697962,Delivery-Disappointed,itabuna
-16.70908219313096,-49.26631999999995,Delivery-Disappointed,goiania
-20.022622352178413,-44.059585767975044,Delivery-Disappointed,ibirite
-23.46492635230126,-46.339533835693445,Delivery-Disappointed,itaquaquecetuba
-22.578954580068125,-44.17540328378732,Delivery-Disappointed,barra mansa
-7.122284717923415,-34.83553316680133,Delivery-Disappointed,joao pessoa
-22.93904555398464,-47.0948806120887,Delivery-Disappointed,campinas
-23.50985527782904,-46.50113922959044,Delivery-Disappointed,sao paulo
-23.53816275104938,-46.67683522468111,Delivery-Disappointed,sao paulo
-19.87317691534425,-43.93586893581568,Delivery-Disappointed,belo horizonte
-30.20766674021869,-51.18171247085809,Delivery-Disappointed,porto alegre
-22.88795678766813,-47.037514840680984,Delivery-Disappointed,campinas
-15.755944499999998,-47.897286750000006,Delivery-Disappointed,brasilia
-22.967417876348925,-43.70557631230885,Delivery-Disappointed,rio de janeiro
-23.530781704553334,-45.84955881583171,Delivery-Disappointed,salesopolis
-24.38231624843599,-53.38629885308596,Delivery-Disappointed,jesuitas
-12.974427513247502,-38.49609747737895,Delivery-Disappointed,salvador
-22.456055386398504,-44.43784761642339,Delivery-Disappointed,resende
-20.13772517845811,-40.24581185221301,Delivery-Disappointed,serra
-23.48470069781425,-46.622192442466655,Delivery-Disappointed,sao paulo
-23.539769438915215,-46.85317597976109,Delivery-Disappointed,carapicuiba
-11.605276090426432,-38.583292005372165,Delivery-Disappointed,satiro dias
-25.37601916097296,-49.213295114764264,Delivery-Disappointed,curitiba
-3.211712565473594,-45.00188205197996,Delivery-Disappointed,viana
-23.03212227020024,-45.56942252654782,Delivery-Disappointed,taubate
-23.567494462952244,-46.63555394892956,Delivery-Disappointed,sao paulo
-25.526515082133404,-48.52259244793945,Delivery-Disappointed,paranagua
-23.448777826159816,-51.86922875629531,Delivery-Disappointed,sarandi
-27.607423868732678,-48.5936448106241,Delivery-Disappointed,florianopolis
-20.508139025382675,-42.80227343526833,Delivery-Disappointed,amparo da serra
-22.117806682472157,-45.05460113360568,Delivery-Disappointed,sao lourenco
-23.492788669441406,-46.706291980105455,Delivery-Disappointed,sao paulo
-10.71353199781547,-43.6339086823456,Delivery-Disappointed,buritirama
-23.607465820705173,-46.627407547665776,Delivery-Disappointed,sao paulo
-26.7792460890388,-50.00667995233087,Delivery-Disappointed,santa terezinha
-21.70219958381903,-43.442536196087474,Delivery-Disappointed,juiz de fora
-22.410493489044505,-43.13378290928159,Delivery-Disappointed,petropolis
-20.65214953834196,-40.48711983206925,Delivery-Disappointed,guarapari
-15.71436086441803,-47.88530312064304,Delivery-Disappointed,brasilia
-2.547269664762603,-44.23014041115571,Delivery-Disappointed,sao luis
-23.436932665071616,-46.578029947038885,Delivery-Disappointed,sao paulo
-30.18004890212813,-50.20977779805466,Delivery-Disappointed,cidreira
-23.635454464192996,-46.77257012313815,Delivery-Disappointed,sao paulo
-22.530699976390043,-43.173452497112855,Delivery-Disappointed,petropolis
-23.53349398251485,-46.68901715918395,Delivery-Disappointed,sao paulo
-22.91769260113128,-43.38826034580772,Delivery-Disappointed,rio de janeiro
-25.51749022370017,-49.24106513500504,Delivery-Disappointed,curitiba
-29.984804232636645,-51.12997885922435,Delivery-Disappointed,porto alegre
-22.965012010820043,-43.222581162228046,Delivery-Disappointed,rio de janeiro
-26.825784077702185,-49.26999071426511,Delivery-Disappointed,timbo
-23.602209139881133,-46.39975738249835,Delivery-Disappointed,sao paulo
-22.872718341104505,-43.364321140717855,Delivery-Disappointed,rio de janeiro
-22.96535718452808,-43.17810675360669,Delivery-Disappointed,rio de janeiro
-29.109735060662505,-49.63468000483127,Delivery-Disappointed,sombrio
-23.601201453517177,-46.54908781571352,Delivery-Disappointed,sao paulo
-23.63338453879497,-46.59160008604073,Delivery-Disappointed,sao paulo
-29.843647566496152,-51.16881563541696,Delivery-Disappointed,esteio
-8.076686805979461,-34.99856125329772,Delivery-Disappointed,jaboatao dos guararapes
-22.892221151826355,-43.28617561296093,Delivery-Disappointed,rio de janeiro
-21.13614719159558,-41.67798263952821,Delivery-Disappointed,bom jesus do itabapoana
-2.5523255420860904,-44.24790311348598,Delivery-Disappointed,sao luis
-22.561531957577696,-44.93720147966539,Delivery-Disappointed,cruzeiro
-21.84566586507617,-46.56275581632215,Delivery-Disappointed,pocos de caldas
-23.605705509290832,-46.898514000000006,Delivery-Disappointed,cotia
-22.871043691369945,-43.430226383360264,Delivery-Disappointed,rio de janeiro
-22.466181774996222,-42.65473933987149,Delivery-Disappointed,cachoeiras de macacu
-6.465509051906997,-47.056036299101095,Delivery-Disappointed,sao joao do paraiso
-27.59651850814751,-48.610147304148356,Delivery-Disappointed,sao jose
-23.51503460560334,-46.44060207799066,Delivery-Disappointed,sao paulo
-8.02806040161002,-34.91745726437687,Delivery-Disappointed,recife
-22.971588385030664,-43.33006828639565,Delivery-Disappointed,rio de janeiro
-29.99864680777968,-50.147826985388306,Delivery-Disappointed,tramandai
-27.005188244285076,-51.15087636295904,Delivery-Disappointed,videira
-23.424478609629773,-51.8971907225523,Delivery-Disappointed,maringa
-17.303533209194768,-49.02400798975774,Delivery-Disappointed,piracanjuba
-9.74188368767733,-36.6566876401625,Delivery-Disappointed,arapiraca
-7.202323681224872,-34.84414917860232,Delivery-Disappointed,joao pessoa
-23.086909561891947,-52.44516632132676,Delivery-Disappointed,paranavai
-23.579326163558974,-45.33435680089993,Delivery-Disappointed,caraguatatuba
-21.180755933666106,-47.8072250574471,Delivery-Disappointed,ribeirao preto
-23.733586608517534,-46.690567564804674,Delivery-Disappointed,sao paulo
-21.22509060741854,-50.86649103947004,Delivery-Disappointed,valparaiso
-30.151173122944257,-51.218439543713735,Delivery-Disappointed,porto alegre
-21.24208336331261,-48.80464071141578,Delivery-Disappointed,santa adelia
-3.7364058440186914,-38.53116927200064,Delivery-Disappointed,fortaleza
-22.78816354590237,-43.43219897259548,Delivery-Disappointed,mesquita
-23.52119957092964,-47.13951957009586,Delivery-Disappointed,sao roque
-22.902524517081105,-43.18333036360997,Delivery-Disappointed,rio de janeiro
-19.88665694532287,-43.92389634081604,Delivery-Disappointed,belo horizonte
-22.518762169999945,-44.137018739656114,Delivery-Disappointed,volta redonda
-22.819553357981604,-42.997604077402954,Delivery-Disappointed,sao goncalo
-22.88751675166894,-43.12059679174127,Delivery-Disappointed,niteroi
-22.80990677491485,-43.36316403289282,Delivery-Disappointed,rio de janeiro
-29.610454424217316,-52.19314997463072,Delivery-Disappointed,venancio aires
-22.894390490289645,-47.17321327031648,Delivery-Disappointed,hortolandia
-22.93904555398464,-47.0948806120887,Delivery-Disappointed,campinas
-23.014294742166268,-43.46413167283893,Delivery-Disappointed,rio de janeiro
-22.8991184007733,-43.17963533744704,Delivery-Disappointed,rio de janeiro
-9.538312027006995,-36.63070656476612,Delivery-Disappointed,igaci
-23.566621736049424,-46.64674897189683,Delivery-Disappointed,sao paulo
-30.03562309576425,-51.20066497807145,Delivery-Disappointed,porto alegre
-18.12755468934688,-40.36198462361434,Delivery-Disappointed,montanha
-15.5500905431646,-47.33028068376134,Delivery-Disappointed,formosa
-23.432678999999997,-46.43597834624039,Delivery-Disappointed,guarulhos
-20.73799136507532,-48.91093038579832,Delivery-Disappointed,olimpia
-23.44916478934157,-46.697911271163946,Delivery-Disappointed,sao paulo
-22.888220297690363,-43.62938614464972,Delivery-Disappointed,rio de janeiro
-30.00191787642484,-51.1204693990003,Delivery-Disappointed,porto alegre
-22.54912574795723,-44.13411838190317,Delivery-Disappointed,barra mansa
-23.660416684332773,-46.81434235048179,Delivery-Disappointed,embu das artes
-23.50416851075128,-46.63768728561726,Delivery-Disappointed,sao paulo
-3.737910782433197,-38.61089783562669,Delivery-Disappointed,caucaia
-23.475841994171617,-46.6233523477696,Delivery-Disappointed,sao paulo
-19.4640919269876,-44.23060408513105,Delivery-Disappointed,sete lagoas
-2.447185399027492,-54.707503128964376,Delivery-Disappointed,santarem
-23.95691508031017,-46.34623532292687,Delivery-Disappointed,santos
-8.045435320431045,-34.89461700360667,Delivery-Disappointed,recife
-11.67957628458245,-61.1772732055972,Delivery-Disappointed,pimenta bueno
-11.183265848517188,-40.514901956930586,Delivery-Disappointed,jacobina
-23.484410292686675,-46.59138190306584,Delivery-Disappointed,sao paulo
-27.660927494954315,-53.641103103233505,Delivery-Disappointed,redentora
-22.916833051618703,-43.21798092630852,Delivery-Disappointed,rio de janeiro
-23.558617456287138,-46.64971032514858,Delivery-Disappointed,sao paulo
-23.52569478573488,-46.70180169223215,Delivery-Disappointed,sao paulo
-23.54168503634312,-46.88038394879965,Delivery-Disappointed,barueri
-21.226885637803672,-50.45620367485143,Delivery-Disappointed,aracatuba
-11.813328585583086,-37.61260697753964,Delivery-Disappointed,conde
-22.905808029978623,-43.2831616957269,Delivery-Disappointed,rio de janeiro
-27.27628465770368,-48.85062372371532,Delivery-Disappointed,sao joao batista
-8.610423037368761,-35.95319504333398,Delivery-Disappointed,cupira
-22.01674449653755,-47.87514124655031,Delivery-Disappointed,sao carlos
-27.59498544240868,-48.54438165070117,Delivery-Disappointed,florianopolis
-19.755333076175948,-40.385221986787215,Delivery-Disappointed,joao neiva
-25.424423867053655,-49.32525121149514,Delivery-Disappointed,curitiba
-27.678950440852773,-48.6501515088604,Delivery-Disappointed,palhoca
-23.6212805703204,-47.01055566117187,Delivery-Disappointed,vargem grande paulista
-22.906360477927223,-43.17373483028446,Delivery-Disappointed,rio de janeiro
-16.7224226128167,-43.86324095489327,Delivery-Disappointed,montes claros
-7.209478005554252,-35.88119305045008,Delivery-Disappointed,campina grande
-23.496673832738004,-46.88135694345758,Delivery-Disappointed,barueri
-23.521753957390764,-46.57073324793829,Delivery-Disappointed,sao paulo
-16.566160028504644,-45.98795722320854,Delivery-Disappointed,bonfinopolis de minas
-19.45930795389748,-44.24801919373313,Delivery-Disappointed,sete lagoas
-19.45930795389748,-44.24801919373313,Delivery-Disappointed,sete lagoas
-22.33733647655877,-47.16903824492072,Delivery-Disappointed,conchal
-24.29632802522082,-53.31302373025406,Delivery-Disappointed,formosa do oeste
-23.483480479600665,-46.74805513009983,Delivery-Disappointed,sao paulo
-23.555422800464406,-46.79025990490693,Delivery-Disappointed,osasco
-23.117528294477463,-47.22772117568815,Delivery-Disappointed,indaiatuba
-22.2835805047368,-42.53537225497943,Delivery-Disappointed,nova friburgo
-20.69700562881204,-41.92344674316553,Delivery-Disappointed,caiana
-23.541700665229538,-46.65257086372554,Delivery-Disappointed,sao paulo
-12.13122428421578,-38.41510940820239,Delivery-Disappointed,alagoinhas
-22.809297520823172,-43.02533695174372,Delivery-Disappointed,sao goncalo
-23.220810878485008,-44.7185363572174,Delivery-Disappointed,parati
-28.25857565440532,-52.406503307382735,Delivery-Disappointed,passo fundo
-22.81683345406545,-47.025226240735094,Delivery-Disappointed,campinas
-17.0830624522503,-40.93637425423171,Delivery-Disappointed,aguas formosas
-23.63272085885393,-46.64053662698363,Delivery-Disappointed,sao paulo
-12.970364907969731,-38.43510051848935,Delivery-Disappointed,salvador
-23.46567338773156,-46.55740175728548,Delivery-Disappointed,guarulhos
-23.22230412572855,-45.88797225437128,Delivery-Disappointed,sao jose dos campos
-18.79366951138779,-52.62224796721447,Delivery-Disappointed,chapadao do sul
-18.617615461141405,-46.50673538404529,Delivery-Disappointed,patos de minas
-22.84054728812308,-43.376431133086136,Delivery-Disappointed,rio de janeiro
-14.776080250374044,-39.26582795697962,Delivery-Disappointed,itabuna
-12.08925543763249,-45.79618023024447,Delivery-Disappointed,luis eduardo magalhaes
-20.786496838121295,-51.70093533589562,Delivery-Disappointed,tres lagoas
-22.89221457285476,-47.05538112679289,Delivery-Disappointed,campinas
-4.966315728528781,-39.00967007021878,Delivery-Disappointed,quixada
-20.8261248680982,-43.806420252055176,Delivery-Disappointed,cristiano otoni
-20.19842101734217,-40.27226270546521,Delivery-Disappointed,serra
-23.95688438718329,-46.32677018694087,Delivery-Disappointed,santos
-3.093583074721783,-59.99983462745101,Delivery-Disappointed,manaus
-16.754775617058538,-43.874533349082476,Delivery-Disappointed,montes claros
-23.551576302527547,-46.40789832109887,Delivery-Disappointed,sao paulo
-20.921201416062555,-44.236186489978,Delivery-Disappointed,resende costa
-11.430460469498792,-40.59745750437225,Delivery-Disappointed,miguel calmon
-23.59450732944775,-46.44266175,Delivery-Disappointed,sao paulo
-19.534378206016385,-40.62581329448536,Delivery-Disappointed,colatina
-8.026355248347114,-50.02934909869147,Delivery-Disappointed,redencao
-19.78940073534656,-42.140715891552524,Delivery-Disappointed,caratinga
-1.3692616173618282,-48.40803133305517,Delivery-Disappointed,ananindeua
-31.001357453921347,-52.04769240077127,Delivery-Disappointed,cristal
-13.52993648050779,-48.218463795694575,Delivery-Disappointed,minacu
-23.659432129479463,-46.80205033902703,Delivery-Disappointed,embu das artes
-22.82571817208146,-43.412371208985,Delivery-Disappointed,rio de janeiro
-16.819576579226478,-49.31125954170291,Delivery-Disappointed,aparecida de goiania
-22.88722375926633,-47.20093703649303,Delivery-Disappointed,hortolandia
-20.843418008297387,-41.116057517170894,Delivery-Disappointed,cachoeiro de itapemirim
-23.727267000000005,-46.53310780249619,Delivery-Disappointed,sao bernardo do campo
-23.69046829447745,-46.77049852400601,Delivery-Disappointed,sao paulo
-20.91530329073143,-46.98467076257852,Delivery-Disappointed,sao sebastiao do paraiso
-27.566501367924868,-48.62448683786694,Delivery-Disappointed,sao jose
-28.29127509034286,-53.50140090980917,Delivery-Disappointed,panambi
-12.88473197640749,-38.31168489141462,Delivery-Disappointed,lauro de freitas
-22.92167385596392,-43.36033117000399,Delivery-Disappointed,rio de janeiro
-23.580176710514202,-46.71425752770128,Delivery-Disappointed,sao paulo
-12.137707753521155,-45.01003827261628,Delivery-Disappointed,barreiras
-22.984638967251417,-43.19340669830918,Delivery-Disappointed,rio de janeiro
-22.99909145264705,-44.30536607069136,Delivery-Disappointed,angra dos reis
-23.52713237607479,-46.69617149999999,Delivery-Disappointed,sao paulo
-23.44908169962935,-51.95458349046689,Delivery-Disappointed,maringa
-23.48257446517394,-46.67512936886143,Delivery-Disappointed,sao paulo
-23.568545985129155,-47.45887838498334,Delivery-Disappointed,votorantim
-22.93003541243005,-43.38943773232147,Delivery-Disappointed,rio de janeiro
-23.57981620702314,-46.93114081520044,Delivery-Disappointed,cotia
-22.79086839133823,-47.08257180544174,Delivery-Disappointed,campinas
-23.542531082982304,-46.68191419135562,Delivery-Disappointed,sao paulo
-32.096678369914244,-52.18091251085393,Delivery-Disappointed,rio grande
-22.935940716233457,-43.67440340347871,Delivery-Disappointed,rio de janeiro
-17.31577140249432,-48.483549591674674,Delivery-Disappointed,santa cruz de goias
-9.60383932729064,-37.24849386111683,Delivery-Disappointed,monteiropolis
-1.797051108903242,-46.30715759886647,Delivery-Disappointed,boa vista do gurupi
-15.807107713706078,-43.30849638319817,Delivery-Disappointed,janauba
-23.63551935498297,-46.64579064723873,Delivery-Disappointed,sao paulo
-20.284603009435063,-40.29512303471047,Delivery-Disappointed,vitoria
-22.30557813405276,-49.06668556036128,Delivery-Disappointed,bauru
-21.181012061890485,-47.78952007431185,Delivery-Disappointed,ribeirao preto
-23.594790614490144,-46.68693037996994,Delivery-Disappointed,sao paulo
-23.48190971549766,-46.494921693173296,Delivery-Disappointed,sao paulo
-23.72550622875052,-51.09497300353909,Delivery-Disappointed,tamarana
-22.78816354590237,-43.43219897259548,Delivery-Disappointed,mesquita
-22.42761638161801,-45.444251791151146,Delivery-Disappointed,itajuba
-9.43405996386536,-40.51581780798832,Delivery-Disappointed,juazeiro
-23.52821078782871,-46.35386295920134,Delivery-Disappointed,poa
-23.463968049642943,-46.699868190114856,Delivery-Disappointed,sao paulo
-22.904265865398976,-43.092822227384744,Delivery-Disappointed,niteroi
-19.933584401610013,-44.18573108850966,Delivery-Disappointed,betim
-23.52326624957938,-46.194662263967,Delivery-Disappointed,mogi das cruzes
-23.635235230068247,-46.57806347619599,Delivery-Disappointed,sao caetano do sul
-23.494248503462448,-46.66654466833055,Delivery-Disappointed,sao paulo
-26.22580808081601,-52.67412588626672,Delivery-Disappointed,pato branco
-24.014540409660096,-46.43840702622771,Delivery-Disappointed,praia grande
-17.876379599093777,-51.72758141836998,Delivery-Disappointed,jatai
-19.877727652086158,-43.995110704830054,Delivery-Disappointed,belo horizonte
-30.0046847216227,-51.19766065849146,Delivery-Disappointed,porto alegre
-23.474839274770616,-46.89821131571351,Delivery-Disappointed,santana de parnaiba
-12.929711906245936,-38.4413866996735,Delivery-Disappointed,salvador
-23.594790614490144,-46.68693037996994,Delivery-Disappointed,sao paulo
-23.527079999999998,-46.5224421895666,Delivery-Disappointed,sao paulo
-23.634063,-46.56286594670784,Delivery-Disappointed,sao caetano do sul
-22.866385578662914,-43.372546724464776,Delivery-Disappointed,rio de janeiro
-24.314531402289152,-52.52943843154543,Delivery-Disappointed,mambore
-25.40185417929483,-49.20590335359798,Delivery-Disappointed,curitiba
-23.184481107132555,-45.87242012963361,Delivery-Disappointed,sao jose dos campos
-25.4418509866698,-49.311134222815554,Delivery-Disappointed,curitiba
-19.941251206777615,-44.11217987308247,Delivery-Disappointed,betim
-23.577233867332225,-46.75660664450597,Delivery-Disappointed,sao paulo
-3.7226745000000014,-38.6056755,Delivery-Disappointed,fortaleza
-2.921286819583814,-41.74621695724223,Delivery-Disappointed,parnaiba
-19.92623391618096,-43.96560766250218,Delivery-Disappointed,belo horizonte
-19.930871148479472,-43.93471710629582,Delivery-Disappointed,belo horizonte
-23.609357549541244,-46.489552176798995,Delivery-Disappointed,sao paulo
-10.914487637567749,-37.67092165463835,Delivery-Disappointed,lagarto
-22.556825701497495,-47.42307221908908,Delivery-Disappointed,limeira
-14.722475403666715,-49.46867447830396,Delivery-Disappointed,hidrolina
-15.80000329753588,-48.06824385128927,Delivery-Disappointed,brasilia
-23.739405489159385,-46.4943553556231,Delivery-Disappointed,santo andre
-22.530642695437614,-50.556634360334954,Delivery-Disappointed,primavera
-22.92356707409551,-43.21262803260434,Delivery-Disappointed,rio de janeiro
-3.6090760349263444,-45.34172963166411,Delivery-Disappointed,pindare mirim
-23.501562367383418,-46.81279487754352,Delivery-Disappointed,barueri
-9.563418499384907,-35.745880143088336,Delivery-Disappointed,maceio
-23.739405489159385,-46.4943553556231,Delivery-Disappointed,santo andre
-23.52721856262902,-46.91030914609816,Delivery-Disappointed,jandira
-23.48836053830283,-46.60200264286745,Delivery-Disappointed,sao paulo
-22.91167752899767,-43.19814225437128,Delivery-Disappointed,rio de janeiro
-30.256065260483723,-54.91883002260803,Delivery-Disappointed,rosario do sul
-27.54240866084872,-48.49699966851308,Delivery-Disappointed,florianopolis
-22.9961882714524,-43.25844145073268,Delivery-Disappointed,rio de janeiro
-20.311293095777486,-40.321665567089866,Delivery-Disappointed,vitoria
-22.945210543712847,-43.33984223255832,Delivery-Disappointed,rio de janeiro
-22.909623653615373,-43.17677364461301,Delivery-Disappointed,rio de janeiro
-20.46093116515656,-54.61124017353395,Delivery-Disappointed,campo grande
-19.8070133982918,-43.98096602054356,Delivery-Disappointed,belo horizonte
-23.65218934609616,-46.53875018356984,Delivery-Disappointed,santo andre
-25.454675584491422,-49.35025888092221,Delivery-Disappointed,curitiba
-3.7244741589308688,-38.55319695300771,Delivery-Disappointed,fortaleza
-23.320777806996176,-46.7325769232026,Delivery-Disappointed,franco da rocha
-23.55780088675821,-46.76999067236991,Delivery-Disappointed,osasco
-30.02367479516995,-51.13342257056094,Delivery-Disappointed,porto alegre
-22.91768636469216,-43.231241920278116,Delivery-Disappointed,rio de janeiro
-23.413511273659765,-46.496331967035076,Delivery-Disappointed,guarulhos
-22.90422759248954,-43.36035788504503,Delivery-Disappointed,rio de janeiro
-21.764199268942235,-43.346325855675445,Delivery-Disappointed,juiz de fora
-25.41922327734451,-51.48176607746565,Delivery-Disappointed,guarapuava
-23.622674349477563,-46.67642273466278,Delivery-Disappointed,sao paulo
-30.000788742708984,-51.31036817625689,Delivery-Disappointed,eldorado do sul
-22.61402477034372,-43.70566429135911,Delivery-Disappointed,paracambi
-27.6076755,-48.6284080724718,Delivery-Disappointed,sao jose
-22.904062574528197,-43.30650972967279,Delivery-Disappointed,rio de janeiro
-25.440104033389556,-49.35158480404242,Delivery-Disappointed,curitiba
-5.762721797820871,-35.25884578754919,Delivery-Disappointed,natal
-23.474839274770616,-46.89821131571351,Delivery-Disappointed,santana de parnaiba
-5.879342151564941,-35.180498774916785,Delivery-Disappointed,natal
-22.505694901916865,-44.08955630755467,Delivery-Disappointed,volta redonda
-23.70816,-46.526713532892806,Delivery-Disappointed,sao bernardo do campo
-19.931520729672776,-43.93375589840736,Delivery-Disappointed,belo horizonte
-23.64632811407178,-46.67910854003406,Delivery-Disappointed,sao paulo
-22.923126168734587,-43.26334318887413,Delivery-Disappointed,rio de janeiro
-24.04753355037796,-46.52627382722605,Delivery-Disappointed,praia grande
-23.52503767055225,-46.37064935334179,Delivery-Disappointed,ferraz de vasconcelos
-1.3667488537613912,-48.33865765202612,Delivery-Disappointed,marituba
-24.145393018791605,-49.82196537010345,Delivery-Disappointed,arapoti
-26.4543845594824,-53.500627279895504,Delivery-Disappointed,sao jose do cedro
-12.970364907969731,-38.43510051848935,Delivery-Disappointed,salvador
-22.781514193726554,-43.425908742413874,Delivery-Disappointed,mesquita
-23.51572635804139,-46.80061461626018,Delivery-Disappointed,osasco
-12.977628056062107,-38.50522043880201,Delivery-Disappointed,salvador
-23.542559946996306,-47.45678295253622,Delivery-Disappointed,votorantim
-23.43014084206979,-46.92733917019821,Delivery-Disappointed,santana de parnaiba
-27.589321906197647,-48.52212360618027,Delivery-Disappointed,florianopolis
-18.170511692932973,-47.96134377302198,Delivery-Disappointed,catalao
-22.042779128191384,-45.69782624999999,Delivery-Disappointed,careacu
-28.28834453416741,-52.79139806482223,Delivery-Disappointed,carazinho
-22.78986752622771,-43.17266372299474,Delivery-Disappointed,rio de janeiro
-22.885051106511668,-43.51101342290494,Delivery-Disappointed,rio de janeiro
-10.92359141329544,-37.05097999999998,Delivery-Disappointed,aracaju
-23.432767166801337,-46.720828330284455,Delivery-Disappointed,sao paulo
-4.460313170917487,-43.88951140243549,Delivery-Disappointed,codo
-12.08925543763249,-45.79618023024447,Delivery-Disappointed,luis eduardo magalhaes
-24.041133267279328,-52.37129282080416,Delivery-Disappointed,campo mourao
-23.4865890753816,-46.89306864040721,Delivery-Disappointed,barueri
-24.112863197007357,-46.667482359857104,Delivery-Disappointed,mongagua
-16.444188,-54.624337255270646,Delivery-Disappointed,rondonopolis
-29.843647566496152,-51.16881563541696,Delivery-Disappointed,esteio
-19.94452180045008,-43.93951993345966,Delivery-Disappointed,belo horizonte
-26.254807660291267,-49.52063478336091,Delivery-Disappointed,rio negrinho
-23.651135718275818,-46.80456122439265,Delivery-Disappointed,embu das artes
-27.57873107354152,-48.607637973718745,Delivery-Disappointed,sao jose
-12.948901448034867,-38.49606298579875,Delivery-Disappointed,salvador
-22.820813995373875,-47.17096708341938,Delivery-Disappointed,sumare
-21.24481728187358,-44.99836509644241,Delivery-Disappointed,lavras
-23.614087253678797,-46.68886585673923,Delivery-Disappointed,sao paulo
-23.39737530272017,-46.32366924271452,Delivery-Disappointed,aruja
-23.588259129335228,-46.529960257213354,Delivery-Disappointed,sao paulo
-23.43411781571351,-47.477925945825476,Delivery-Disappointed,sorocaba
-23.662919002481495,-46.862358983927656,Delivery-Disappointed,embu das artes
-23.408533299194993,-46.40339203673558,Delivery-Disappointed,guarulhos
-20.830716649407474,-49.36984420928264,Delivery-Disappointed,sao jose do rio preto
-22.952838782676466,-43.18857414986445,Delivery-Disappointed,rio de janeiro
-7.527555755400502,-46.03981584232008,Delivery-Disappointed,balsas
-21.153277691761648,-42.2134701152184,Delivery-Disappointed,patrocinio do muriae
-29.798817987276074,-50.04632222783558,Delivery-Disappointed,xangri-la
-18.905318813124666,-45.53284671971072,Delivery-Disappointed,paineiras
-23.622445378063674,-45.414172959679576,Delivery-Disappointed,caraguatatuba
-8.094869099082477,-34.925036060505505,Delivery-Disappointed,recife
-12.239507273385636,-38.95885389800332,Delivery-Disappointed,feira de santana
-23.622445378063674,-45.414172959679576,Delivery-Disappointed,caraguatatuba
-6.17429871402098,-47.362916121253264,Delivery-Disappointed,campestre do maranhao
-22.900391576043084,-43.201487564184305,Delivery-Disappointed,rio de janeiro
-22.73427587011464,-47.17599378518663,Delivery-Disappointed,paulinia
-23.624298054632632,-46.75525539543194,Delivery-Disappointed,sao paulo
-20.841396908061235,-41.12829858045156,Delivery-Disappointed,cachoeiro de itapemirim
-27.102098999999946,-48.62961349999995,Delivery-Disappointed,itapema
-17.856647586374176,-41.49647697582231,Delivery-Disappointed,teofilo otoni
-3.817334999999946,-38.581264499999975,Delivery-Disappointed,fortaleza
-11.183265848517188,-40.514901956930586,Delivery-Disappointed,jacobina
-20.506541272527514,-54.59900067163183,Delivery-Disappointed,campo grande
-23.380466235646992,-46.71888069406702,Delivery-Disappointed,caieiras
-19.970868116609125,-43.93993252477061,Delivery-Disappointed,belo horizonte
-23.56336681736947,-46.58312135789717,Delivery-Disappointed,sao paulo
-22.657683643389685,-43.01211159415277,Delivery-Disappointed,guapimirim
-16.7224226128167,-43.86324095489327,Delivery-Disappointed,montes claros
-23.936323741149995,-46.287043774078114,Delivery-Disappointed,guaruja
-25.38745985141605,-49.2428856313153,Delivery-Disappointed,curitiba
-23.44238589286745,-46.52134273841536,Delivery-Disappointed,guarulhos
-23.45435884762537,-46.5850697356283,Delivery-Disappointed,sao paulo
-22.95073136280994,-43.26245802309719,Delivery-Disappointed,rio de janeiro
-20.13772517845811,-40.24581185221301,Delivery-Disappointed,serra
-13.37048320812459,-39.07149533785422,Delivery-Disappointed,valenca
-30.12524031224045,-51.2084636790928,Delivery-Disappointed,porto alegre
-8.802065344725001,-63.86504975308944,Delivery-Disappointed,porto velho
-15.434039999999982,-47.60473273399998,Delivery-Disappointed,planaltina
-22.929697960571986,-43.1794021767896,Delivery-Disappointed,rio de janeiro
-30.0046847216227,-51.19766065849146,Delivery-Disappointed,porto alegre
-22.986114974864595,-43.4561553524591,Delivery-Disappointed,rio de janeiro
-22.91553294448616,-43.40164068762021,Delivery-Disappointed,rio de janeiro
-23.009930028840333,-44.220785112148,Delivery-Disappointed,angra dos reis
-23.24888349202907,-46.85337269854963,Delivery-Disappointed,jundiai
-14.81960123333446,-39.0299974843736,Delivery-Disappointed,ilheus
-21.788259192047157,-46.565584849600626,Delivery-Disappointed,pocos de caldas
-23.55418973798109,-46.18472669082058,Delivery-Disappointed,mogi das cruzes
-12.935879296109205,-38.4265224753899,Delivery-Disappointed,salvador
-23.73053443491416,-46.4797563463713,Delivery-Disappointed,santo andre
-23.493443455576134,-46.89561914855275,Delivery-Disappointed,barueri
-23.51400362587798,-46.19054482764663,Delivery-Disappointed,mogi das cruzes
-21.930852048164894,-50.49756182976886,Delivery-Disappointed,tupa
-22.93904555398464,-47.0948806120887,Delivery-Disappointed,campinas
-23.457830647238737,-46.628224381210686,Delivery-Disappointed,sao paulo
-22.854723183291437,-47.21420001345367,Delivery-Disappointed,hortolandia
-23.326012188490914,-45.99523953262444,Delivery-Disappointed,jacarei
-20.6464540645097,-50.36200134562216,Delivery-Disappointed,general salgado
-22.989315173013143,-43.353636132658394,Delivery-Disappointed,rio de janeiro
-23.5254432897456,-46.73008485760868,Delivery-Disappointed,sao paulo
-22.486701530671105,-44.078220114634384,Delivery-Disappointed,volta redonda
-30.01617894816147,-51.18053316584905,Delivery-Disappointed,porto alegre
-23.66708614601108,-46.4086238574788,Delivery-Disappointed,maua
-23.484229918795755,-51.79720835040352,Delivery-Disappointed,marialva
-20.355711075892653,-40.31707036577813,Delivery-Disappointed,vila velha
-30.03751350691113,-51.12425125089785,Delivery-Disappointed,porto alegre
-29.653317353363366,-51.10791959634732,Delivery-Disappointed,novo hamburgo
-23.409669929192624,-46.7643433148768,Delivery-Disappointed,sao paulo
-22.936854813491813,-43.35996102505908,Delivery-Disappointed,rio de janeiro
-21.30522569193254,-46.71333059214322,Delivery-Disappointed,guaxupe
-15.460159929300918,-55.74582963846584,Delivery-Disappointed,chapada dos guimaraes
-23.66984032584106,-46.71843917124474,Delivery-Disappointed,sao paulo
-22.73044114996501,-47.354885826951914,Delivery-Disappointed,americana
-22.964435507357585,-46.53509019666396,Delivery-Disappointed,braganca paulista
-20.374072683597397,-40.30532998337161,Delivery-Disappointed,vila velha
-20.29948099526813,-40.295279312809534,Delivery-Disappointed,vitoria
-22.790631827247477,-43.37444566358498,Delivery-Disappointed,sao joao de meriti
-20.084496634250105,-51.10230003473335,Delivery-Disappointed,aparecida do taboado
-25.426558207363374,-49.255262581101135,Delivery-Disappointed,curitiba
-8.022993962874759,-34.890060871836326,Delivery-Disappointed,recife
-27.172563180968265,-51.50738060224988,Delivery-Disappointed,joacaba
-8.26931719900166,-35.965222021726525,Delivery-Disappointed,caruaru
-23.651999672624683,-46.57099474225144,Delivery-Disappointed,sao bernardo do campo
-22.930412639848665,-43.34703978193807,Delivery-Disappointed,rio de janeiro
-19.949859439638715,-43.91824374730215,Delivery-Disappointed,belo horizonte
-23.489732949812062,-46.82428434360047,Delivery-Disappointed,barueri
-7.93032405096133,-34.82727381159418,Delivery-Disappointed,paulista
-22.902127847625383,-43.12463807063305,Delivery-Disappointed,niteroi
-1.4371287096488243,-48.48804837806534,Delivery-Disappointed,belem
-22.89427492911236,-43.120283203407965,Delivery-Disappointed,niteroi
-22.84035585906651,-43.07534648430111,Delivery-Disappointed,sao goncalo
-22.74877454287613,-47.64585185068378,Delivery-Disappointed,piracicaba
-20.346147192439734,-41.64174562247486,Delivery-Disappointed,irupi
-23.56127544240869,-46.461969257046256,Delivery-Disappointed,sao paulo
-23.69466988144348,-46.56802727934391,Delivery-Disappointed,sao bernardo do campo
-7.949348978660713,-35.384399423856394,Delivery-Disappointed,feira nova
-22.744428049070716,-50.79124083706301,Delivery-Disappointed,cruzalia
-5.746327419218772,-35.247635973873784,Delivery-Disappointed,natal
-23.64826956300134,-46.59230143373823,Delivery-Disappointed,sao paulo
-23.305468250966484,-46.744443382962984,Delivery-Disappointed,franco da rocha
-22.995588514515767,-51.19399580359819,Delivery-Disappointed,bela vista do paraiso
-24.00854267253503,-46.27294241879315,Delivery-Disappointed,guaruja
-23.60655887427145,-46.65669808902704,Delivery-Disappointed,sao paulo
-23.303917080239927,-51.39319789447927,Delivery-Disappointed,rolandia
-26.939899204476248,-48.64104924040381,Delivery-Disappointed,itajai
-19.813069492842576,-43.1739175118738,Delivery-Disappointed,joao monlevade
-23.51572635804139,-46.80061461626018,Delivery-Disappointed,osasco
-20.75533341719481,-42.88055185516512,Delivery-Disappointed,vicosa
-7.388569913753139,-37.50862399352359,Delivery-Disappointed,imaculada
-22.180398575592847,-49.95672899994832,Delivery-Disappointed,marilia
-29.378080970566504,-50.874708555254045,Delivery-Disappointed,gramado
-21.980138642875495,-44.93186888145688,Delivery-Disappointed,caxambu
-18.50630959335238,-54.74901121680464,Delivery-Disappointed,coxim
-21.95333984351455,-48.00318898286364,Delivery-Disappointed,ibate
-20.25624491956578,-42.03398861864435,Delivery-Disappointed,manhuacu
-7.100734947620587,-49.941471308252815,Delivery-Disappointed,xinguara
-24.31756440639886,-50.658050651901604,Delivery-Disappointed,telemaco borba
-23.49341021371684,-46.74070280835593,Delivery-Disappointed,sao paulo
-23.487407382451423,-46.62658904856028,Delivery-Disappointed,sao paulo
-19.85416653595123,-43.90542755508116,Delivery-Disappointed,belo horizonte
-23.55971076646229,-46.830354546046344,Delivery-Disappointed,carapicuiba
-23.828551543712848,-46.72473041756596,Delivery-Disappointed,sao paulo
-23.552163597005,-46.53647763711117,Delivery-Disappointed,sao paulo
-27.642501237607874,-48.68054933753507,Delivery-Disappointed,palhoca
-23.500329925341898,-46.654473121847744,Delivery-Disappointed,sao paulo
-23.5688472717122,-46.63517002345775,Delivery-Disappointed,sao paulo
-20.65214953834196,-40.48711983206925,Delivery-Disappointed,guarapari
-23.461525152374612,-46.5991642157702,Delivery-Disappointed,sao paulo
-22.73476684604374,-43.463815803301664,Delivery-Disappointed,nova iguacu
-23.621855280598997,-46.63756199125743,Delivery-Disappointed,sao paulo
-25.39156863558196,-49.21801353038264,Delivery-Disappointed,curitiba
-22.429032871382073,-42.96564152283907,Delivery-Disappointed,teresopolis
-22.899227469328885,-47.06648780502337,Delivery-Disappointed,campinas
-22.244021759247783,-43.704838079140345,Delivery-Disappointed,valenca
-12.257739451595253,-38.94567159048412,Delivery-Disappointed,feira de santana
-26.079695103182665,-53.052996266304255,Delivery-Disappointed,francisco beltrao
-19.59431840486175,-46.937175010327024,Delivery-Disappointed,araxa
-23.621855280598997,-46.63756199125743,Delivery-Disappointed,sao paulo
-21.97746515914264,-44.60518876916846,Delivery-Disappointed,aiuruoca
-20.8388020017212,-41.11606305970439,Delivery-Disappointed,cachoeiro de itapemirim
-31.307007897930358,-54.11136802600594,Delivery-Disappointed,bage
-23.45985063405276,-46.691648243060754,Delivery-Disappointed,sao paulo
-22.85306662724342,-43.32818704218364,Delivery-Disappointed,rio de janeiro
-3.743404753534559,-38.484067201709045,Delivery-Disappointed,fortaleza
-21.79221005394261,-46.55160722559255,Delivery-Disappointed,pocos de caldas
-22.058911361250384,-45.04391916735559,Delivery-Disappointed,soledade de minas
-23.014294742166268,-43.46413167283893,Delivery-Disappointed,rio de janeiro
-22.384074377158047,-41.78916,Delivery-Disappointed,macae
-22.954400999999997,-42.7030965,Delivery-Disappointed,marica
-23.004214031623405,-43.335593643632045,Delivery-Disappointed,rio de janeiro
-26.913134249178224,-49.113291279762265,Delivery-Disappointed,blumenau
-22.944469945322865,-43.184902217179285,Delivery-Disappointed,rio de janeiro
-15.800385768633804,-47.860526542200006,Delivery-Disappointed,brasilia
-23.303771025535223,-51.15444244463038,Delivery-Disappointed,londrina
-20.102547557468114,-50.589259866783756,Delivery-Disappointed,paranapua
-23.63260424617697,-46.76020040743839,Delivery-Disappointed,sao paulo
-23.49990347876395,-46.555141484044064,Delivery-Disappointed,guarulhos
-3.760222853815912,-38.581155,Delivery-Disappointed,fortaleza
-22.942726521524516,-43.33383599333488,Delivery-Disappointed,rio de janeiro
-22.47731022416761,-44.486294555654446,Delivery-Disappointed,resende
-22.970894018595992,-43.38784233625709,Delivery-Disappointed,rio de janeiro
-8.040409737704579,-50.02759606162253,Delivery-Disappointed,redencao
-23.46806613442632,-46.66436133472787,Delivery-Disappointed,sao paulo
-21.750000684430717,-43.36544222745106,Delivery-Disappointed,juiz de fora
-20.122721945022985,-42.00260571340163,Delivery-Disappointed,simonesia
-28.71452758648514,-49.30006950142965,Delivery-Disappointed,icara
-19.965074323330903,-43.94845903260437,Delivery-Disappointed,belo horizonte
-22.870421822638413,-43.34239072828781,Delivery-Disappointed,rio de janeiro
-19.52847532881349,-50.332975776383975,Delivery-Disappointed,uniao de minas
-21.788259192047157,-46.565584849600626,Delivery-Disappointed,pocos de caldas
-23.56127544240869,-46.461969257046256,Delivery-Disappointed,sao paulo
-21.134712204873303,-51.10328439406817,Delivery-Disappointed,mirandopolis
-21.44738387140962,-48.78723000008623,Delivery-Disappointed,tapinas
-23.539113681372296,-46.65672261893353,Delivery-Disappointed,sao paulo
-23.520905455450425,-46.64840659893825,Delivery-Disappointed,sao paulo
-22.429032871382073,-42.96564152283907,Delivery-Disappointed,teresopolis
-3.7380498165359057,-38.50256787140024,Delivery-Disappointed,fortaleza
-19.93697065093891,-43.97550849990613,Delivery-Disappointed,belo horizonte
-1.4537426852674302,-48.4881708871833,Delivery-Disappointed,belem
-23.607465820705173,-46.627407547665776,Delivery-Disappointed,sao paulo
-23.184481107132555,-45.87242012963361,Delivery-Disappointed,sao jose dos campos
-22.918818206215025,-47.06784794206877,Delivery-Disappointed,campinas
-22.904265865398976,-43.092822227384744,Delivery-Disappointed,niteroi
-15.744647757488249,-47.844486233664924,Delivery-Disappointed,brasilia
-12.895648343883833,-38.4066190446397,Delivery-Disappointed,salvador
-22.765958186946445,-43.30091284083267,Delivery-Disappointed,duque de caxias
-22.929697960571986,-43.1794021767896,Delivery-Disappointed,rio de janeiro
-23.539675631138568,-46.44437114131387,Delivery-Disappointed,sao paulo
-4.56866309967997,-45.130023257952075,Delivery-Disappointed,lago da pedra
-23.635116922557604,-46.60340351304175,Delivery-Disappointed,sao paulo
-22.90316625284208,-43.10713068500763,Delivery-Disappointed,niteroi
-22.900391576043084,-43.201487564184305,Delivery-Disappointed,rio de janeiro
-23.495491646811058,-46.84718581311382,Delivery-Disappointed,barueri
-29.695721979437103,-51.08809240058922,Delivery-Disappointed,novo hamburgo
-22.91553294448616,-43.40164068762021,Delivery-Disappointed,rio de janeiro
-22.724877662083816,-47.63063961609147,Delivery-Disappointed,piracicaba
-18.775628590786063,-46.404673198193166,Delivery-Disappointed,lagoa formosa
-23.490901631077055,-48.41292747503777,Delivery-Disappointed,angatuba
-23.495491646811058,-46.84718581311382,Delivery-Disappointed,barueri
-22.857339448382557,-43.450556722547546,Delivery-Disappointed,rio de janeiro
-12.922178482091322,-38.48485317683839,Delivery-Disappointed,salvador
-1.447242809963,-48.475744038952335,Delivery-Disappointed,belem
-23.44306691199995,-46.70817499999998,Delivery-Disappointed,sao paulo
-8.02806040161002,-34.91745726437687,Delivery-Disappointed,recife
-13.547470661810129,-42.49137725518767,Delivery-Disappointed,tanque novo
-23.666086341104503,-46.62287659752253,Delivery-Disappointed,diadema
-26.993432999999943,-48.634162435885465,Delivery-Disappointed,balneario camboriu
-12.930095509839576,-38.32233990394908,Delivery-Disappointed,salvador
-22.03119383458363,-47.86830633888281,Delivery-Disappointed,sao carlos
-22.74140941377228,-43.43639674575954,Delivery-Disappointed,nova iguacu
-23.288409,-45.9482753708068,Delivery-Disappointed,jacarei
-23.665189306134224,-46.64675307077729,Delivery-Disappointed,sao paulo
-22.79876631231492,-47.27661521463852,Delivery-Disappointed,sumare
-23.503488109614054,-46.7987711273679,Delivery-Disappointed,osasco
-24.010703002741373,-46.4061962395147,Delivery-Disappointed,praia grande
-23.742768794597843,-50.07329715482693,Delivery-Disappointed,jaboti
-15.707155214290086,-47.87971172450595,Delivery-Disappointed,brasilia
-23.621855280598997,-46.63756199125743,Delivery-Disappointed,sao paulo
-17.894154385113055,-51.71690793425291,Delivery-Disappointed,jatai
-11.311097874853967,-38.2195815703801,Delivery-Disappointed,itapicuru
-22.854723183291437,-47.21420001345367,Delivery-Disappointed,hortolandia
-23.96402867998731,-46.33334224132954,Delivery-Disappointed,santos
-27.567702497641726,-51.66817612776451,Delivery-Disappointed,machadinho
-23.344583859245787,-47.83886510955397,Delivery-Disappointed,tatui
-23.72550622875052,-51.09497300353909,Delivery-Disappointed,tamarana
-20.372226339202083,-40.35190781438413,Delivery-Disappointed,vila velha
-22.568376530773754,-47.40402037330482,Delivery-Disappointed,limeira
-23.85049216254596,-52.13206838053973,Delivery-Disappointed,quinta do sol
-23.194530383237616,-46.896837001804485,Delivery-Disappointed,jundiai
-27.6076755,-48.6284080724718,Delivery-Disappointed,sao jose
-16.654740469753456,-49.2418742018663,Delivery-Disappointed,goiania
-12.928757387689242,-38.47866042173931,Delivery-Disappointed,salvador
-14.221024617359033,-42.78006679256768,Delivery-Disappointed,guanambi
-27.54240866084872,-48.49699966851308,Delivery-Disappointed,florianopolis
-19.965074323330903,-43.94845903260437,Delivery-Disappointed,belo horizonte
-20.32268528922671,-40.3684942085218,Delivery-Disappointed,cariacica
-19.969855614833065,-44.058136801775525,Delivery-Disappointed,contagem
-20.342303120409042,-40.31782909945051,Delivery-Disappointed,vila velha
-23.44238589286745,-46.52134273841536,Delivery-Disappointed,guarulhos
-27.57564786475967,-48.61838774369793,Delivery-Disappointed,sao jose
-26.960052049878996,-52.532143448351306,Delivery-Disappointed,xaxim
-9.558889124775323,-35.74205182455361,Delivery-Disappointed,maceio
-14.722475403666715,-49.46867447830396,Delivery-Disappointed,hidrolina
-21.24481728187358,-44.99836509644241,Delivery-Disappointed,lavras
-9.854084647788792,-57.81509002149938,Delivery-Disappointed,nova bandeirantes
-22.93003541243005,-43.38943773232147,Delivery-Disappointed,rio de janeiro
-22.966596492368282,-43.20281028934156,Delivery-Disappointed,rio de janeiro
-1.51493676095094,-48.68840034785219,Delivery-Disappointed,vila dos cabanos
-22.71104562596596,-42.62882877464098,Delivery-Disappointed,rio bonito
-23.568397334439407,-46.594926047319525,Delivery-Disappointed,sao paulo
-23.50416851075128,-46.63768728561726,Delivery-Disappointed,sao paulo
-21.639537448348893,-41.04520349605082,Delivery-Disappointed,sao joao da barra
-29.91899618372389,-51.1721259461596,Delivery-Disappointed,canoas
-20.342467507877814,-40.28566821952616,Delivery-Disappointed,vila velha
-22.220810209919584,-45.93772077701226,Delivery-Disappointed,pouso alegre
-22.798268366640382,-43.43580916515536,Delivery-Disappointed,mesquita
-22.17391626518188,-47.37319643532263,Delivery-Disappointed,leme
-22.949477453257384,-43.18835583888282,Delivery-Disappointed,rio de janeiro
-21.6736142894858,-49.75706520613485,Delivery-Disappointed,lins
-19.828030626317943,-44.14888971317962,Delivery-Disappointed,contagem
-13.018238266412734,-42.6940706350244,Delivery-Disappointed,macaubas
-23.72156783666111,-46.70149392630851,Delivery-Disappointed,sao paulo
-16.72520277999915,-49.30891141704376,Delivery-Disappointed,goiania
-23.447220663887148,-46.42751660713256,Delivery-Disappointed,guarulhos
-21.22534076272983,-43.78829897971849,Delivery-Disappointed,barbacena
-19.94533999999993,-44.07025999999996,Delivery-Disappointed,contagem
-19.924151122684457,-43.91153207369148,Delivery-Disappointed,belo horizonte
-15.836459230091172,-48.03186831726771,Delivery-Disappointed,brasilia
-24.7467375,-53.744215962422096,Delivery-Disappointed,toledo
-22.235298273207825,-42.52693193710513,Delivery-Disappointed,nova friburgo
-23.50869652534535,-46.77773503719197,Delivery-Disappointed,osasco
-18.7163500278183,-39.84072270030395,Delivery-Disappointed,sao mateus
-22.76754255221889,-43.33476876031602,Delivery-Disappointed,sao joao de meriti
-23.20414980599,-45.89810482431184,Delivery-Disappointed,sao jose dos campos
-30.00094299144014,-51.09498079754235,Delivery-Disappointed,porto alegre
-23.558442894252423,-46.58179773723239,Delivery-Disappointed,sao paulo
-22.973308930896152,-47.14153015652956,Delivery-Disappointed,campinas
-19.95254268289243,-44.196132792948255,Delivery-Disappointed,betim
-29.68936286071428,-53.79863663587218,Delivery-Disappointed,santa maria
-23.561483773241413,-46.636216077298165,Delivery-Disappointed,sao paulo
-31.86608498471726,-52.82025455568206,Delivery-Disappointed,pedro osorio
-6.834647838584811,-40.61414067539283,Delivery-Disappointed,pio ix
-27.181012887997156,-51.238494535530236,Delivery-Disappointed,ibiam
-23.59450732944775,-46.44266175,Delivery-Disappointed,sao paulo
-19.947433295314173,-43.928925768249734,Delivery-Disappointed,belo horizonte
-23.46154956480468,-46.5737805,Delivery-Disappointed,sao paulo
-17.303533209194768,-49.02400798975774,Delivery-Disappointed,piracanjuba
-12.709261092944883,-38.3339228755306,Delivery-Disappointed,camacari
-9.44417238670357,-40.49744995500017,Delivery-Disappointed,juazeiro
-23.597860271150555,-46.59939648144286,Delivery-Disappointed,sao paulo
-30.040957613105167,-51.21296971002372,Delivery-Disappointed,porto alegre
-23.624298054632632,-46.75525539543194,Delivery-Disappointed,sao paulo
-22.83551716869791,-43.04669490118197,Delivery-Disappointed,sao goncalo
-23.005376376350846,-45.53011503621718,Delivery-Disappointed,taubate
-23.285339138631286,-47.67122744308,Delivery-Disappointed,boituva
-23.57455677047144,-46.53041401027178,Delivery-Disappointed,sao paulo
-23.700391716675306,-46.642831758122206,Delivery-Disappointed,sao paulo
-30.152503954065445,-51.16403367078965,Delivery-Disappointed,porto alegre
-22.854677050233725,-47.05197199708997,Delivery-Disappointed,campinas
-14.795859393132988,-39.04242862225496,Delivery-Disappointed,ilheus
-22.70974784549507,-43.431107235865014,Delivery-Disappointed,nova iguacu
-22.90593033308642,-42.82524461037062,Delivery-Disappointed,marica
-22.213608516792643,-49.94562551936614,Delivery-Disappointed,marilia
-22.83822538544649,-45.25748753892743,Delivery-Disappointed,potim
-22.94059037430897,-43.04215998964872,Delivery-Disappointed,niteroi
-17.948202250105723,-43.22230759844948,Delivery-Disappointed,senador modestino goncalves
-24.49815873105776,-47.844494347330354,Delivery-Disappointed,registro
-17.466189239170824,-48.20129954319144,Delivery-Disappointed,urutai
-13.611989386333562,-42.936426666508886,Delivery-Disappointed,riacho de santana
-23.51763116858942,-46.45973057216227,Delivery-Disappointed,sao paulo
-26.12368768391795,-49.81014356799168,Delivery-Disappointed,mafra
-22.479949433793422,-44.496513711117885,Delivery-Disappointed,resende
-23.482367418128536,-46.57742509942871,Delivery-Disappointed,sao paulo
-29.985270086206647,-51.17026766166545,Delivery-Disappointed,porto alegre
-23.46681894869581,-46.32457947955707,Delivery-Disappointed,itaquaquecetuba
-23.76597955110936,-46.68494030682672,Delivery-Disappointed,sao paulo
-3.724150124070441,-38.5845527149576,Delivery-Disappointed,fortaleza
-20.133631952864427,-44.90227328320033,Delivery-Disappointed,divinopolis
-9.622801998508574,-35.7338768837065,Delivery-Disappointed,maceio
-17.88896510994165,-39.86087419947462,Delivery-Disappointed,posto da mata
-9.62121601918146,-42.0814737989833,Delivery-Disappointed,remanso
-21.17211054727285,-50.43933637381284,Delivery-Disappointed,aracatuba
-25.439692437272786,-49.24536632027295,Delivery-Disappointed,curitiba
-16.34664795056472,-48.97267244342935,Delivery-Disappointed,anapolis
-23.54549460399061,-46.650239412718506,Delivery-Disappointed,sao paulo
-23.623520499999927,-46.55251599347911,Delivery-Disappointed,sao caetano do sul
-22.944469945322865,-43.184902217179285,Delivery-Disappointed,rio de janeiro
-23.523153631975287,-46.44540787343005,Delivery-Disappointed,sao paulo
-20.526007983763435,-54.64359506344686,Delivery-Disappointed,campo grande
-23.966109471002326,-46.342983916995166,Delivery-Disappointed,santos
-23.70287807120749,-46.54433616866869,Delivery-Disappointed,sao bernardo do campo
-23.554169413266777,-46.75076613405276,Delivery-Disappointed,sao paulo
-4.335655108467395,-40.154361613749,Delivery-Disappointed,santa quiteria
-5.923155875813779,-35.26385796054462,Delivery-Disappointed,parnamirim
-23.50050326686477,-47.458412293297805,Delivery-Disappointed,sorocaba
-22.81631846264643,-43.41628252879276,Delivery-Disappointed,nilopolis
-23.730506151537902,-46.70931505433089,Delivery-Disappointed,sao paulo
-14.502808163722989,-42.2230049974494,Delivery-Disappointed,cacule
-7.577572307881221,-40.499682877266494,Delivery-Disappointed,araripina
-23.54074586081134,-46.58980981959431,Delivery-Disappointed,sao paulo
-15.817454799245827,-47.975691694745386,Delivery-Disappointed,brasilia
-22.41694377901853,-42.954295047593696,Delivery-Disappointed,teresopolis
-21.53928413381573,-42.18554742179934,Delivery-Disappointed,santo antonio de padua
-23.498521523169288,-46.47751057507645,Delivery-Disappointed,sao paulo
-23.55388199999999,-46.73898133510208,Delivery-Disappointed,sao paulo
-29.712761767988173,-51.13725244097219,Delivery-Disappointed,novo hamburgo
-23.327918101612504,-51.12129684391729,Delivery-Disappointed,londrina
-25.374951073547244,-49.24536561379767,Delivery-Disappointed,curitiba
-23.45061806466045,-46.746333427073125,Delivery-Disappointed,sao paulo
-22.45758920311521,-43.82269097214918,Delivery-Disappointed,barra do pirai
-23.989508054166837,-48.89151916769815,Delivery-Disappointed,itapeva
-22.51250861856975,-43.20811034784774,Delivery-Disappointed,petropolis
-7.204022776059269,-48.2344618852394,Delivery-Disappointed,araguaina
-10.686135392421832,-37.42703415844027,Delivery-Disappointed,itabaiana
-23.55844997607096,-47.45236003762467,Delivery-Disappointed,votorantim
-22.882273547225886,-48.44976202553522,Delivery-Disappointed,botucatu
-23.462343241185316,-46.42965720302671,Delivery-Disappointed,guarulhos
-22.38402218078369,-46.9362356656652,Delivery-Disappointed,mogi-guacu
-23.62198951485941,-46.57435280682671,Delivery-Disappointed,sao caetano do sul
-22.895956030798377,-47.148743284205665,Delivery-Disappointed,campinas
-15.885445648123213,-40.56249153801357,Delivery-Disappointed,bandeira
-23.52773504312137,-46.73898242102839,Delivery-Disappointed,sao paulo
-23.50623958312654,-47.44285134540369,Delivery-Disappointed,sorocaba
-23.598548864273795,-46.63081318013155,Delivery-Disappointed,sao paulo
-31.76041571246177,-52.36808433012343,Delivery-Disappointed,pelotas
-23.970390465433734,-46.32234564570951,Delivery-Disappointed,santos
-23.51654616980736,-46.78643239791725,Delivery-Disappointed,osasco
-22.92956749083907,-43.17681133722368,Delivery-Disappointed,rio de janeiro
-22.83611170529941,-43.36349438330684,Delivery-Disappointed,rio de janeiro
-23.73053443491416,-46.4797563463713,Delivery-Disappointed,santo andre
-23.47004139439665,-46.53770237066476,Delivery-Disappointed,guarulhos
-2.4934580895131826,-44.30200938949155,Delivery-Disappointed,sao luis
-22.27253137206716,-42.530445786607345,Delivery-Disappointed,nova friburgo
-20.374072683597397,-40.30532998337161,Delivery-Disappointed,vila velha
-2.5582818720497507,-44.328761177881624,Delivery-Disappointed,sao luis
-23.60144496725141,-46.64423205467713,Delivery-Disappointed,sao paulo
-23.675315595636327,-46.51511591603398,Delivery-Disappointed,santo andre
-8.07095258895492,-34.919546699694166,Delivery-Disappointed,recife
-3.8041201362913,-38.54100552193344,Delivery-Disappointed,fortaleza
-12.138391210327258,-38.40371572521295,Delivery-Disappointed,alagoinhas
-22.762075117952588,-47.6279050700848,Delivery-Disappointed,piracicaba
-12.941478138735206,-38.418884550222366,Delivery-Disappointed,salvador
-12.28250767055225,-38.95679300346244,Delivery-Disappointed,feira de santana
-2.4321998178687783,-54.7057758458764,Delivery-Disappointed,santarem
-12.964843391404514,-38.49575313374533,Delivery-Disappointed,salvador
-15.7930968994929,-47.851615655761144,Delivery-Disappointed,brasilia
-10.93319896004708,-37.07818451730451,Delivery-Disappointed,aracaju
-22.7955471677385,-43.04510789999706,Delivery-Disappointed,sao goncalo
-23.429413786427382,-46.49734932542269,Delivery-Disappointed,guarulhos
-30.041284403407214,-52.89459261133067,Delivery-Disappointed,cachoeira do sul
-23.53455394976627,-46.68213637745976,Delivery-Disappointed,sao paulo
-22.841379471002327,-43.34974953748045,Delivery-Disappointed,rio de janeiro
-23.685123122396,-46.66316801345588,Delivery-Disappointed,sao paulo
-30.15451740241829,-51.14384801708465,Delivery-Disappointed,porto alegre
-22.85937941003356,-47.03799906805251,Delivery-Disappointed,campinas
-2.9263847593963104,-41.74675521195426,Delivery-Disappointed,parnaiba
-9.470911017288213,-40.8145352415303,Delivery-Disappointed,sobradinho
-12.971064660603252,-38.45844127604025,Delivery-Disappointed,salvador
-23.563945348181996,-46.80352080156092,Delivery-Disappointed,osasco
-26.25324341368514,-48.870226656659455,Delivery-Disappointed,joinville
-30.89531383445511,-55.525986,Delivery-Disappointed,santana do livramento
-22.91345759457133,-43.18797113336026,Delivery-Disappointed,rio de janeiro
-19.940289517889173,-43.92000973218296,Delivery-Disappointed,belo horizonte
-23.75704475656176,-46.79799601332215,Delivery-Disappointed,itapecerica da serra
-23.502526126646,-46.30510116845953,Delivery-Disappointed,suzano
-12.902728514120477,-38.435936595701136,Delivery-Disappointed,salvador
-22.805538694185458,-43.052536741262514,Delivery-Disappointed,sao goncalo
-23.458648107132547,-46.49702587538229,Delivery-Disappointed,guarulhos
-7.105297405803405,-34.834205382971234,Delivery-Disappointed,joao pessoa
-23.41864995155353,-49.091858387234545,Delivery-Disappointed,itai
-23.561779395363267,-46.47581652435226,Delivery-Disappointed,sao paulo
-3.110843262840195,-59.98664053025275,Delivery-Disappointed,manaus
-23.462499563490965,-46.6982240969468,Delivery-Disappointed,sao paulo
-22.836436732168615,-43.2755566090658,Delivery-Disappointed,rio de janeiro
-3.733992639736902,-38.51041784067182,Delivery-Disappointed,fortaleza
-15.83249161554641,-48.107208189193145,Delivery-Disappointed,brasilia
-30.029218072162266,-51.20302983609852,Delivery-Disappointed,porto alegre
-22.93106051096427,-47.111613736896366,Delivery-Disappointed,campinas
-21.53928413381573,-42.18554742179934,Delivery-Disappointed,santo antonio de padua
-23.537673,-46.573621984996365,Delivery-Disappointed,sao paulo
-20.779805995386408,-51.72102717612991,Delivery-Disappointed,tres lagoas
-23.45571229502572,-46.74349258148175,Delivery-Disappointed,sao paulo
-23.558804654452096,-46.59227849125742,Delivery-Disappointed,sao paulo
-22.3026208662078,-42.53750424874144,Delivery-Disappointed,nova friburgo
-23.407707103460183,-46.75498198450671,Delivery-Disappointed,sao paulo
-23.468955108517527,-46.53135229961335,Delivery-Disappointed,guarulhos
-22.757902336413057,-43.45010743059806,Delivery-Disappointed,nova iguacu
-23.606386840958358,-46.7738625886593,Delivery-Disappointed,taboao da serra
-23.78392136967995,-53.071123085797396,Delivery-Disappointed,cruzeiro do oeste
-30.028312561746255,-51.18882961547109,Delivery-Disappointed,porto alegre
-22.98283043825374,-43.201593115182646,Delivery-Disappointed,rio de janeiro
-22.51925510713255,-44.09820118887412,Delivery-Disappointed,volta redonda
-20.65214953834196,-40.48711983206925,Delivery-Disappointed,guarapari
-30.0503090538404,-51.16913509686078,Delivery-Disappointed,porto alegre
-23.004214031623405,-43.335593643632045,Delivery-Disappointed,rio de janeiro
-25.514245230783636,-49.32256020635926,Delivery-Disappointed,curitiba
-22.891825634023764,-43.006206836798846,Delivery-Disappointed,sao goncalo
-23.477439993594697,-46.54168013488947,Delivery-Disappointed,guarulhos
-15.637005064446017,-56.059281,Delivery-Disappointed,cuiaba
-23.49990347876395,-46.555141484044064,Delivery-Disappointed,guarulhos
-18.464736112265264,-43.30578201301864,Delivery-Disappointed,santo antonio do itambe
-16.432305466129215,-39.07585856311037,Delivery-Disappointed,porto seguro
-29.97993039644497,-51.18803006826712,Delivery-Disappointed,porto alegre
-1.5080751406619344,-48.62332303710737,Delivery-Disappointed,barcarena
-22.93106051096427,-47.111613736896366,Delivery-Disappointed,campinas
-22.933631577298154,-43.37647022788376,Delivery-Disappointed,rio de janeiro
-22.43068953453729,-46.57343370165055,Delivery-Disappointed,monte siao
-22.80943323970382,-47.227060795124615,Delivery-Disappointed,sumare
-22.81631846264643,-43.41628252879276,Delivery-Disappointed,nilopolis
-19.4640919269876,-44.23060408513105,Delivery-Disappointed,sete lagoas
-12.947972582526088,-38.382984707888845,Delivery-Disappointed,salvador
-5.757263245628707,-35.27378257443265,Delivery-Disappointed,natal
-20.652909883740872,-42.85618390354581,Delivery-Disappointed,teixeiras
-23.70424725879059,-46.4149019638442,Delivery-Disappointed,ribeirao pires
-21.79221005394261,-46.55160722559255,Delivery-Disappointed,pocos de caldas
-23.128136528997672,-46.569352699001655,Delivery-Disappointed,atibaia
-23.631231677765612,-46.49590477892556,Delivery-Disappointed,santo andre
-22.722771491140016,-43.31595057306428,Delivery-Disappointed,duque de caxias
-17.53397528348465,-39.762021163126896,Delivery-Disappointed,teixeira de freitas
-20.554950968499107,-47.38769088301032,Delivery-Disappointed,franca
-23.69029792389557,-46.6296561291374,Delivery-Disappointed,diadema
-20.50506397453669,-43.85753462626693,Delivery-Disappointed,congonhas
-25.417200148075448,-49.25946949273192,Delivery-Disappointed,curitiba
-15.950671319544275,-48.25995668272027,Delivery-Disappointed,santo antonio do descoberto
-22.23017712851284,-49.93713569969415,Delivery-Disappointed,marilia
-22.739120738271115,-47.63636231303046,Delivery-Disappointed,piracicaba
-22.90831646404876,-43.23576095031454,Delivery-Disappointed,rio de janeiro
-21.196721882192616,-43.34142632600967,Delivery-Disappointed,merces
-29.816119908242342,-51.15409784385248,Delivery-Disappointed,sapucaia do sul
-9.422417089843092,-40.49391844178376,Delivery-Disappointed,juazeiro
-5.53677473880047,-40.77312791363684,Delivery-Disappointed,novo oriente
-16.432305466129215,-39.07585856311037,Delivery-Disappointed,porto seguro
-23.02995052330053,-46.97810387762745,Delivery-Disappointed,vinhedo
-23.594790614490144,-46.68693037996994,Delivery-Disappointed,sao paulo
-15.758680499999999,-47.89429649999998,Delivery-Disappointed,brasilia
-23.673253125436155,-46.693171073276545,Delivery-Disappointed,sao paulo
-22.972498753993328,-45.545758329101865,Delivery-Disappointed,tremembe
-15.838700947448492,-48.02769592134605,Delivery-Disappointed,brasilia
-20.33338221785608,-40.38928667361967,Delivery-Disappointed,cariacica
-2.499473226500051,-44.29157450865727,Delivery-Disappointed,sao luis
-22.78986752622771,-43.17266372299474,Delivery-Disappointed,rio de janeiro
-23.40452297668648,-46.46985943297361,Delivery-Disappointed,guarulhos
-20.50506397453669,-43.85753462626693,Delivery-Disappointed,congonhas
-23.463366129609355,-47.50333563273412,Delivery-Disappointed,sorocaba
-1.4364370877284982,-48.45454573829979,Delivery-Disappointed,belem
-22.717479756570565,-43.56533996657832,Delivery-Disappointed,queimados
-13.006053412708418,-38.52601136966548,Delivery-Disappointed,salvador
-22.882884889814065,-43.092692577414375,Delivery-Disappointed,niteroi
-5.2127355621118685,-37.33639639821699,Delivery-Disappointed,mossoro
-23.54774980834696,-46.293749082625176,Delivery-Disappointed,suzano
-8.076126732028449,-34.91923345191586,Delivery-Disappointed,recife
-22.947707634511172,-46.55237031183305,Delivery-Disappointed,braganca paulista
-16.67326356701475,-49.267386089090174,Delivery-Disappointed,goiania
-22.63246618910492,-43.282594438293096,Delivery-Disappointed,duque de caxias
-23.203641583674795,-46.87221486532687,Delivery-Disappointed,jundiai
-23.001664514859417,-43.40383953802869,Delivery-Disappointed,rio de janeiro
-25.517433436580305,-49.28176190230249,Delivery-Disappointed,curitiba
-22.80650556707883,-43.38992788128785,Delivery-Disappointed,sao joao de meriti
-12.985879358589644,-38.44004794489128,Delivery-Disappointed,salvador
-23.690008368916548,-46.63951536452151,Delivery-Disappointed,sao paulo
-22.404391322992577,-46.95654245889666,Delivery-Disappointed,mogi mirim
-29.764402389942823,-51.11963512462503,Delivery-Disappointed,sao leopoldo
-23.64848693357811,-46.75476013993051,Delivery-Disappointed,sao paulo
-22.52456377677273,-41.944338149018726,Delivery-Disappointed,rio das ostras
-23.53294108465575,-46.57803969415423,Delivery-Disappointed,sao paulo
-4.09794350655281,-38.49439088305181,Delivery-Disappointed,horizonte
-10.896723635105829,-37.061157355329215,Delivery-Disappointed,aracaju
-22.25165386074497,-45.93133905475374,Delivery-Disappointed,pouso alegre
-22.89427492911236,-43.120283203407965,Delivery-Disappointed,niteroi
-21.6007537006066,-46.89379332908108,Delivery-Disappointed,sao jose do rio pardo
-22.5256439231202,-44.09188985817128,Delivery-Disappointed,volta redonda
-1.3989051618096793,-48.45883297403209,Delivery-Disappointed,belem
-21.20309099954143,-41.89141172373199,Delivery-Disappointed,itaperuna
-23.502558665325736,-46.509970285590654,Delivery-Disappointed,sao paulo
-23.405748496249085,-46.741177203209745,Delivery-Disappointed,sao paulo
-26.270125529620692,-48.881667226504916,Delivery-Disappointed,joinville
-23.76203590017782,-53.310615182887176,Delivery-Disappointed,umuarama
-23.69470364807545,-46.51149665000868,Delivery-Disappointed,santo andre
-21.099126327322928,-42.1128504917877,Delivery-Disappointed,raposo
-19.89003978212821,-43.99905876090082,Delivery-Disappointed,belo horizonte
-23.523144766840574,-46.652821735882625,Delivery-Disappointed,sao paulo
-23.407744044131217,-46.74646314922289,Delivery-Disappointed,sao paulo
-22.743065331914934,-47.240476525463095,Delivery-Disappointed,americana
-23.562133920898496,-46.6873404672514,Delivery-Disappointed,sao paulo
-23.112642860537214,-48.906769795934565,Delivery-Disappointed,avare
-23.611509202750472,-46.737060562115914,Delivery-Disappointed,sao paulo
-14.85233724753589,-40.80917893318782,Delivery-Disappointed,vitoria da conquista
-18.85493044328778,-41.94674978137405,Delivery-Disappointed,governador valadares
-15.909253981577615,-48.07927526623968,Delivery-Disappointed,brasilia
-22.761630009255462,-43.48837584173781,Delivery-Disappointed,nova iguacu
-22.064943011172293,-42.0616031620151,Delivery-Disappointed,trajano de moraes
-28.67402344778196,-49.41820097800769,Delivery-Disappointed,criciuma
-27.23089263127628,-52.02505973585523,Delivery-Disappointed,concordia
-22.744053773559706,-47.33598674923539,Delivery-Disappointed,americana
-22.872718341104505,-43.364321140717855,Delivery-Disappointed,rio de janeiro
-22.434325092075227,-42.94566444829067,Delivery-Disappointed,teresopolis
-15.62718706037758,-56.108493,Delivery-Disappointed,varzea grande
-22.8961984228604,-43.35568746796124,Delivery-Disappointed,rio de janeiro
-22.91553294448616,-43.40164068762021,Delivery-Disappointed,rio de janeiro
-24.49815873105776,-47.844494347330354,Delivery-Disappointed,registro
-12.970364907969731,-38.43510051848935,Delivery-Disappointed,salvador
-25.417200148075448,-49.25946949273192,Delivery-Disappointed,curitiba
-23.468303755756267,-46.69248706287145,Delivery-Disappointed,sao paulo
-4.22407886661286,-38.72900319998132,Delivery-Disappointed,redencao
-23.541535066149105,-46.791925727306854,Delivery-Disappointed,osasco
-23.68017060727678,-46.78383016659933,Delivery-Disappointed,sao paulo
-22.916833051618703,-43.21798092630852,Delivery-Disappointed,rio de janeiro
-5.827789874834043,-35.258448887039066,Delivery-Disappointed,natal
-5.072907124328624,-37.98971452102495,Delivery-Disappointed,quixere
-18.16972792951116,-47.94635901554309,Delivery-Disappointed,catalao
-25.474916892317687,-49.336797947746575,Delivery-Disappointed,curitiba
-8.07073719677996,-34.910481835440734,Delivery-Disappointed,recife
-19.757774179294827,-47.9553386619712,Delivery-Disappointed,uberaba
-23.555053215650084,-46.70007390714994,Delivery-Disappointed,sao paulo
-23.5883388304928,-46.5434350588766,Delivery-Disappointed,sao paulo
-23.498521523169288,-46.47751057507645,Delivery-Disappointed,sao paulo
-22.878954819636174,-42.0455369232882,Delivery-Disappointed,cabo frio
-22.91731807201573,-43.09368761944342,Delivery-Disappointed,niteroi
-23.48629275437128,-46.68562474187781,Delivery-Disappointed,sao paulo
-22.937430121847743,-43.176862902706524,Delivery-Disappointed,rio de janeiro
-20.350012208028105,-40.31346088666388,Delivery-Disappointed,vila velha
-29.678056953442304,-51.16805200147148,Delivery-Disappointed,novo hamburgo
-23.60722199278664,-46.62252191756594,Delivery-Disappointed,sao paulo
-22.975945515326355,-47.00158571500767,Delivery-Disappointed,valinhos
-9.572681357752924,-35.75675323327945,Delivery-Disappointed,maceio
-23.53616136554321,-46.79602109908249,Delivery-Disappointed,osasco
-23.44916478934157,-46.697911271163946,Delivery-Disappointed,sao paulo
-23.045277711760125,-45.56728822924508,Delivery-Disappointed,taubate
-21.99947503040822,-45.289106008204556,Delivery-Disappointed,jesuania
-19.92141447295124,-48.38030863587498,Delivery-Disappointed,conceicao das alagoas
-19.27834170545684,-44.401119032029975,Delivery-Disappointed,paraopeba
-12.434282677826095,-64.22742616074173,Delivery-Disappointed,costa marques
-8.088127951791035,-37.64288462782425,Delivery-Disappointed,custodia
-21.423853469687288,-41.69236535136055,Delivery-Disappointed,italva
-19.327463311559647,-41.25526233112589,Delivery-Disappointed,resplendor
-30.03751350691113,-51.12425125089785,Delivery-Disappointed,porto alegre
-30.064880314472763,-51.19980565139368,Delivery-Disappointed,porto alegre
-22.91646327615559,-48.44106975950717,Delivery-Disappointed,botucatu
-22.927911349702853,-43.23215035152053,Delivery-Disappointed,rio de janeiro
-15.657852426977136,-47.79668919191656,Delivery-Disappointed,brasilia
-23.64481685899368,-46.818652038770416,Delivery-Disappointed,embu das artes
-21.76280635059824,-43.36788430162771,Delivery-Disappointed,juiz de fora
-22.90278195312576,-43.70413147391652,Delivery-Disappointed,rio de janeiro
-22.338693000000003,-41.75556508869113,Delivery-Disappointed,macae
-23.48274256396796,-46.58282651775706,Delivery-Disappointed,sao paulo
-22.910488104074133,-43.173895076317216,Delivery-Disappointed,rio de janeiro
-23.65164196433722,-46.547978134807394,Delivery-Disappointed,santo andre
-23.001664514859417,-43.40383953802869,Delivery-Disappointed,rio de janeiro
-21.186562152921418,-50.42808240966011,Delivery-Disappointed,aracatuba
-23.510126809523168,-46.39765173078363,Delivery-Disappointed,sao paulo
-12.974553365550312,-38.48086308090484,Delivery-Disappointed,salvador
-23.633804623795307,-46.81441735138564,Delivery-Disappointed,embu das artes
-29.717175968713285,-52.429568373086376,Delivery-Disappointed,santa cruz do sul
-22.518762169999945,-44.137018739656114,Delivery-Disappointed,volta redonda
-23.443602401610026,-46.46395618275726,Delivery-Disappointed,guarulhos
-23.68317870979484,-46.53611412753189,Delivery-Disappointed,santo andre
-22.902127847625383,-43.12463807063305,Delivery-Disappointed,niteroi
-30.030201334179605,-51.22766868774895,Delivery-Disappointed,porto alegre
-22.39543462993152,-41.79411967983021,Delivery-Disappointed,macae
-7.115501145241208,-34.85512308090483,Delivery-Disappointed,joao pessoa
-27.416469570556252,-49.60080132989587,Delivery-Disappointed,ituporanga
-22.91769260113128,-43.38826034580772,Delivery-Disappointed,rio de janeiro
-8.094869099082477,-34.925036060505505,Delivery-Disappointed,recife
-8.046528544676104,-50.04274789357639,Delivery-Disappointed,redencao
-23.388042258670453,-47.33979079961335,Delivery-Disappointed,itu
-22.38241876280867,-42.91870375959357,Delivery-Disappointed,teresopolis
-20.19270569926364,-40.233621188602434,Delivery-Disappointed,serra
-23.457830647238737,-46.628224381210686,Delivery-Disappointed,sao paulo
-22.27253137206716,-42.530445786607345,Delivery-Disappointed,nova friburgo
-22.543936930131803,-43.677489967413756,Delivery-Disappointed,engenheiro paulo de frontin
-19.78007620314895,-43.93874716795776,Delivery-Disappointed,santa luzia
-6.872599211060384,-36.91704041696582,Delivery-Disappointed,santa luzia
-22.882376409414437,-43.363361678169646,Delivery-Disappointed,rio de janeiro
-22.73427587011464,-47.17599378518663,Delivery-Disappointed,paulinia
-23.521000500000003,-46.577964184198095,Delivery-Disappointed,sao paulo
-22.82827005636834,-43.01210347482567,Delivery-Disappointed,sao goncalo
-25.362961044442496,-49.20445802984045,Delivery-Disappointed,colombo
-22.915108068555597,-43.56323432791364,Delivery-Disappointed,rio de janeiro
-26.90742211051977,-49.04255812377123,Delivery-Disappointed,blumenau
-15.8425529545935,-47.97575217531508,Delivery-Disappointed,brasilia
-5.066937415906329,-42.777032431265084,Delivery-Disappointed,teresina
-16.66970996604237,-49.26919372876465,Delivery-Disappointed,goiania
-22.84686276602804,-43.46566702345776,Delivery-Disappointed,rio de janeiro
-9.605774210658424,-35.72294270891233,Delivery-Disappointed,maceio
-23.62198951485941,-46.57435280682671,Delivery-Disappointed,sao caetano do sul
-28.69276904635584,-49.40525546667088,Delivery-Disappointed,criciuma
-22.869815753171125,-42.329823876168525,Delivery-Disappointed,araruama
-22.414948932952957,-49.817860633575876,Delivery-Disappointed,lupercio
-23.60964985168592,-46.66277207203489,Delivery-Disappointed,sao paulo
-23.491843736654435,-47.4095082072799,Delivery-Disappointed,sorocaba
-12.991832706633389,-38.45284250734317,Delivery-Disappointed,salvador
-23.826968878700722,-46.11866655620633,Delivery-Disappointed,bertioga
-20.67120936973322,-41.009468988847075,Delivery-Disappointed,vargem alta
-22.830445827764798,-43.08934307950881,Delivery-Disappointed,sao goncalo
-23.188848119337575,-46.85195184945988,Delivery-Disappointed,jundiai
-24.112863197007357,-46.667482359857104,Delivery-Disappointed,mongagua
-23.5688472717122,-46.63517002345775,Delivery-Disappointed,sao paulo
-23.29804220621502,-45.94696425,Delivery-Disappointed,jacarei
-23.486135968462158,-46.64040972209432,Delivery-Disappointed,sao paulo
-23.441645336112845,-45.077753319947206,Delivery-Disappointed,ubatuba
-22.83742787077815,-42.14638168626412,Delivery-Disappointed,sao pedro da aldeia
-22.399846987961016,-41.80171345133693,Delivery-Disappointed,macae
-23.669966043020366,-46.64614252481897,Delivery-Disappointed,sao paulo
-24.73235514639145,-53.75181248381607,Delivery-Disappointed,toledo
-23.623587681372296,-46.592986335199136,Delivery-Disappointed,sao paulo
-22.92541928296553,-43.232072863400354,Delivery-Disappointed,rio de janeiro
-23.601594489035723,-46.630412077990655,Delivery-Disappointed,sao paulo
-22.789682732340502,-43.43711414736552,Delivery-Disappointed,mesquita
-23.722382893511654,-47.02497264013195,Delivery-Disappointed,cotia
-26.31268682653356,-48.84333054293403,Delivery-Disappointed,joinville
-22.765987535694773,-43.404434940864256,Delivery-Disappointed,belford roxo
-23.52654805689883,-46.47025056119799,Delivery-Disappointed,sao paulo
-22.401239203444494,-42.97667531968915,Delivery-Disappointed,teresopolis
-24.00510429438202,-48.34995596374815,Delivery-Disappointed,capao bonito
-23.50141993643143,-46.50506210672887,Delivery-Disappointed,sao paulo
-5.527955585660762,-47.4841123650027,Delivery-Disappointed,imperatriz
-22.984638967251417,-43.19340669830918,Delivery-Disappointed,rio de janeiro
-21.9594702481839,-42.00888509919894,Delivery-Disappointed,santa maria madalena
-16.742115766723096,-49.270848391153166,Delivery-Disappointed,aparecida de goiania
-19.931520729672776,-43.93375589840736,Delivery-Disappointed,belo horizonte
-3.723737405505152,-38.58929631196261,Delivery-Disappointed,fortaleza
-8.09752938995325,-34.88496442492354,Delivery-Disappointed,recife
-23.55034858312654,-46.63734214071785,Delivery-Disappointed,sao paulo
-22.941046165690945,-43.17617823078362,Delivery-Disappointed,rio de janeiro
-23.62566414570952,-46.693214250216336,Delivery-Disappointed,sao paulo
-22.968496446563627,-43.18424299001666,Delivery-Disappointed,rio de janeiro
-22.881152314602136,-47.05060719525074,Delivery-Disappointed,campinas
-12.963618158798525,-38.61742638148879,Delivery-Disappointed,vera cruz
-26.302448711604786,-48.82470894060535,Delivery-Disappointed,joinville
-22.69515790939998,-46.987014376493164,Delivery-Disappointed,jaguariuna
-22.84268809436989,-47.15100481986844,Delivery-Disappointed,campinas
-20.58539612477616,-47.86315577415144,Delivery-Disappointed,sao joaquim da barra
-23.51400362587798,-46.19054482764663,Delivery-Disappointed,mogi das cruzes
-21.99947503040822,-45.289106008204556,Delivery-Disappointed,jesuania
-19.844965681790654,-43.94046065557728,Delivery-Disappointed,belo horizonte
-22.92356707409551,-43.21262803260434,Delivery-Disappointed,rio de janeiro
-21.18961659794096,-48.78730162216991,Delivery-Disappointed,ariranha
-18.682265999999945,-49.568232499999965,Delivery-Disappointed,capinopolis
-15.71436086441803,-47.88530312064304,Delivery-Disappointed,brasilia
-22.22993501262289,-50.89381440529928,Delivery-Disappointed,rancharia
-23.5554593052975,-46.56250633736248,Delivery-Disappointed,sao paulo
-12.948901448034867,-38.49606298579875,Delivery-Disappointed,salvador
-15.746201999999997,-47.887605,Delivery-Disappointed,brasilia
-22.874250425760255,-43.267943909749,Delivery-Disappointed,rio de janeiro
-19.930871148479472,-43.93471710629582,Delivery-Disappointed,belo horizonte
-14.313360067559042,-49.152861129106086,Delivery-Disappointed,campinorte
-29.937085503173986,-51.17090564441224,Delivery-Disappointed,canoas
-19.953983389390658,-43.93287034041202,Delivery-Disappointed,belo horizonte
-23.563886468780627,-46.66113179724742,Delivery-Disappointed,sao paulo
-23.581064083519134,-46.8247973303511,Delivery-Disappointed,carapicuiba
-8.74806526700877,-63.85918024193474,Delivery-Disappointed,porto velho
-19.93624791006412,-43.95773026201734,Delivery-Disappointed,belo horizonte
-23.617951187344897,-46.69733909437928,Delivery-Disappointed,sao paulo
-20.27948860417464,-49.20331991007704,Delivery-Disappointed,fronteira
-16.36196685190559,-46.898106210100984,Delivery-Disappointed,unai
-23.52810085567546,-46.55822429309247,Delivery-Disappointed,sao paulo
-22.86657990047305,-43.09822064501702,Delivery-Disappointed,niteroi
-8.136443514570956,-34.90571245809048,Delivery-Disappointed,recife
-23.27797501600376,-46.74386493038214,Delivery-Disappointed,francisco morato
-22.962608088810693,-43.17066214169881,Delivery-Disappointed,rio de janeiro
-7.175461120071454,-34.880514805780166,Delivery-Disappointed,joao pessoa
-23.50913554249601,-46.44622241035259,Delivery-Disappointed,sao paulo
-23.010766863942624,-46.812498774415815,Delivery-Disappointed,itatiba
-25.548566606151606,-49.26605713321602,Delivery-Disappointed,curitiba
-16.708958249999974,-49.28906294052574,Delivery-Disappointed,goiania
-23.432468208475303,-46.57647459828163,Delivery-Disappointed,sao paulo
-23.648068339394207,-46.43569928406145,Delivery-Disappointed,maua
-2.535273621324342,-44.165083840386245,Delivery-Disappointed,paco do lumiar
-20.642418803292,-40.50006739895994,Delivery-Disappointed,guarapari
-2.499473226500051,-44.29157450865727,Delivery-Disappointed,sao luis
-21.742785775326283,-43.37418823777412,Delivery-Disappointed,juiz de fora
-12.991820354146247,-38.51525363641868,Delivery-Disappointed,salvador
-20.945555520788247,-48.46481005596131,Delivery-Disappointed,bebedouro
-27.095797718018854,-52.629638389434895,Delivery-Disappointed,chapeco
-5.8331894727598455,-35.2177632343903,Delivery-Disappointed,natal
-22.96551923977616,-46.98233377426465,Delivery-Disappointed,valinhos
-22.389147671787534,-41.78608335605058,Delivery-Disappointed,macae
-29.89894481127012,-51.16366879649095,Delivery-Disappointed,canoas
-19.545368103205465,-42.58890967881442,Delivery-Disappointed,timoteo
-22.37830670866581,-41.784916340966845,Delivery-Disappointed,macae
-22.93035788314392,-43.24161788510583,Delivery-Disappointed,rio de janeiro
-25.185856913714304,-49.315682786336794,Delivery-Disappointed,rio branco do sul
-22.22230827921401,-49.947294336805335,Delivery-Disappointed,marilia
-23.563814008050084,-46.43270917051042,Delivery-Disappointed,sao paulo
-23.518119818590403,-46.411662038028695,Delivery-Disappointed,sao paulo
-23.688890497085808,-46.67306613711119,Delivery-Disappointed,sao paulo
-23.51707022952855,-46.5960457342604,Delivery-Disappointed,sao paulo
-29.915863208436726,-51.18773936782405,Delivery-Disappointed,canoas
-22.869815753171125,-42.329823876168525,Delivery-Disappointed,araruama
-22.75416336358131,-47.347509410352586,Delivery-Disappointed,americana
-29.67745825880729,-51.05918890980452,Delivery-Disappointed,campo bom
-23.56531014516125,-46.752511185815685,Delivery-Disappointed,sao paulo
-20.13772517845811,-40.24581185221301,Delivery-Disappointed,serra
-7.249029735322705,-35.90066697354807,Delivery-Disappointed,campina grande
-23.70287807120749,-46.54433616866869,Delivery-Disappointed,sao bernardo do campo
-3.8486842128872283,-38.5177758465714,Delivery-Disappointed,fortaleza
-22.98283043825374,-43.201593115182646,Delivery-Disappointed,rio de janeiro
-22.937512792544215,-43.24664597821569,Delivery-Disappointed,rio de janeiro
-22.791087604605643,-43.322425074479575,Delivery-Disappointed,duque de caxias
-27.584414318627704,-48.579840372323886,Delivery-Disappointed,florianopolis
-22.95459806717061,-43.17731169269164,Delivery-Disappointed,rio de janeiro
-2.4945614074739177,-44.22573603193028,Delivery-Disappointed,sao luis
-8.201538953372959,-34.92024377655964,Delivery-Disappointed,jaboatao dos guararapes
-22.456994835811024,-46.97787632016002,Delivery-Disappointed,mogi mirim
-7.22808811475771,-39.399241034070485,Delivery-Disappointed,crato
-23.58525133804609,-46.548285464885495,Delivery-Disappointed,sao paulo
-22.768365198591823,-41.9039568032206,Delivery-Disappointed,armacao dos buzios
-20.284603009435063,-40.29512303471047,Delivery-Disappointed,vitoria
-3.784751135806025,-38.55383674596557,Delivery-Disappointed,fortaleza
-21.59505001979666,-48.8110644105608,Delivery-Disappointed,itapolis
-19.91534688121068,-43.986468682901496,Delivery-Disappointed,belo horizonte
-7.180060720447322,-48.20601353544688,Delivery-Disappointed,araguaina
-23.121934192480794,-46.56036576688009,Delivery-Disappointed,atibaia
-22.90377779156327,-43.59938318694088,Delivery-Disappointed,rio de janeiro
-23.53705271494464,-46.67955799932098,Delivery-Disappointed,sao paulo
-23.968041517066787,-46.305236791707486,Delivery-Disappointed,santos
-23.670206634456783,-46.61668249999997,Delivery-Disappointed,diadema
-3.7751094568015184,-49.56595439812135,Delivery-Disappointed,breu branco
-23.41541740882338,-46.74724762150596,Delivery-Disappointed,sao paulo
-22.942726521524516,-43.33383599333488,Delivery-Disappointed,rio de janeiro
-23.6552565431646,-46.45389521176537,Delivery-Disappointed,maua
-22.738169847867503,-43.510604517729256,Delivery-Disappointed,nova iguacu
-23.48180830521743,-47.44750717415892,Delivery-Disappointed,sorocaba
-22.079968081609707,-54.79002120450242,Delivery-Disappointed,itapora
-29.36212594987141,-50.810002097859524,Delivery-Disappointed,canela
-19.95373642753192,-45.07988777828941,Delivery-Disappointed,perdigao
-20.776008077652044,-49.36034591104384,Delivery-Disappointed,sao jose do rio preto
-3.5018824910541912,-42.56472773334181,Delivery-Disappointed,santa quiteria do maranhao
-28.126154219979085,-52.297607380223035,Delivery-Disappointed,coxilha
-7.100862066333888,-34.86435449418987,Delivery-Disappointed,joao pessoa
-27.68563833904726,-48.77517880689086,Delivery-Disappointed,santo amaro da imperatriz
-20.46093116515656,-54.61124017353395,Delivery-Disappointed,campo grande
-17.304023608769885,-48.282677752546064,Delivery-Disappointed,pires do rio
-16.663542830422532,-48.61041918836336,Delivery-Disappointed,silvania
-24.010703002741373,-46.4061962395147,Delivery-Disappointed,praia grande
-23.02995052330053,-46.97810387762745,Delivery-Disappointed,vinhedo
-22.914400672773947,-43.24563020413756,Delivery-Disappointed,rio de janeiro
-30.093114308596984,-51.01861499536756,Delivery-Disappointed,viamao
-29.852737768671037,-51.170107496320945,Delivery-Disappointed,esteio
-20.46232843504684,-45.4307357978066,Delivery-Disappointed,formiga
-12.702447237624403,-38.32408742238762,Delivery-Disappointed,camacari
-23.542227635143306,-46.86835638346921,Delivery-Disappointed,barueri
-22.96471208273482,-42.917597077250974,Delivery-Disappointed,marica
-23.76203590017782,-53.310615182887176,Delivery-Disappointed,umuarama
-20.89381730481633,-45.27677199919795,Delivery-Disappointed,campo belo
-3.767879999999945,-38.606781499999954,Delivery-Disappointed,fortaleza
-2.5615055964934945,-44.2306540217843,Delivery-Disappointed,sao luis
-19.739049217279636,-40.65902212570094,Delivery-Disappointed,sao roque do canaa
-23.701968529834417,-46.64904523175025,Delivery-Disappointed,sao paulo
-23.055126865752523,-46.35602381159757,Delivery-Disappointed,piracaia
-8.057774065824201,-34.911041204483794,Delivery-Disappointed,recife
-21.738860528449404,-43.34425307369147,Delivery-Disappointed,juiz de fora
-19.89853645781635,-43.92141149611918,Delivery-Disappointed,belo horizonte
-23.583582607276785,-46.67738290521669,Delivery-Disappointed,sao paulo
-2.5352738513041713,-44.23366532374901,Delivery-Disappointed,sao luis
-15.571531999999934,-56.05582592431282,Delivery-Disappointed,cuiaba
-29.73710946003603,-51.16555035051854,Delivery-Disappointed,sao leopoldo
-22.91768636469216,-43.231241920278116,Delivery-Disappointed,rio de janeiro
-19.98763559908247,-44.04363928932604,Delivery-Disappointed,belo horizonte
-7.577572307881221,-40.499682877266494,Delivery-Disappointed,araripina
-6.229502034177996,-42.689518204285264,Delivery-Disappointed,regeneracao
-23.57455677047144,-46.53041401027178,Delivery-Disappointed,sao paulo
-6.85162488281507,-35.491003882896216,Delivery-Disappointed,guarabira
-16.00676759963644,-47.99103268491282,Delivery-Disappointed,brasilia
-22.85476549362336,-43.36350425160133,Delivery-Disappointed,rio de janeiro
-22.973956926613816,-43.64550361962605,Delivery-Disappointed,rio de janeiro
-23.632770887039054,-46.554292980019014,Delivery-Disappointed,sao caetano do sul
-9.55252890458827,-35.758364180907435,Delivery-Disappointed,maceio
-22.8286575,-43.0805169265674,Delivery-Disappointed,sao goncalo
-22.706933961032234,-43.52827339788494,Delivery-Disappointed,nova iguacu
-30.00483388090525,-51.13169099999999,Delivery-Disappointed,porto alegre
-22.93565095793306,-43.01231899412044,Delivery-Disappointed,niteroi
-23.604240981678146,-46.693814186508185,Delivery-Disappointed,sao paulo
-22.886925021437865,-43.25296024095786,Delivery-Disappointed,rio de janeiro
-22.869815753171125,-42.329823876168525,Delivery-Disappointed,araruama
-30.0557439998701,-51.20514381321769,Delivery-Disappointed,porto alegre
-22.581978348737128,-48.80932100851482,Delivery-Disappointed,lencois paulista
-22.89790805002283,-43.0995147477723,Delivery-Disappointed,niteroi
-30.07960421530442,-51.24109277448216,Delivery-Disappointed,porto alegre
-3.7722294590570993,-38.51378316486782,Delivery-Disappointed,fortaleza
-5.81048501710954,-38.30429410506842,Delivery-Disappointed,iracema
-23.81221708129019,-50.14040134826855,Delivery-Disappointed,japira
-18.59508110934971,-46.51777561124804,Delivery-Disappointed,patos de minas
-22.89597548375561,-43.31286794685209,Delivery-Disappointed,rio de janeiro
-21.246379987351716,-48.3180082512998,Delivery-Disappointed,jaboticabal
-19.93772138894958,-43.936025301690826,Delivery-Disappointed,belo horizonte
-22.920193361648064,-43.62502374326279,Delivery-Disappointed,rio de janeiro
-16.361404053958964,-49.49744789234993,Delivery-Disappointed,inhumas
-18.949000107132548,-48.30624579892085,Delivery-Disappointed,uberlandia
-22.82574015944375,-43.29040611217601,Delivery-Disappointed,rio de janeiro
-22.568376530773754,-47.40402037330482,Delivery-Disappointed,limeira
-20.026829505872037,-40.74280786938749,Delivery-Disappointed,santa maria de jetiba
-22.956723203993917,-43.60495639532564,Delivery-Disappointed,rio de janeiro
-20.78720881946682,-51.706050295748796,Delivery-Disappointed,tres lagoas
-20.218968000000004,-40.24239050115117,Delivery-Disappointed,serra
-23.49931402937304,-46.76754974911981,Delivery-Disappointed,osasco
-23.452404619793125,-46.40229588614602,Delivery-Disappointed,guarulhos
-23.571700239800336,-46.75205680045006,Delivery-Disappointed,sao paulo
-23.70391676910317,-46.566332140061476,Delivery-Disappointed,sao bernardo do campo
-23.68238004482371,-46.70868636150384,Delivery-Disappointed,sao paulo
-19.8520464865399,-43.89574475963708,Delivery-Disappointed,belo horizonte
-3.678679654551956,-40.36124250000139,Delivery-Disappointed,sobral
-12.98338898724672,-38.45987947050183,Delivery-Disappointed,salvador
-23.544048456027337,-46.78429673338271,Delivery-Disappointed,osasco
-5.073002948930178,-42.81194791593677,Delivery-Disappointed,teresina
-30.15451740241829,-51.14384801708465,Delivery-Disappointed,porto alegre
-23.64189642842651,-46.77604032361936,Delivery-Disappointed,sao paulo
-23.547626832361928,-46.41823026242136,Delivery-Disappointed,sao paulo
-22.87647066395896,-43.58311900238119,Delivery-Disappointed,rio de janeiro
-22.790631827247477,-43.37444566358498,Delivery-Disappointed,sao joao de meriti
-22.31408028197325,-49.11876089632989,Delivery-Disappointed,bauru
-12.989080027800075,-38.48769070705173,Delivery-Disappointed,salvador
-12.888214554532892,-38.33925187898899,Delivery-Disappointed,lauro de freitas
-23.46802341465176,-46.65468131640599,Delivery-Disappointed,sao paulo
-5.148467999999998,-38.096363432305225,Delivery-Disappointed,limoeiro do norte
-2.539073354785135,-44.270437725229385,Delivery-Disappointed,sao luis
-22.97574436886144,-47.127382628757495,Delivery-Disappointed,campinas
-21.13123713300312,-47.745165321945926,Delivery-Disappointed,ribeirao preto
-29.109735060662505,-49.63468000483127,Delivery-Disappointed,sombrio
-23.492788669441406,-46.706291980105455,Delivery-Disappointed,sao paulo
-22.978469157654736,-43.23383336857298,Delivery-Disappointed,rio de janeiro
-22.88055117013389,-43.48254620954758,Delivery-Disappointed,rio de janeiro
-24.406376677111503,-53.514313385039806,Delivery-Disappointed,assis chateaubriand
-29.588763034766327,-51.36757434425736,Delivery-Disappointed,sao sebastiao do cai
-22.914400672773947,-43.24563020413756,Delivery-Disappointed,rio de janeiro
-22.895772316220235,-43.490665220828234,Delivery-Disappointed,rio de janeiro
-22.72850761170585,-47.640815255900485,Delivery-Disappointed,piracicaba
-22.91553294448616,-43.40164068762021,Delivery-Disappointed,rio de janeiro
-7.9790113093811215,-34.883360255374775,Delivery-Disappointed,olinda
-23.477853483625708,-46.56445543914825,Delivery-Disappointed,sao paulo
-14.81960123333446,-39.0299974843736,Delivery-Disappointed,ilheus
-7.363413404878551,-35.90087660985694,Delivery-Disappointed,queimadas
-15.807270259247648,-48.109213508099636,Delivery-Disappointed,brasilia
-23.004214031623405,-43.335593643632045,Delivery-Disappointed,rio de janeiro
-26.767435213108254,-53.18233368118487,Delivery-Disappointed,maravilha
-11.640158951430177,-42.01128092863984,Delivery-Disappointed,ibipeba
-23.46658982202164,-46.63928171838316,Delivery-Disappointed,sao paulo
-23.658153223700175,-46.75969795773067,Delivery-Disappointed,sao paulo
-22.837451405505156,-43.32323284096027,Delivery-Disappointed,rio de janeiro
-23.41736951726676,-46.82475861372152,Delivery-Disappointed,cajamar
-15.909253981577615,-48.07927526623968,Delivery-Disappointed,brasilia
-21.87634504532155,-42.69745674514186,Delivery-Disappointed,alem paraiba
-2.439879662901709,-54.72446419914522,Delivery-Disappointed,santarem
-24.594689827983625,-52.80635788639104,Delivery-Disappointed,campina da lagoa
-23.648068339394207,-46.43569928406145,Delivery-Disappointed,maua
-23.51370739463197,-46.65240436372554,Delivery-Disappointed,sao paulo
-22.744409276201345,-42.857659892166595,Delivery-Disappointed,itaborai
-27.59525894226445,-48.55346741363679,Delivery-Disappointed,florianopolis
-22.88639233122892,-42.0378339656894,Delivery-Disappointed,cabo frio
-1.3667488537613912,-48.33865765202612,Delivery-Disappointed,marituba
-23.521670575568542,-46.703411319883,Delivery-Disappointed,sao paulo
-24.306217522621033,-46.99171352379555,Delivery-Disappointed,peruibe
-23.537368424923542,-46.6596418411045,Delivery-Disappointed,sao paulo
-23.70287807120749,-46.54433616866869,Delivery-Disappointed,sao bernardo do campo
-22.757732912304228,-42.85892456514524,Delivery-Disappointed,itaborai
-17.37305401784472,-40.222468158284485,Delivery-Disappointed,medeiros neto
-2.4924798992835213,-44.25864971638458,Delivery-Disappointed,sao luis
-23.50318938022973,-46.60153910866176,Delivery-Disappointed,sao paulo
-19.947433295314173,-43.928925768249734,Delivery-Disappointed,belo horizonte
-22.93528073550116,-43.18165906085174,Delivery-Disappointed,rio de janeiro
-26.993432999999943,-48.634162435885465,Delivery-Disappointed,balneario camboriu
-19.929412198407498,-43.93428755106798,Delivery-Disappointed,belo horizonte
-22.906870719638384,-43.05408348725251,Delivery-Disappointed,niteroi
-23.530798592561595,-47.49566824439074,Delivery-Disappointed,sorocaba
-23.609074345694275,-46.65970305492974,Delivery-Disappointed,sao paulo
-22.87886160115994,-43.31554198185101,Delivery-Disappointed,rio de janeiro
-22.798268366640382,-43.43580916515536,Delivery-Disappointed,mesquita
-29.82930235139527,-51.15025856027768,Delivery-Disappointed,sapucaia do sul
-12.914070425865358,-38.46862783332597,Delivery-Disappointed,salvador
-29.76394184078259,-51.09135040725602,Delivery-Disappointed,sao leopoldo
-22.882884889814065,-43.092692577414375,Delivery-Disappointed,niteroi
-26.877005895089145,-49.0820058388828,Delivery-Disappointed,blumenau
-19.910530419821725,-44.03422867245252,Delivery-Disappointed,contagem
-22.97261425561204,-43.190423239944565,Delivery-Disappointed,rio de janeiro
-30.103148639477105,-51.24252086392755,Delivery-Disappointed,porto alegre
-22.97261425561204,-43.190423239944565,Delivery-Disappointed,rio de janeiro
-15.625750499999995,-56.01953499735794,Delivery-Disappointed,cuiaba
-23.6882804768307,-46.619752230879065,Delivery-Disappointed,diadema
-23.49364414071786,-46.62617257661918,Delivery-Disappointed,sao paulo
-15.842882222788113,-48.02139907170896,Delivery-Disappointed,brasilia
-19.936845199001663,-44.13350510407413,Delivery-Disappointed,betim
-11.43298207202169,-61.44339512143284,Delivery-Disappointed,cacoal
-22.229110135045563,-54.83868029624114,Delivery-Disappointed,dourados
-23.57363519761669,-46.64583085359799,Delivery-Disappointed,sao paulo
-3.1212630171787907,-40.830390299058074,Delivery-Disappointed,granja
-21.785753928135676,-41.3266948360796,Delivery-Disappointed,campos dos goytacazes
-23.99741603360746,-46.42226107278431,Delivery-Disappointed,praia grande
-22.65655265720332,-43.04169557066254,Delivery-Disappointed,mage
-23.72470026061802,-46.68148760073805,Delivery-Disappointed,sao paulo
-23.66666607132555,-46.549536747980305,Delivery-Disappointed,santo andre
-23.669919328035405,-46.802391524496485,Delivery-Disappointed,embu das artes
-23.754961606387248,-46.6971784679439,Delivery-Disappointed,sao paulo
-20.351441115103235,-40.38449739491106,Delivery-Disappointed,cariacica
-22.870342477927228,-43.47241109832717,Delivery-Disappointed,rio de janeiro
-7.849751799471127,-35.259723740109735,Delivery-Disappointed,carpina
-20.006385601708207,-44.03819766028048,Delivery-Disappointed,belo horizonte
-21.550375652794425,-45.44594590766639,Delivery-Disappointed,varginha
-19.94177869256777,-44.16829548903573,Delivery-Disappointed,betim
-26.90301623024832,-52.90560942648533,Delivery-Disappointed,nova erechim
-20.260231292259995,-40.268254195560345,Delivery-Disappointed,vitoria
-23.40452297668648,-46.46985943297361,Delivery-Disappointed,guarulhos
-8.01550363368929,-34.90418195909136,Delivery-Disappointed,recife
-23.493689790178287,-46.62826754746376,Delivery-Disappointed,sao paulo
-17.773430161861725,-50.91289906862412,Delivery-Disappointed,rio verde
-23.56261319494366,-46.42215450874258,Delivery-Disappointed,sao paulo
-23.555556314184297,-46.68985712017429,Delivery-Disappointed,sao paulo
-23.509616605603348,-47.46048507438396,Delivery-Disappointed,sorocaba
-19.60305711725264,-46.944627538073846,Delivery-Disappointed,araxa
-23.627002997230036,-46.63675215889549,Delivery-Disappointed,sao paulo
-12.9878989753357,-38.52088420234651,Delivery-Disappointed,salvador
-22.96506096003805,-43.18290375590049,Delivery-Disappointed,rio de janeiro
-22.97930244479442,-46.99519549601077,Delivery-Disappointed,valinhos
-22.805538694185458,-43.052536741262514,Delivery-Disappointed,sao goncalo
-22.97891413015762,-43.19380009478331,Delivery-Disappointed,rio de janeiro
-23.651999672624683,-46.57099474225144,Delivery-Disappointed,sao bernardo do campo
-22.9854925434244,-43.203275507631716,Delivery-Disappointed,rio de janeiro
-4.776773248483349,-48.06884080612588,Delivery-Disappointed,rondon do para
-22.930177098789542,-42.4970039999183,Delivery-Disappointed,saquarema
-13.002814446015355,-38.46387616648835,Delivery-Disappointed,salvador
-23.660697178342538,-46.76209412968147,Delivery-Disappointed,sao paulo
-23.505951081949277,-46.369277342349946,Delivery-Disappointed,sao paulo
-22.87655154418781,-48.42793121579432,Delivery-Disappointed,botucatu
-15.89391137973763,-48.04952064186177,Delivery-Disappointed,brasilia
-23.495272978361545,-46.62938073144748,Delivery-Disappointed,sao paulo
-17.85839668980789,-41.50907055156256,Delivery-Disappointed,teofilo otoni
-12.914856352684673,-38.431022491314685,Delivery-Disappointed,salvador
-22.954521478763947,-43.185702100207656,Delivery-Disappointed,rio de janeiro
-23.620583339128785,-46.606730493697086,Delivery-Disappointed,sao paulo
-9.26329346327559,-37.93480438908667,Delivery-Disappointed,agua branca
-10.198894885037259,-48.345595603512706,Delivery-Disappointed,palmas
-23.615894933666112,-46.641565322047065,Delivery-Disappointed,sao paulo
-21.72037658769984,-43.35358361441803,Delivery-Disappointed,juiz de fora
-22.526205551600853,-43.73639999999998,Delivery-Disappointed,mendes
-25.528526586040734,-49.24067174999999,Delivery-Disappointed,curitiba
-22.81478177600594,-43.04289403084724,Delivery-Disappointed,sao goncalo
-12.702447237624403,-38.32408742238762,Delivery-Disappointed,camacari
-19.806759628738437,-43.96023667415893,Delivery-Disappointed,belo horizonte
-10.939243088073995,-40.42119860504768,Delivery-Disappointed,saude
-5.105533499999999,-42.74075459757507,Delivery-Disappointed,teresina
-8.04425833660644,-34.94002350207746,Delivery-Disappointed,recife
-23.68698516287448,-46.552552123595405,Delivery-Disappointed,sao bernardo do campo
-21.48080481674529,-47.00529674464372,Delivery-Disappointed,mococa
-26.34259704286522,-48.832460306527246,Delivery-Disappointed,joinville
-23.521612107132555,-46.45173418220901,Delivery-Disappointed,sao paulo
-22.084864486842942,-51.43361314472132,Delivery-Disappointed,presidente prudente
-21.12967082292688,-48.01389296295223,Delivery-Disappointed,sertaozinho
-22.916833051618703,-43.21798092630852,Delivery-Disappointed,rio de janeiro
-23.442873747432053,-46.40472063592881,Delivery-Disappointed,guarulhos
-12.08925543763249,-45.79618023024447,Delivery-Disappointed,luis eduardo magalhaes
-25.406665878440407,-52.4116721980017,Delivery-Disappointed,laranjeiras do sul
-22.781514193726554,-43.425908742413874,Delivery-Disappointed,mesquita
-23.54361420483005,-46.68766584999129,Delivery-Disappointed,sao paulo
-22.89427492911236,-43.120283203407965,Delivery-Disappointed,niteroi
-23.55034858312654,-46.63734214071785,Delivery-Disappointed,sao paulo
-23.735466,-46.7822025,Delivery-Disappointed,sao paulo
-23.6054986239252,-46.83910428065681,Delivery-Disappointed,cotia
-23.936323741149995,-46.287043774078114,Delivery-Disappointed,guaruja
-23.53254550916093,-46.649174992786634,Delivery-Disappointed,sao paulo
-22.633463550008123,-47.05158214661835,Delivery-Disappointed,holambra
-23.563294082982303,-46.64348420621503,Delivery-Disappointed,sao paulo
-22.91768636469216,-43.231241920278116,Delivery-Disappointed,rio de janeiro
-23.48997627921401,-46.72118043588782,Delivery-Disappointed,sao paulo
-8.270306173177984,-35.974869890635134,Delivery-Disappointed,caruaru
-3.802792347769601,-38.599024400773295,Delivery-Disappointed,fortaleza
-23.409485863725543,-46.73945195545041,Delivery-Disappointed,sao paulo
-12.945199362114204,-38.47606551711012,Delivery-Disappointed,salvador
-29.77983589474371,-51.149289923701744,Delivery-Disappointed,sao leopoldo
-23.63569182600555,-46.62856488464982,Delivery-Disappointed,sao paulo
-21.76169215935807,-41.33940660165804,Delivery-Disappointed,campos dos goytacazes
-22.973308930896152,-47.14153015652956,Delivery-Disappointed,campinas
-19.39783256179756,-40.067626658499954,Delivery-Disappointed,linhares
-7.114809855675461,-34.8397959919499,Delivery-Disappointed,joao pessoa
-7.984189180159079,-34.91927607039416,Delivery-Disappointed,recife
-22.820813995373875,-47.17096708341938,Delivery-Disappointed,sumare
-23.4038554522621,-46.513241156673786,Delivery-Disappointed,guarulhos
-30.13064882653355,-51.2200832278551,Delivery-Disappointed,porto alegre
-22.81631846264643,-43.41628252879276,Delivery-Disappointed,nilopolis
-19.935348241816065,-40.600929446278315,Delivery-Disappointed,santa teresa
-23.53816275104938,-46.67683522468111,Delivery-Disappointed,sao paulo
-25.43366888971728,-49.26893094975684,Delivery-Disappointed,curitiba
-12.13944142250762,-38.42297614758382,Delivery-Disappointed,alagoinhas
-21.132950799194987,-48.95897914432453,Delivery-Disappointed,catanduva
-30.047214594494843,-51.22773779516996,Delivery-Disappointed,porto alegre
-23.52828195706222,-46.77983133527613,Delivery-Disappointed,osasco
-23.669812127853397,-46.45081654830993,Delivery-Disappointed,maua
-14.84502868942237,-40.853724212606,Delivery-Disappointed,vitoria da conquista
-7.749762864692133,-34.83048030118233,Delivery-Disappointed,ilha de itamaraca
-21.11819394490749,-42.943705743717146,Delivery-Disappointed,uba
-17.892345154923643,-51.73398680000218,Delivery-Disappointed,jatai
-3.1212630171787907,-40.830390299058074,Delivery-Disappointed,granja
-23.605897515407666,-46.66120939203072,Delivery-Disappointed,sao paulo
-23.51881365038765,-46.69513178003941,Delivery-Disappointed,sao paulo
-22.92258733473174,-43.24244568124239,Delivery-Disappointed,rio de janeiro
-23.5165267462504,-46.68737069066535,Delivery-Disappointed,sao paulo
-22.79650948860919,-42.97773343311842,Delivery-Disappointed,sao goncalo
-20.143995002659533,-44.20205595801386,Delivery-Disappointed,brumadinho
-23.491132514477943,-46.75068032638332,Delivery-Disappointed,sao paulo
-27.57564786475967,-48.61838774369793,Delivery-Disappointed,sao jose
-16.32473051308362,-48.941262230516514,Delivery-Disappointed,anapolis
-3.7854132658932604,-38.61468106070437,Delivery-Disappointed,fortaleza
-23.662545260479703,-46.75226798112987,Delivery-Disappointed,sao paulo
-21.256797694428947,-48.32085073900775,Delivery-Disappointed,jaboticabal
-12.947972582526088,-38.382984707888845,Delivery-Disappointed,salvador
-23.46681894869581,-46.32457947955707,Delivery-Disappointed,itaquaquecetuba
-28.40802144822714,-54.95904036591947,Delivery-Disappointed,sao luiz gonzaga
-25.78383233689039,-53.30868125828593,Delivery-Disappointed,salto do lontra
-16.620032518974025,-49.29347497390297,Delivery-Disappointed,goiania
-16.742115766723096,-49.270848391153166,Delivery-Disappointed,aparecida de goiania
-22.347145496413017,-48.7803437644446,Delivery-Disappointed,pederneiras
-22.80068763878981,-43.41582352736482,Delivery-Disappointed,nilopolis
-19.99877763655249,-43.84730244118441,Delivery-Disappointed,nova lima
-23.44540306189049,-46.54143494679429,Delivery-Disappointed,guarulhos
-23.97084358728148,-46.30755936926548,Delivery-Disappointed,santos
-22.56667829871647,-47.38666335498297,Delivery-Disappointed,limeira
-22.93106051096427,-47.111613736896366,Delivery-Disappointed,campinas
-22.92541928296553,-43.232072863400354,Delivery-Disappointed,rio de janeiro
-22.2835805047368,-42.53537225497943,Delivery-Disappointed,nova friburgo
-22.767474970812167,-43.35217720858108,Delivery-Disappointed,sao joao de meriti
-27.63576485506205,-48.65487242539686,Delivery-Disappointed,palhoca
-23.42515209769749,-46.42102588343239,Delivery-Disappointed,guarulhos
-30.04915427754058,-51.20163464829179,Delivery-Disappointed,porto alegre
-21.207518951445493,-47.60073532766128,Delivery-Disappointed,serrana
-23.510969344381,-46.89543585974762,Delivery-Disappointed,barueri
-11.865057506764456,-55.51646452794221,Delivery-Disappointed,sinop
-13.291903557180015,-39.81925705005109,Delivery-Disappointed,santa ines
-22.52456377677273,-41.944338149018726,Delivery-Disappointed,rio das ostras
-14.906509240636836,-40.836347041217024,Delivery-Disappointed,vitoria da conquista
-21.7947787012309,-46.59285473643531,Delivery-Disappointed,pocos de caldas
-15.817775911691117,-47.898199908778636,Delivery-Disappointed,brasilia
-23.535843212083293,-46.76406620886582,Delivery-Disappointed,osasco
-23.682683004540355,-46.52533363343238,Delivery-Disappointed,santo andre
-3.744444384124874,-38.52400563405275,Delivery-Disappointed,fortaleza
-23.641877043568627,-46.50196149610485,Delivery-Disappointed,santo andre
-23.532730842215358,-46.47473002631366,Delivery-Disappointed,sao paulo
-23.661237153759604,-46.63880622759531,Delivery-Disappointed,sao paulo
-9.581972364418023,-35.7585885,Delivery-Disappointed,maceio
-10.938310395907221,-37.0570585587165,Delivery-Disappointed,aracaju
-22.937430121847743,-43.176862902706524,Delivery-Disappointed,rio de janeiro
-21.854505508958752,-45.29603321832828,Delivery-Disappointed,cambuquira
-20.342467507877814,-40.28566821952616,Delivery-Disappointed,vila velha
-25.39687226383092,-49.32252472493213,Delivery-Disappointed,curitiba
-23.716239876526252,-46.779741816504696,Delivery-Disappointed,sao paulo
-23.540729963085703,-46.64193701762936,Delivery-Disappointed,sao paulo
-20.90100080622384,-45.12907358462823,Delivery-Disappointed,santana do jacare
-2.543788204830049,-44.24313892578892,Delivery-Disappointed,sao luis
-20.23394900351567,-41.50853245323119,Delivery-Disappointed,ibatiba
-23.578480690701483,-46.56411987757496,Delivery-Disappointed,sao paulo
-21.775937008050075,-43.34270996142302,Delivery-Disappointed,juiz de fora
-6.9666820403891,-35.70328593350951,Delivery-Disappointed,areia
-1.424274947256112,-48.473887637919226,Delivery-Disappointed,belem
-17.695150769703254,-42.51738345410398,Delivery-Disappointed,capelinha
-23.651999672624683,-46.57099474225144,Delivery-Disappointed,sao bernardo do campo
-16.727884499075156,-49.340309093909326,Delivery-Disappointed,goiania
-23.53922405912052,-46.59143579156327,Delivery-Disappointed,sao paulo
-23.525928445809036,-46.42331801276761,Delivery-Disappointed,sao paulo
-26.229883105621173,-51.08886365150068,Delivery-Disappointed,uniao da vitoria
-22.982046506520863,-43.18990317640929,Delivery-Disappointed,rio de janeiro
-30.092809899462708,-50.694388328298245,Delivery-Disappointed,capao da porteira
-23.008899137803667,-43.2965236971032,Delivery-Disappointed,rio de janeiro
-22.97574436886144,-47.127382628757495,Delivery-Disappointed,campinas
-23.6598992288005,-46.44217136817417,Delivery-Disappointed,maua
-20.380424244880402,-41.02173225,Delivery-Disappointed,arace
-23.517932266160944,-46.42721775000001,Delivery-Disappointed,sao paulo
-30.07125708232287,-51.17723204581898,Delivery-Disappointed,porto alegre
-25.441302425212005,-49.161850202752575,Delivery-Disappointed,pinhais
-22.8961984228604,-43.35568746796124,Delivery-Disappointed,rio de janeiro
-3.711917280789895,-38.47050020590729,Delivery-Disappointed,fortaleza
-6.770602267288731,-43.02426637586278,Delivery-Disappointed,floriano
-22.838534062015846,-42.2259322108234,Delivery-Disappointed,iguaba grande
-15.610093968551803,-56.1099763701537,Delivery-Disappointed,cuiaba
-22.93003541243005,-43.38943773232147,Delivery-Disappointed,rio de janeiro
-10.992398990874058,-37.05845347246438,Delivery-Disappointed,aracaju
-23.674176045804145,-46.63510073842375,Delivery-Disappointed,sao paulo
-23.55789512835748,-46.813187263845634,Delivery-Disappointed,osasco
-2.958762776593132,-44.79805414171036,Delivery-Disappointed,sao joao batista
-23.1408947463212,-45.77747070996593,Delivery-Disappointed,sao jose dos campos
-14.133744079186092,-39.73399853338481,Delivery-Disappointed,ipiau
-22.869433751413908,-47.21631677739256,Delivery-Disappointed,hortolandia
-22.294116367192245,-48.55793343923256,Delivery-Disappointed,jau
-29.459435610902617,-51.96731353723487,Delivery-Disappointed,lajeado
-23.571609373522975,-46.59098631396414,Delivery-Disappointed,sao paulo
-23.609465995736695,-46.87619775846843,Delivery-Disappointed,cotia
-23.317650533181272,-51.15768994561134,Delivery-Disappointed,londrina
-15.613197573513617,-56.05197738617131,Delivery-Disappointed,cuiaba
-23.452496984943004,-46.47566216472387,Delivery-Disappointed,guarulhos
-22.802320737543184,-47.20403845683539,Delivery-Disappointed,sumare
-23.946648988317527,-46.28115348009047,Delivery-Disappointed,guaruja
-4.40931225651895,-40.404314020153706,Delivery-Disappointed,hidrolandia
-22.50991544681899,-41.923602344744666,Delivery-Disappointed,rio das ostras
-23.527214475445724,-46.7315398082117,Delivery-Disappointed,sao paulo
-30.00094299144014,-51.09498079754235,Delivery-Disappointed,porto alegre
-23.64826956300134,-46.59230143373823,Delivery-Disappointed,sao paulo
-23.534514,-46.52324972002136,Delivery-Disappointed,sao paulo
-18.79366951138779,-52.62224796721447,Delivery-Disappointed,chapadao do sul
-6.836752023202399,-35.1258813045852,Delivery-Disappointed,mamanguape
-19.89651082938663,-44.09686549289614,Delivery-Disappointed,contagem
-1.3954044970858062,-48.46828552510252,Delivery-Disappointed,belem
-23.785675171810382,-46.71218148362571,Delivery-Disappointed,sao paulo
-23.495578904182445,-47.428831293784974,Delivery-Disappointed,sorocaba
-23.659432129479463,-46.80205033902703,Delivery-Disappointed,embu das artes
-22.964288895954525,-43.402024304605,Delivery-Disappointed,rio de janeiro
-25.375664457253762,-49.259170142102846,Delivery-Disappointed,curitiba
-14.84532247710318,-42.43302604495919,Delivery-Disappointed,jacaraci
-23.01853160343345,-44.53290175775466,Delivery-Disappointed,angra dos reis
-26.28646547821569,-48.87256331620417,Delivery-Disappointed,joinville
-22.85899069401743,-43.49175606994055,Delivery-Disappointed,rio de janeiro
-16.726438713451063,-43.87534930197928,Delivery-Disappointed,montes claros
-25.094231884269107,-50.160896859396686,Delivery-Disappointed,ponta grossa
-1.4381175072133559,-48.46256080593268,Delivery-Disappointed,belem
-18.846777404775622,-50.126203424939945,Delivery-Disappointed,santa vitoria
-23.631443999999995,-46.44433953212821,Delivery-Disappointed,sao paulo
-23.69761049845985,-46.65766431076813,Delivery-Disappointed,sao paulo
-10.940934354406048,-37.06368720067511,Delivery-Disappointed,aracaju
-30.067014001492026,-51.110758396432345,Delivery-Disappointed,viamao
-28.97117364022931,-52.00710845109322,Delivery-Disappointed,anta gorda
-21.706672934973454,-47.27307793893837,Delivery-Disappointed,tambau
-22.930177098789542,-42.4970039999183,Delivery-Disappointed,saquarema
-23.81971569027226,-45.36485252840012,Delivery-Disappointed,ilhabela
-2.544888682901505,-44.28464961046511,Delivery-Disappointed,sao luis
-22.93534069637593,-43.186718398333056,Delivery-Disappointed,rio de janeiro
-9.657605490640876,-35.70414440178576,Delivery-Disappointed,maceio
-23.538072229644374,-46.830656674125485,Delivery-Disappointed,carapicuiba
-20.89444583107576,-51.37480937158949,Delivery-Disappointed,andradina
-22.16352848399153,-43.29243581235953,Delivery-Disappointed,paraiba do sul
-19.93697065093891,-43.97550849990613,Delivery-Disappointed,belo horizonte
-23.64087081315594,-47.82689024457201,Delivery-Disappointed,sarapui
-29.684071732021668,-53.81278270760001,Delivery-Disappointed,santa maria
-29.901950474897465,-51.21176892128819,Delivery-Disappointed,canoas
-22.75756675966071,-47.416027840450326,Delivery-Disappointed,santa barbara d'oeste
-9.600804862143182,-35.95663184422575,Delivery-Disappointed,pilar
-23.579327515119207,-46.58051330114255,Delivery-Disappointed,sao paulo
-19.46970149792253,-42.562507159587966,Delivery-Disappointed,ipatinga
-23.605676512767605,-46.659546000000006,Delivery-Disappointed,sao paulo
-22.574200370709168,-44.970534956750136,Delivery-Disappointed,cruzeiro
-21.6736142894858,-49.75706520613485,Delivery-Disappointed,lins
-23.1244962120434,-46.58359363780365,Delivery-Disappointed,atibaia
-23.669919328035405,-46.802391524496485,Delivery-Disappointed,embu das artes
-21.429031196061736,-45.94694713946253,Delivery-Disappointed,alfenas
-12.902728514120477,-38.435936595701136,Delivery-Disappointed,salvador
-19.69864746517565,-50.68444891340087,Delivery-Disappointed,carneirinho
-26.643531460353408,-48.68879944077063,Delivery-Disappointed,barra velha
-22.84680257490783,-42.10192385677754,Delivery-Disappointed,sao pedro da aldeia
-23.514872511338563,-46.48427153996194,Delivery-Disappointed,sao paulo
-26.893226130061613,-49.239770100159475,Delivery-Disappointed,indaial
-23.09784541994768,-46.71726009296573,Delivery-Disappointed,jarinu
-7.018299857801416,-37.2734590496469,Delivery-Disappointed,patos
-23.62567481042913,-46.60674984706196,Delivery-Disappointed,sao paulo
-23.52810085567546,-46.55822429309247,Delivery-Disappointed,sao paulo
-23.409504244050773,-51.43445079721367,Delivery-Disappointed,arapongas
-17.741854541742683,-46.17642834624476,Delivery-Disappointed,joao pinheiro
-22.96760967934045,-42.0274215,Delivery-Disappointed,arraial do cabo
-21.13614719159558,-41.67798263952821,Delivery-Disappointed,bom jesus do itabapoana
-23.588022452262102,-46.503961592777955,Delivery-Disappointed,sao paulo
-22.399846987961016,-41.80171345133693,Delivery-Disappointed,macae
-23.56410597890817,-46.655402039413694,Delivery-Disappointed,sao paulo
-22.16352848399153,-43.29243581235953,Delivery-Disappointed,paraiba do sul
-22.895778051947783,-43.03541412836125,Delivery-Disappointed,niteroi
-22.80844235493424,-43.64172202960249,Delivery-Disappointed,seropedica
-19.924151122684457,-43.91153207369148,Delivery-Disappointed,belo horizonte
-23.636089032056095,-46.47833511144606,Delivery-Disappointed,maua
-29.678056953442304,-51.16805200147148,Delivery-Disappointed,novo hamburgo
-20.18978947831589,-40.26236116823132,Delivery-Disappointed,serra
-21.21267266702765,-43.77869386272055,Delivery-Disappointed,barbacena
-22.914400672773947,-43.24563020413756,Delivery-Disappointed,rio de janeiro
-22.894201085809595,-43.22436132361935,Delivery-Disappointed,rio de janeiro
-23.348334768868305,-51.210697538480616,Delivery-Disappointed,londrina
-26.243788027900305,-48.626679164378125,Delivery-Disappointed,sao francisco do sul
-22.944550811139862,-45.40785344625332,Delivery-Disappointed,pindamonhangaba
-23.664487718254676,-51.35708027179325,Delivery-Disappointed,california
-20.31807114821968,-40.3373288916663,Delivery-Disappointed,vitoria
-22.514550217761133,-44.090826760271774,Delivery-Disappointed,volta redonda
-11.511045090730779,-38.15096380644292,Delivery-Disappointed,crisopolis
-20.23750661693996,-40.27106778721477,Delivery-Disappointed,serra
-19.4499026121446,-43.11414250427422,Delivery-Disappointed,santa maria de itabira
-22.734658511669025,-43.47722057036548,Delivery-Disappointed,nova iguacu
-23.53178278562272,-46.33532689737445,Delivery-Disappointed,poa
-19.979423575086685,-43.94002821445109,Delivery-Disappointed,nova lima
-20.13074890385741,-40.29002553742366,Delivery-Disappointed,serra
-20.91530329073143,-46.98467076257852,Delivery-Disappointed,sao sebastiao do paraiso
-23.54361066874891,-46.42699216299266,Delivery-Disappointed,sao paulo
-22.984120204830045,-43.20837199952438,Delivery-Disappointed,rio de janeiro
-28.69227219236889,-49.37198403562716,Delivery-Disappointed,criciuma
-23.53427773688614,-46.483931310286145,Delivery-Disappointed,sao paulo
-23.41464835527768,-51.94228360784475,Delivery-Disappointed,maringa
-20.351441115103235,-40.38449739491106,Delivery-Disappointed,cariacica
-16.16690142735075,-42.29265478337428,Delivery-Disappointed,salinas
-23.012736136434278,-44.53829905535048,Delivery-Disappointed,angra dos reis
-19.56312578114846,-44.079038380544326,Delivery-Disappointed,matozinhos
-22.984902366639727,-43.22424120122337,Delivery-Disappointed,rio de janeiro
-23.657404633200304,-46.76845470635924,Delivery-Disappointed,sao paulo
-23.192033766581197,-47.29076085317961,Delivery-Disappointed,salto
-20.554950968499107,-47.38769088301032,Delivery-Disappointed,franca
-23.55507950106442,-46.79905042241339,Delivery-Disappointed,osasco
-18.949000107132548,-48.30624579892085,Delivery-Disappointed,uberlandia
-3.470861867158325,-41.55501158865709,Delivery-Disappointed,cocal
-12.969273501281918,-38.41708366496954,Delivery-Disappointed,salvador
-26.404862461231307,-50.14356351293541,Delivery-Disappointed,papanduva
-22.876256918460356,-42.02873563229756,Delivery-Disappointed,cabo frio
-2.44616630933031,-54.73932873943061,Delivery-Disappointed,santarem
-19.629852923974376,-43.22384359497725,Delivery-Disappointed,itabira
-26.40368935726154,-48.756934054286376,Delivery-Disappointed,araquari
-22.900371422153583,-43.28638470439734,Delivery-Disappointed,rio de janeiro
-21.77908820260835,-43.348806010820034,Delivery-Disappointed,juiz de fora
-3.7445460349702855,-38.50324392783773,Delivery-Disappointed,fortaleza
-3.278221356826357,-45.654438772596784,Delivery-Disappointed,ze doca
-22.92258733473174,-43.24244568124239,Delivery-Disappointed,rio de janeiro
-22.947960386642016,-47.30653160819561,Delivery-Disappointed,monte mor
-9.31736932544046,-35.562035340706686,Delivery-Disappointed,sao luis do quitunde
-23.40594993255526,-46.49171018896156,Delivery-Disappointed,guarulhos
-25.472602577593744,-54.58348773202574,Delivery-Disappointed,foz do iguacu
-23.631231677765612,-46.49590477892556,Delivery-Disappointed,santo andre
-23.61084776686477,-46.659910117952606,Delivery-Disappointed,sao paulo
-28.67706971710671,-49.369573538255956,Delivery-Disappointed,criciuma
-23.55793679822837,-46.49722705023374,Delivery-Disappointed,sao paulo
-20.19270569926364,-40.233621188602434,Delivery-Disappointed,serra
-22.89798948182236,-43.59240185235806,Delivery-Disappointed,rio de janeiro
-19.829780868861427,-43.98967417741888,Delivery-Disappointed,belo horizonte
-23.55957485068379,-46.77575905150596,Delivery-Disappointed,osasco
-1.4280537705001086,-48.46444616013624,Delivery-Disappointed,belem
-5.068892937387361,-42.78863714812957,Delivery-Disappointed,teresina
-13.554456618969263,-52.2711727431275,Delivery-Disappointed,canarana
-23.01113485206877,-43.31036525832422,Delivery-Disappointed,rio de janeiro
-22.944152786057888,-43.03479115358205,Delivery-Disappointed,niteroi
-15.830916285670522,-47.87704848846221,Delivery-Disappointed,brasilia
-23.48792393366611,-46.471751565497165,Delivery-Disappointed,sao paulo
-23.710014533181276,-46.58174395098847,Delivery-Disappointed,sao bernardo do campo
-22.90316625284208,-43.10713068500763,Delivery-Disappointed,niteroi
-23.32858556348084,-46.71508217424424,Delivery-Disappointed,franco da rocha
-29.949632453257383,-51.16924673075516,Delivery-Disappointed,canoas
-22.78114764864977,-42.96265411818833,Delivery-Disappointed,sao goncalo
-3.83403952496045,-50.63720488520979,Delivery-Disappointed,pacaja
-3.845117292914715,-38.48646388703038,Delivery-Disappointed,fortaleza
-23.565276659732213,-46.77807705871975,Delivery-Disappointed,osasco
-23.53467017539968,-46.67217683458364,Delivery-Disappointed,sao paulo
-23.317650533181272,-51.15768994561134,Delivery-Disappointed,londrina
-18.960626425032004,-46.99281595380266,Delivery-Disappointed,patrocinio
-23.64250107132555,-46.56140417485143,Delivery-Disappointed,sao caetano do sul
-22.92258733473174,-43.24244568124239,Delivery-Disappointed,rio de janeiro
-22.84686276602804,-43.46566702345776,Delivery-Disappointed,rio de janeiro
-10.176011341845616,-59.451657967372505,Delivery-Disappointed,aripuana
-16.700983273171033,-49.24058299999996,Delivery-Disappointed,goiania
-23.19466270136176,-46.83028293500497,Delivery-Disappointed,varzea paulista
-15.832610493162315,-47.977110656217825,Delivery-Disappointed,brasilia
-12.952189049112675,-38.40456767638062,Delivery-Disappointed,salvador
-7.180060720447322,-48.20601353544688,Delivery-Disappointed,araguaina
-12.948901448034867,-38.49606298579875,Delivery-Disappointed,salvador
-24.306217522621033,-46.99171352379555,Delivery-Disappointed,peruibe
-23.557876240407968,-46.78875378767495,Delivery-Disappointed,osasco
-19.003962708996657,-50.55501793137007,Delivery-Disappointed,itaguacu
-20.44159268613129,-44.76588783921957,Delivery-Disappointed,claudio
-23.180229756498715,-46.85773745019897,Delivery-Disappointed,jundiai
-12.930095509839576,-38.32233990394908,Delivery-Disappointed,salvador
-23.008899137803667,-43.2965236971032,Delivery-Disappointed,rio de janeiro
-22.738169847867503,-43.510604517729256,Delivery-Disappointed,nova iguacu
-16.67326356701475,-49.267386089090174,Delivery-Disappointed,goiania
-23.458178949347918,-46.422005872468105,Delivery-Disappointed,guarulhos
-23.188848119337575,-46.85195184945988,Delivery-Disappointed,jundiai
-19.989037300364373,-44.43044527644809,Delivery-Disappointed,mateus leme
-23.17965058485729,-46.90576352862229,Delivery-Disappointed,jundiai
-16.355349213421277,-48.91230098928137,Delivery-Disappointed,anapolis
-23.56531014516125,-46.752511185815685,Delivery-Disappointed,sao paulo
-19.63863100472473,-43.90171846264042,Delivery-Disappointed,lagoa santa
-23.63655737356463,-46.63882852345775,Delivery-Disappointed,sao paulo
-21.213362488343236,-50.43346962753188,Delivery-Disappointed,aracatuba
-22.80572828112987,-43.42317527553308,Delivery-Disappointed,nilopolis
-17.803988399956324,-50.92294576728406,Delivery-Disappointed,rio verde
-22.906132323071105,-43.21885879808414,Delivery-Disappointed,rio de janeiro
-22.56347832001269,-44.17305212018948,Delivery-Disappointed,barra mansa
-15.880204190853608,-48.01801483994106,Delivery-Disappointed,brasilia
-22.895030477006426,-42.045192891502055,Delivery-Disappointed,cabo frio
-23.65218934609616,-46.53875018356984,Delivery-Disappointed,santo andre
-23.576433485977308,-46.680593930607685,Delivery-Disappointed,sao paulo
-23.734006069508023,-46.57535099999998,Delivery-Disappointed,sao bernardo do campo
-5.728717938657763,-35.266813648075455,Delivery-Disappointed,natal
-25.613231359050044,-49.37106182294905,Delivery-Disappointed,araucaria
-16.043432535788067,-48.0307425195461,Delivery-Disappointed,brasilia
-8.010944438530478,-34.92964705378262,Delivery-Disappointed,recife
-1.3500748612737503,-48.38562663245958,Delivery-Disappointed,ananindeua
-6.477263019769857,-44.19108474045528,Delivery-Disappointed,sucupira do norte
-19.957541417203984,-44.04055122942563,Delivery-Disappointed,contagem
-23.694264199001665,-46.69820775229382,Delivery-Disappointed,sao paulo
-22.84035585906651,-43.07534648430111,Delivery-Disappointed,sao goncalo
-22.971588385030664,-43.33006828639565,Delivery-Disappointed,rio de janeiro
-21.734910628368603,-43.34904139355993,Delivery-Disappointed,juiz de fora
-19.512332674473285,-40.621974924296126,Delivery-Disappointed,colatina
-23.106352945322868,-45.713306053292136,Delivery-Disappointed,cacapava
-23.736530458234686,-46.594076434849086,Delivery-Disappointed,sao bernardo do campo
-23.558857003750905,-46.50439024614976,Delivery-Disappointed,sao paulo
-23.331043778111702,-51.17744445122848,Delivery-Disappointed,londrina
-23.47680107576895,-46.7247580037509,Delivery-Disappointed,sao paulo
-6.217665286402299,-36.68237165303961,Delivery-Disappointed,sao vicente
-16.68943930799406,-49.2728654964384,Delivery-Disappointed,goiania
-23.616439648075445,-46.611450946443334,Delivery-Disappointed,sao paulo
-23.50525432889948,-46.59432001442672,Delivery-Disappointed,sao paulo
-22.399846987961016,-41.80171345133693,Delivery-Disappointed,macae
-19.979423575086685,-43.94002821445109,Delivery-Disappointed,nova lima
-20.676494864571332,-40.51987917812884,Delivery-Disappointed,guarapari
-23.503223336112843,-46.69010864643864,Delivery-Disappointed,sao paulo
-22.970894018595992,-43.38784233625709,Delivery-Disappointed,rio de janeiro
-19.935348241816065,-40.600929446278315,Delivery-Disappointed,santa teresa
-3.7404788293889646,-38.46346417357223,Delivery-Disappointed,fortaleza
-22.982046506520863,-43.18990317640929,Delivery-Disappointed,rio de janeiro
-22.9051345444933,-47.09697306272721,Delivery-Disappointed,campinas
-21.044337571676227,-41.973743180047386,Delivery-Disappointed,natividade
-6.529929061610091,-49.85237106032086,Delivery-Disappointed,canaa dos carajas
-22.899227469328885,-47.06648780502337,Delivery-Disappointed,campinas
-22.72850761170585,-47.640815255900485,Delivery-Disappointed,piracicaba
-15.843092528722453,-47.82225242246026,Delivery-Disappointed,brasilia
-23.486160541494804,-46.28391640870401,Delivery-Disappointed,mogi das cruzes
-22.851976097409032,-43.489550556206346,Delivery-Disappointed,rio de janeiro
-2.535273621324342,-44.165083840386245,Delivery-Disappointed,paco do lumiar
-19.655593440697324,-43.233615008425176,Delivery-Disappointed,itabira
-23.57106217262972,-46.705307469877134,Delivery-Disappointed,sao paulo
-23.632161014152594,-46.77353118331988,Delivery-Disappointed,sao paulo
-28.970045688209577,-51.06940700731315,Delivery-Disappointed,sao marcos
-22.941046165690945,-43.17617823078362,Delivery-Disappointed,rio de janeiro
-25.819017540003703,-48.53977422405385,Delivery-Disappointed,matinhos
-3.8068793579922513,-38.49462853590906,Delivery-Disappointed,fortaleza
-25.51749022370017,-49.24106513500504,Delivery-Disappointed,curitiba
-22.47597325601658,-44.4709657872641,Delivery-Disappointed,resende
-22.894691688874108,-43.23273499623121,Delivery-Disappointed,rio de janeiro
-23.624257693591645,-46.51504239570952,Delivery-Disappointed,santo andre
-23.61877003052688,-46.77291653788447,Delivery-Disappointed,taboao da serra
-22.551360312684533,-45.778868948597626,Delivery-Disappointed,paraisopolis
-23.605676512767605,-46.659546000000006,Delivery-Disappointed,sao paulo
-5.089456073053631,-42.80572361687077,Delivery-Disappointed,teresina
-24.00721391896477,-53.1487391117597,Delivery-Disappointed,mariluz
-22.91345759457133,-43.18797113336026,Delivery-Disappointed,rio de janeiro
-8.111045907237461,-34.905922424145174,Delivery-Disappointed,recife
-23.659432129479463,-46.80205033902703,Delivery-Disappointed,embu das artes
-19.861846228980294,-43.90307759804374,Delivery-Disappointed,belo horizonte
-21.782881739656105,-43.38489771856428,Delivery-Disappointed,juiz de fora
-18.635756934533305,-48.204729740223144,Delivery-Disappointed,araguari
-22.336914844307163,-49.06153689090554,Delivery-Disappointed,bauru
-23.09232014212125,-47.201175324456095,Delivery-Disappointed,indaiatuba
-27.2187982758958,-49.65176356324,Delivery-Disappointed,rio do sul
-5.292395039400399,-44.49301116489433,Delivery-Disappointed,presidente dutra
-19.933277029141905,-44.1052968643083,Delivery-Disappointed,betim
-23.534514366639733,-46.417455631084266,Delivery-Disappointed,sao paulo
-26.79979727915864,-49.08435072405491,Delivery-Disappointed,blumenau
-23.95691508031017,-46.34623532292687,Delivery-Disappointed,santos
-15.778332000000002,-47.87563949999999,Delivery-Disappointed,brasilia
-15.791941004731862,-47.85418749653756,Delivery-Disappointed,brasilia
-23.701088979264284,-46.77621118789317,Delivery-Disappointed,sao paulo
-22.91553294448616,-43.40164068762021,Delivery-Disappointed,rio de janeiro
-22.82930136101589,-42.98790772097482,Delivery-Disappointed,sao goncalo
-31.327125460866046,-54.10612190974953,Delivery-Disappointed,bage
-23.48160418373822,-46.65238418132882,Delivery-Disappointed,sao paulo
-8.814198027433896,-35.195613207674775,Delivery-Disappointed,barreiros
-30.07586112129948,-51.19309061851519,Delivery-Disappointed,porto alegre
-21.263914108288613,-48.495645,Delivery-Disappointed,monte alto
-22.902127847625383,-43.12463807063305,Delivery-Disappointed,niteroi
-25.383009246753893,-51.45572041424772,Delivery-Disappointed,guarapuava
-23.348123916180967,-51.14831150096817,Delivery-Disappointed,londrina
-12.255815970114064,-38.96088736933568,Delivery-Disappointed,feira de santana
-23.678743908783414,-46.50281468519531,Delivery-Disappointed,santo andre
-21.19017772938432,-47.76987064730896,Delivery-Disappointed,ribeirao preto
-23.54354994809283,-46.55151960480172,Delivery-Disappointed,sao paulo
-29.92648367998731,-51.196892767009,Delivery-Disappointed,canoas
-23.651135718275818,-46.80456122439265,Delivery-Disappointed,embu das artes
-14.812328663080159,-39.032252381240625,Delivery-Disappointed,ilheus
-23.649280025468528,-46.75395369092094,Delivery-Disappointed,sao paulo
-23.56565346572221,-46.49155818151653,Delivery-Disappointed,sao paulo
-13.859603228327394,-40.08330134859661,Delivery-Disappointed,jequie
-27.59525894226445,-48.55346741363679,Delivery-Disappointed,florianopolis
-22.312405010626904,-42.522234052750136,Delivery-Disappointed,nova friburgo
-3.822306499999968,-38.4908384834761,Delivery-Disappointed,fortaleza
-19.38104321863741,-40.063048580531,Delivery-Disappointed,linhares
-22.80943323970382,-47.227060795124615,Delivery-Disappointed,sumare
-24.758293660454623,-48.505469907533865,Delivery-Disappointed,barra do turvo
-27.005188244285076,-51.15087636295904,Delivery-Disappointed,videira
-23.60227749347913,-46.67720729462168,Delivery-Disappointed,sao paulo
-19.857822485620517,-44.03583849811466,Delivery-Disappointed,contagem
-19.629852923974376,-43.22384359497725,Delivery-Disappointed,itabira
-19.86825428772806,-44.00244098216861,Delivery-Disappointed,belo horizonte
2.7715950678918997,-60.73109948872563,Delivery-Disappointed,boa vista
-9.670103742495886,-35.75477750805007,Delivery-Disappointed,maceio
-22.90507423727126,-43.1771726677823,Delivery-Disappointed,rio de janeiro
-1.4293625810490702,-48.485117366715684,Delivery-Disappointed,belem
-21.45727633081372,-54.37606147295011,Delivery-Disappointed,nova alvorada do sul
-23.503718105747573,-46.73464020843673,Delivery-Disappointed,sao paulo
-2.5469215762372475,-44.21228210095792,Delivery-Disappointed,sao luis
-23.20414980599,-45.89810482431184,Delivery-Disappointed,sao jose dos campos
-22.977805499999995,-43.6886074087833,Delivery-Disappointed,rio de janeiro
-19.946934214683473,-43.95237299999999,Delivery-Disappointed,belo horizonte
-23.621035924231045,-46.78475176824975,Delivery-Disappointed,taboao da serra
-22.930452979874794,-47.035929675986,Delivery-Disappointed,campinas
-22.72941717024144,-47.16973983875547,Delivery-Disappointed,paulinia
-23.553812608661765,-46.41191057118132,Delivery-Disappointed,sao paulo
-30.33782999040136,-54.32236153049168,Delivery-Disappointed,sao gabriel
-23.69466988144348,-46.56802727934391,Delivery-Disappointed,sao bernardo do campo
-18.4760791367949,-47.19905203561228,Delivery-Disappointed,coromandel
-15.61051620747389,-56.0317086130793,Delivery-Disappointed,cuiaba
-3.767271889037824,-38.65471774999996,Delivery-Disappointed,caucaia
-23.267790397510304,-50.42845391364631,Delivery-Disappointed,santa amelia
-23.565974071325552,-46.64484410309317,Delivery-Disappointed,sao paulo
-22.8631956201346,-43.7684391346388,Delivery-Disappointed,itaguai
-24.179855538627187,-46.79049637055164,Delivery-Disappointed,itanhaem
-23.486160541494804,-46.28391640870401,Delivery-Disappointed,mogi das cruzes
-20.021701112695677,-44.02732366146344,Delivery-Disappointed,belo horizonte
-23.497770131056917,-46.31590179419777,Delivery-Disappointed,suzano
-20.218968000000004,-40.24239050115117,Delivery-Disappointed,serra
-19.87482809063998,-44.98560567343412,Delivery-Disappointed,nova serrana
-22.901397089844394,-43.06597057698124,Delivery-Disappointed,niteroi
-5.072913656697066,-42.789779192748114,Delivery-Disappointed,teresina
-26.993432999999943,-48.634162435885465,Delivery-Disappointed,balneario camboriu
-20.786649076222012,-51.68081201987047,Delivery-Disappointed,tres lagoas
-23.60178256271525,-48.06461474961955,Delivery-Disappointed,itapetininga
-23.59441283513189,-46.757875363396,Delivery-Disappointed,sao paulo
-20.846944608601028,-41.14686432119416,Delivery-Disappointed,cachoeiro de itapemirim
-18.9239008462404,-48.25008947100231,Delivery-Disappointed,uberlandia
-23.54165005684005,-46.9610967100285,Delivery-Disappointed,itapevi
-23.97649330770052,-46.26047178610568,Delivery-Disappointed,guaruja
-23.738481942552912,-46.689273183045735,Delivery-Disappointed,sao paulo
-22.80084095480904,-43.363601080354286,Delivery-Disappointed,sao joao de meriti
-23.6882804768307,-46.619752230879065,Delivery-Disappointed,diadema
-22.749125013646765,-45.74331539070917,Delivery-Disappointed,sapucai-mirim
-23.232655445467103,-45.90221803043752,Delivery-Disappointed,sao jose dos campos
-23.60673553205609,-46.5126452334237,Delivery-Disappointed,sao paulo
-23.681296676530906,-46.61260506653087,Delivery-Disappointed,diadema
-23.46492635230126,-46.339533835693445,Delivery-Disappointed,itaquaquecetuba
-22.00677102222562,-47.87163111073924,Delivery-Disappointed,sao carlos
-23.75871798789573,-53.296661513474426,Delivery-Disappointed,umuarama
-15.632386303966463,-55.95560701916948,Delivery-Disappointed,cuiaba
-23.523153631975287,-46.44540787343005,Delivery-Disappointed,sao paulo
-1.444996720209064,-48.48452464695026,Delivery-Disappointed,belem
-22.871238117888137,-42.99391553889953,Delivery-Disappointed,sao goncalo
-23.535839005222797,-46.76097421100975,Delivery-Disappointed,osasco
-3.744444384124874,-38.52400563405275,Delivery-Disappointed,fortaleza
-22.920179070777287,-43.1800400189857,Delivery-Disappointed,rio de janeiro
-22.90680859062836,-43.28821205966879,Delivery-Disappointed,rio de janeiro
-19.794337029978628,-44.01478943005944,Delivery-Disappointed,ribeirao das neves
-23.624298054632632,-46.75525539543194,Delivery-Disappointed,sao paulo
-21.77966410851753,-48.159891922009336,Delivery-Disappointed,araraquara
-27.34641068571267,-51.60764795863166,Delivery-Disappointed,capinzal
-22.911723408275112,-43.18627522693397,Delivery-Disappointed,rio de janeiro
-22.972498753993328,-45.545758329101865,Delivery-Disappointed,tremembe
-23.46249750337521,-46.852873557741695,Delivery-Disappointed,santana de parnaiba
-22.149698145529893,-51.1718395743982,Delivery-Disappointed,martinopolis
-24.418284950351197,-53.83050105697322,Delivery-Disappointed,maripa
-22.532779999999946,-44.20283853649948,Delivery-Disappointed,barra mansa
-23.671511696087475,-46.775827932425365,Delivery-Disappointed,sao paulo
-23.52691955092622,-46.53532113197527,Delivery-Disappointed,sao paulo
-21.2189719026067,-41.87752350568823,Delivery-Disappointed,niteroi
-21.85773487539476,-47.479547009279315,Delivery-Disappointed,porto ferreira
-8.115392897166615,-34.8970405649489,Delivery-Disappointed,recife
-27.431134779999688,-48.465089369986615,Delivery-Disappointed,florianopolis
-29.600253234783118,-51.93501038586376,Delivery-Disappointed,bom retiro do sul
-19.169359099709144,-47.67705975448232,Delivery-Disappointed,nova ponte
-23.539820103990145,-46.31780434759043,Delivery-Disappointed,suzano
-23.482295622540228,-46.647257882739886,Delivery-Disappointed,sao paulo
-30.11816673735381,-51.32783537391998,Delivery-Disappointed,guaiba
-23.59674469900167,-46.91078004662704,Delivery-Disappointed,cotia
-23.52713237607479,-46.69617149999999,Delivery-Disappointed,sao paulo
-21.341547911500488,-43.37715211259352,Delivery-Disappointed,aracitaba
-22.799938006972436,-43.41095758882978,Delivery-Disappointed,nilopolis
-20.554950968499107,-47.38769088301032,Delivery-Disappointed,franca
-18.144505237048826,-48.56249913257149,Delivery-Disappointed,corumbaiba
-29.719221993158445,-51.14099358473193,Delivery-Disappointed,novo hamburgo
-23.53924915405453,-46.33069520862474,Delivery-Disappointed,suzano
-25.417093596021566,-49.33806417574257,Delivery-Disappointed,curitiba
-22.984312987232386,-43.21999298167813,Delivery-Disappointed,rio de janeiro
-23.561059378310823,-46.786730598607924,Delivery-Disappointed,osasco
-22.933631577298154,-43.37647022788376,Delivery-Disappointed,rio de janeiro
-22.36989565390383,-47.36265300000001,Delivery-Disappointed,araras
-25.463313663855125,-49.5632108886428,Delivery-Disappointed,campo largo
-23.615084598389984,-46.766986071614,Delivery-Disappointed,taboao da serra
-23.9552663782965,-46.33825949705917,Delivery-Disappointed,santos
-15.769552499999998,-47.88378675,Delivery-Disappointed,brasilia
-10.9706443440635,-37.05566249125744,Delivery-Disappointed,aracaju
-22.065295430652395,-48.17913790448453,Delivery-Disappointed,ribeirao bonito
-25.503903419095156,-49.29915005238615,Delivery-Disappointed,curitiba
-23.015680812161104,-45.55837595218639,Delivery-Disappointed,taubate
-22.84401958001996,-47.18833583213561,Delivery-Disappointed,sumare
-23.648796733279465,-46.59512210352588,Delivery-Disappointed,sao paulo
-19.92772413405276,-43.94438902498696,Delivery-Disappointed,belo horizonte
-9.550235999999945,-35.72604433295124,Delivery-Disappointed,maceio
-24.726900901778198,-48.109871630496414,Delivery-Disappointed,cajati
-23.186380013590007,-46.88651921120668,Delivery-Disappointed,jundiai
-23.651402620129755,-46.76770366250216,Delivery-Disappointed,sao paulo
-23.505928816810037,-46.72415478475394,Delivery-Disappointed,sao paulo
-16.7224226128167,-43.86324095489327,Delivery-Disappointed,montes claros
-22.93106051096427,-47.111613736896366,Delivery-Disappointed,campinas
-19.82163865421037,-40.27287427808431,Delivery-Disappointed,aracruz
-22.2835805047368,-42.53537225497943,Delivery-Disappointed,nova friburgo
-23.70540496744501,-46.5699240313636,Delivery-Disappointed,sao bernardo do campo
-9.05622452267114,-36.62388843648733,Delivery-Disappointed,terezinha
-22.88751675166894,-43.12059679174127,Delivery-Disappointed,niteroi
-22.970894018595992,-43.38784233625709,Delivery-Disappointed,rio de janeiro
-15.806380500000005,-47.89611441269883,Delivery-Disappointed,brasilia
-28.98697117385384,-51.40691268200849,Delivery-Disappointed,nova roma do sul
-22.962608088810693,-43.17066214169881,Delivery-Disappointed,rio de janeiro
-16.035915275865175,-48.06324447430705,Delivery-Disappointed,brasilia
-21.639537448348893,-41.04520349605082,Delivery-Disappointed,sao joao da barra
-23.66302825867045,-46.68945333243405,Delivery-Disappointed,sao paulo
-19.31467881193368,-46.05001823735698,Delivery-Disappointed,sao gotardo
-22.900371422153583,-43.28638470439734,Delivery-Disappointed,rio de janeiro
-11.430460469498792,-40.59745750437225,Delivery-Disappointed,miguel calmon
-18.960626425032004,-46.99281595380266,Delivery-Disappointed,patrocinio
-19.327463311559647,-41.25526233112589,Delivery-Disappointed,resplendor
-22.901833414103496,-43.18080246058632,Delivery-Disappointed,rio de janeiro
-22.770399908130887,-47.15092318067981,Delivery-Disappointed,paulinia
-22.75756675966071,-47.416027840450326,Delivery-Disappointed,santa barbara d'oeste
-23.528073991949917,-46.33998564570951,Delivery-Disappointed,poa
-23.177439754371285,-45.88572128733621,Delivery-Disappointed,sao jose dos campos
-22.894390490289645,-47.17321327031648,Delivery-Disappointed,hortolandia
-29.63760126795937,-51.00682848756556,Delivery-Disappointed,sapiranga
-23.53178278562272,-46.33532689737445,Delivery-Disappointed,poa
-27.59498544240868,-48.54438165070117,Delivery-Disappointed,florianopolis
-9.605774210658424,-35.72294270891233,Delivery-Disappointed,maceio
-20.1379005,-40.18867515952251,Delivery-Disappointed,serra
-19.867906407416527,-43.948638825898854,Delivery-Disappointed,belo horizonte
-23.46215080460501,-46.67507099999999,Delivery-Disappointed,sao paulo
-23.43411781571351,-47.477925945825476,Delivery-Disappointed,sorocaba
-22.210748951881115,-45.263105855043406,Delivery-Disappointed,cristina
-28.657680443097405,-56.00416999195216,Delivery-Disappointed,sao borja
-10.85666556707265,-37.08593457569617,Delivery-Disappointed,nossa senhora do socorro
-22.883198874865943,-43.57521274034859,Delivery-Disappointed,rio de janeiro
-23.582760401610017,-46.7395056566738,Delivery-Disappointed,sao paulo
-5.854397720785974,-35.20850839596652,Delivery-Disappointed,natal
-21.82182624375579,-48.14411094601537,Delivery-Disappointed,araraquara
-20.44159268613129,-44.76588783921957,Delivery-Disappointed,claudio
-30.015353525390992,-51.16292631709848,Delivery-Disappointed,porto alegre
-2.499473226500051,-44.29157450865727,Delivery-Disappointed,sao luis
-19.91567272522938,-43.976732227595306,Delivery-Disappointed,belo horizonte
-27.57564786475967,-48.61838774369793,Delivery-Disappointed,sao jose
-23.49189491395926,-46.54629394463038,Delivery-Disappointed,guarulhos
-19.989933935887812,-44.05250196150949,Delivery-Disappointed,belo horizonte
-3.754525549855824,-38.55321898047763,Delivery-Disappointed,fortaleza
-3.762079627531884,-38.53921225478964,Delivery-Disappointed,fortaleza
-22.92956749083907,-43.17681133722368,Delivery-Disappointed,rio de janeiro
-23.512735889072346,-46.50959168913392,Delivery-Disappointed,sao paulo
-27.589984836805336,-48.55106215633563,Delivery-Disappointed,florianopolis
-22.91014622997764,-42.930249345220005,Delivery-Disappointed,marica
-19.74088541741059,-45.2564896750905,Delivery-Disappointed,bom despacho
-23.504739368494633,-46.40971787093889,Delivery-Disappointed,sao paulo
-22.882376409414437,-43.363361678169646,Delivery-Disappointed,rio de janeiro
-23.532920937272795,-46.34951003996194,Delivery-Disappointed,poa
-23.52731184179699,-46.56207954119767,Delivery-Disappointed,sao paulo
-23.426490434905947,-51.948764903829954,Delivery-Disappointed,maringa
-9.661555854290478,-35.75778088288411,Delivery-Disappointed,maceio
-20.429438649938668,-51.34101045695876,Delivery-Disappointed,ilha solteira
-20.76277849262289,-41.53303627979172,Delivery-Disappointed,alegre
-23.20414980599,-45.89810482431184,Delivery-Disappointed,sao jose dos campos
-1.4304219467078465,-48.44961712406944,Delivery-Disappointed,belem
-23.594486576785865,-46.63657403996196,Delivery-Disappointed,sao paulo
-23.54385853621104,-46.64825318186277,Delivery-Disappointed,sao paulo
-23.58085566165113,-46.74270534394391,Delivery-Disappointed,sao paulo
-22.930156503606682,-43.24017317234127,Delivery-Disappointed,rio de janeiro
-25.148222571714548,-53.85168450393442,Delivery-Disappointed,ceu azul
-22.191611364418023,-49.96298504256548,Delivery-Disappointed,marilia
-25.39393168621084,-49.34352887039064,Delivery-Disappointed,curitiba
-21.486471927360125,-51.533519507923636,Delivery-Disappointed,dracena
-29.11996519103083,-51.18273645545199,Delivery-Disappointed,caxias do sul
-23.966109471002326,-46.342983916995166,Delivery-Disappointed,santos
-22.94938780415505,-44.32435793849348,Delivery-Disappointed,angra dos reis
-12.08925543763249,-45.79618023024447,Delivery-Disappointed,luis eduardo magalhaes
-21.775175570907194,-43.353949609498486,Delivery-Disappointed,juiz de fora
-23.42052842894858,-46.50255750693924,Delivery-Disappointed,guarulhos
-20.49587175617251,-47.41830587985834,Delivery-Disappointed,franca
-23.15362829167884,-47.00486613672867,Delivery-Disappointed,jundiai
-23.47037633946894,-46.62881197029413,Delivery-Disappointed,sao paulo
-23.000643279177964,-43.55315755479796,Delivery-Disappointed,rio de janeiro
-19.46970149792253,-42.562507159587966,Delivery-Disappointed,ipatinga
-25.472602577593744,-54.58348773202574,Delivery-Disappointed,foz do iguacu
-23.48567220483005,-46.41874072189959,Delivery-Disappointed,sao paulo
-22.973308930896152,-47.14153015652956,Delivery-Disappointed,campinas
-13.554456618969263,-52.2711727431275,Delivery-Disappointed,canarana
-19.84142470552254,-43.9287782113509,Delivery-Disappointed,belo horizonte
-12.940462707744244,-38.403771175832375,Delivery-Disappointed,salvador
-23.447220663887148,-46.42751660713256,Delivery-Disappointed,guarulhos
-19.935958242858742,-44.017143087699836,Delivery-Disappointed,belo horizonte
-22.97574436886144,-47.127382628757495,Delivery-Disappointed,campinas
-23.611509202750472,-46.737060562115914,Delivery-Disappointed,sao paulo
-22.811934146559597,-43.428974532025656,Delivery-Disappointed,nilopolis
-23.02668528288825,-45.576395725881945,Delivery-Disappointed,taubate
-19.881206603301806,-44.02815630158307,Delivery-Disappointed,contagem
-21.050490827196544,-49.060920951401926,Delivery-Disappointed,catigua
-30.02223398834324,-51.20241111324938,Delivery-Disappointed,porto alegre
-23.53616136554321,-46.79602109908249,Delivery-Disappointed,osasco
-27.898517519845587,-53.3110308143229,Delivery-Disappointed,palmeira das missoes
-22.42605933738185,-43.42262438050091,Delivery-Disappointed,paty do alferes
-20.374072683597397,-40.30532998337161,Delivery-Disappointed,vila velha
-23.615084598389984,-46.766986071614,Delivery-Disappointed,taboao da serra
-19.757774179294827,-47.9553386619712,Delivery-Disappointed,uberaba
-12.942435767608986,-38.44656949792932,Delivery-Disappointed,salvador
-23.676673431862767,-46.74487312602823,Delivery-Disappointed,sao paulo
-27.589984836805336,-48.55106215633563,Delivery-Disappointed,florianopolis
-10.89210237656694,-37.09569807096767,Delivery-Disappointed,aracaju
-23.60710901610016,-46.52604270953325,Delivery-Disappointed,sao paulo
-20.660955301151265,-43.78585877930211,Delivery-Disappointed,conselheiro lafaiete
-22.25165386074497,-45.93133905475374,Delivery-Disappointed,pouso alegre
-10.940934354406048,-37.06368720067511,Delivery-Disappointed,aracaju
-21.095411041525026,-45.56026215449815,Delivery-Disappointed,boa esperanca
-12.894407196931818,-38.42114808874036,Delivery-Disappointed,salvador
-23.563886468780627,-46.66113179724742,Delivery-Disappointed,sao paulo
-22.167981326373056,-43.58219633416256,Delivery-Disappointed,rio das flores
-19.59431840486175,-46.937175010327024,Delivery-Disappointed,araxa
-21.76772576716658,-41.3058716113118,Delivery-Disappointed,campos dos goytacazes
-22.859912806800455,-43.0173956920734,Delivery-Disappointed,sao goncalo
-15.583442679407526,-56.072150601543775,Delivery-Disappointed,cuiaba
-19.93917230548705,-43.48155081485123,Delivery-Disappointed,barao de cocais
-27.416469570556252,-49.60080132989587,Delivery-Disappointed,ituporanga
-26.38638088443971,-53.52624520862069,Delivery-Disappointed,guaruja do sul
-19.87317844463038,-43.98240258909915,Delivery-Disappointed,belo horizonte
-7.985140376074797,-34.85306122017368,Delivery-Disappointed,olinda
-10.972180503953474,-37.06749380191188,Delivery-Disappointed,aracaju
-23.52731184179699,-46.56207954119767,Delivery-Disappointed,sao paulo
-12.506365032050793,-39.00121778685981,Delivery-Disappointed,conceicao da feira
-22.61402477034372,-43.70566429135911,Delivery-Disappointed,paracambi
-21.775175570907194,-43.353949609498486,Delivery-Disappointed,juiz de fora
-17.786206956931046,-40.24599199999997,Delivery-Disappointed,serra dos aimores
-22.919878227018398,-43.21553184638462,Delivery-Disappointed,rio de janeiro
-23.60277934013788,-46.58951402699232,Delivery-Disappointed,sao paulo
-23.4921643412083,-46.35031920014024,Delivery-Disappointed,itaquaquecetuba
-27.15810352400601,-52.31421554392809,Delivery-Disappointed,seara
-23.597860271150555,-46.59939648144286,Delivery-Disappointed,sao paulo
-22.986114974864595,-43.4561553524591,Delivery-Disappointed,rio de janeiro
-24.03377804676809,-52.37626746763636,Delivery-Disappointed,campo mourao
-22.392665048156225,-47.57602909090359,Delivery-Disappointed,rio claro
-23.564652963204427,-46.51778432292687,Delivery-Disappointed,sao paulo
-22.771943889865383,-43.525243215715406,Delivery-Disappointed,nova iguacu
-27.967982288743094,-48.680847136996434,Delivery-Disappointed,paulo lopes
-29.240295825450296,-51.34710687017274,Delivery-Disappointed,farroupilha
-23.1244962120434,-46.58359363780365,Delivery-Disappointed,atibaia
-23.55957485068379,-46.77575905150596,Delivery-Disappointed,osasco
-8.026497604953843,-34.993003180405665,Delivery-Disappointed,camaragibe
-23.475764053566273,-46.53962921426509,Delivery-Disappointed,guarulhos
-20.4100278727316,-42.89642624318659,Delivery-Disappointed,ponte nova
-6.791442278908898,-39.297542976748076,Delivery-Disappointed,varzea alegre
-22.815872853453754,-43.22428740146579,Delivery-Disappointed,rio de janeiro
-19.822559071051415,-43.99733813913173,Delivery-Disappointed,belo horizonte
-23.46913690980433,-46.59426446350052,Delivery-Disappointed,sao paulo
-3.794837698088561,-38.47250449624909,Delivery-Disappointed,fortaleza
-22.01294095161805,-47.41565859685223,Delivery-Disappointed,pirassununga
-27.59525894226445,-48.55346741363679,Delivery-Disappointed,florianopolis
-23.709584934024686,-46.509238729110194,Delivery-Disappointed,santo andre
-19.901112365110514,-43.97842199207982,Delivery-Disappointed,belo horizonte
-22.900371422153583,-43.28638470439734,Delivery-Disappointed,rio de janeiro
-23.66594814120814,-46.56460097155059,Delivery-Disappointed,sao bernardo do campo
-20.23750661693996,-40.27106778721477,Delivery-Disappointed,serra
-15.86552921219577,-48.079154191946174,Delivery-Disappointed,brasilia
-18.16972792951116,-47.94635901554309,Delivery-Disappointed,catalao
-23.2224345,-45.30908014762533,Delivery-Disappointed,sao luis do paraitinga
-23.575325636966944,-46.64764110061168,Delivery-Disappointed,sao paulo
-18.75756011835844,-44.43159029668814,Delivery-Disappointed,curvelo
-21.097050683190034,-48.66292150064223,Delivery-Disappointed,pirangi
-23.21087131779099,-45.85379743144441,Delivery-Disappointed,sao jose dos campos
-22.902127847625383,-43.12463807063305,Delivery-Disappointed,niteroi
-21.20303590598236,-47.80187851542229,Delivery-Disappointed,ribeirao preto
-18.90901729347505,-41.948558876606825,Delivery-Disappointed,governador valadares
-20.72024570526651,-46.60596530719522,Delivery-Disappointed,passos
-6.36995040094682,-39.30335227768554,Delivery-Disappointed,iguatu
-12.234761340267791,-38.938108604910845,Delivery-Disappointed,feira de santana
-22.720473069088918,-47.3069096297536,Delivery-Disappointed,americana
-7.090628239643028,-34.84206944018698,Delivery-Disappointed,joao pessoa
-16.771046667440487,-47.611067209428484,Delivery-Disappointed,cristalina
-23.952467126839394,-46.31984960199666,Delivery-Disappointed,santos
-23.02995052330053,-46.97810387762745,Delivery-Disappointed,vinhedo
-20.559393016629343,-44.86870713083341,Delivery-Disappointed,carmo da mata
-23.53429039869583,-46.40896852400602,Delivery-Disappointed,sao paulo
-12.97613727903294,-38.431437401610026,Delivery-Disappointed,salvador
-23.001664514859417,-43.40383953802869,Delivery-Disappointed,rio de janeiro
-19.907292059668787,-44.00765821816024,Delivery-Disappointed,belo horizonte
-23.521738300998337,-46.48227537829649,Delivery-Disappointed,sao paulo
-22.89221457285476,-47.05538112679289,Delivery-Disappointed,campinas
-22.244021759247783,-43.704838079140345,Delivery-Disappointed,valenca
-23.503853294477462,-46.55491073216861,Delivery-Disappointed,guarulhos
-23.499520197749,-46.341727616325045,Delivery-Disappointed,itaquaquecetuba
-6.751304322520536,-35.63419904821568,Delivery-Disappointed,bananeiras
-29.89894481127012,-51.16366879649095,Delivery-Disappointed,canoas
-22.899799131282798,-43.22889885317963,Delivery-Disappointed,rio de janeiro
-22.577450868185096,-44.96144299160366,Delivery-Disappointed,cruzeiro
-23.530663706921843,-46.72659391479598,Delivery-Disappointed,sao paulo
-22.493925000000004,-41.91441804764932,Delivery-Disappointed,rio das ostras
-22.839524010675806,-43.40384199473421,Delivery-Disappointed,rio de janeiro
-15.583442679407526,-56.072150601543775,Delivery-Disappointed,cuiaba
-23.560346912574285,-46.804552568195014,Delivery-Disappointed,osasco
-21.76169215935807,-41.33940660165804,Delivery-Disappointed,campos dos goytacazes
-22.57649369393669,-41.9879065802644,Delivery-Disappointed,barra de sao joao
-15.86130828036564,-38.87892649900212,Delivery-Disappointed,belmonte
-22.29606822344036,-49.06307129516995,Delivery-Disappointed,bauru
-22.79576076027885,-45.18399450705559,Delivery-Disappointed,guaratingueta
-19.989037300364373,-44.43044527644809,Delivery-Disappointed,mateus leme
-23.562280655288813,-46.64770279141904,Delivery-Disappointed,sao paulo
-22.74839088552565,-43.35997327826623,Delivery-Disappointed,belford roxo
-23.538023539179946,-46.88948064085956,Delivery-Disappointed,barueri
-8.132909429630377,-34.94236055202014,Delivery-Disappointed,recife
-22.28793624001079,-46.61380166682788,Delivery-Disappointed,jacutinga
-22.822193309917086,-47.27062894035096,Delivery-Disappointed,sumare
-13.002814446015355,-38.46387616648835,Delivery-Disappointed,salvador
-23.943189268942238,-46.352104226981,Delivery-Disappointed,santos
-31.764857610739234,-52.33860395288248,Delivery-Disappointed,pelotas
-22.944152786057888,-43.03479115358205,Delivery-Disappointed,niteroi
-22.95459806717061,-43.17731169269164,Delivery-Disappointed,rio de janeiro
-15.68789150660022,-47.8263635190533,Delivery-Disappointed,brasilia
-23.49847853427779,-46.63638298557326,Delivery-Disappointed,sao paulo
-3.743404753534559,-38.484067201709045,Delivery-Disappointed,fortaleza
-19.970868116609125,-43.93993252477061,Delivery-Disappointed,belo horizonte
-3.804562624664079,-38.56608760960928,Delivery-Disappointed,fortaleza
-23.58798454662256,-48.0442202454346,Delivery-Disappointed,itapetininga
-22.826290558139576,-43.346164988324404,Delivery-Disappointed,rio de janeiro
-22.894390490289645,-47.17321327031648,Delivery-Disappointed,hortolandia
-22.871043691369945,-43.430226383360264,Delivery-Disappointed,rio de janeiro
-23.96611160958031,-46.32897579365818,Delivery-Disappointed,santos
-23.547318332976886,-46.52155376768715,Delivery-Disappointed,sao paulo
-22.399846987961016,-41.80171345133693,Delivery-Disappointed,macae
-23.648068339394207,-46.43569928406145,Delivery-Disappointed,maua
-22.887081387183287,-43.55767681002937,Delivery-Disappointed,rio de janeiro
-19.92680516328947,-44.03473417099771,Delivery-Disappointed,contagem
-22.94144365084541,-43.19161318538299,Delivery-Disappointed,rio de janeiro
-19.966985233714336,-44.04692748788558,Delivery-Disappointed,contagem
-22.954498317216,-43.06291718175602,Delivery-Disappointed,niteroi
-6.074258046829258,-49.897436959141274,Delivery-Disappointed,parauapebas
-23.7367709686364,-46.79201380460501,Delivery-Disappointed,sao paulo
-29.755665,-57.08639199222368,Delivery-Disappointed,uruguaiana
-20.14068469699654,-44.88753081910666,Delivery-Disappointed,divinopolis
-22.812430771982832,-42.98860405382278,Delivery-Disappointed,sao goncalo
-22.67417373081719,-43.61239070414389,Delivery-Disappointed,japeri
-21.933861227198577,-42.60785674804232,Delivery-Disappointed,carmo
-23.575635922557613,-46.62076735720466,Delivery-Disappointed,sao paulo
-24.00854267253503,-46.27294241879315,Delivery-Disappointed,guaruja
-22.82827005636834,-43.01210347482567,Delivery-Disappointed,sao goncalo
-22.894201085809595,-43.22436132361935,Delivery-Disappointed,rio de janeiro
-23.156299066198635,-47.04923371339494,Delivery-Disappointed,itupeva
-3.8693024798564384,-38.588532856129326,Delivery-Disappointed,maracanau
-22.87813544936224,-43.42601681885324,Delivery-Disappointed,rio de janeiro
-23.70287807120749,-46.54433616866869,Delivery-Disappointed,sao bernardo do campo
-22.933631577298154,-43.37647022788376,Delivery-Disappointed,rio de janeiro
-22.897497594494848,-43.5771638381903,Delivery-Disappointed,rio de janeiro
-23.56725233972215,-51.46175999403626,Delivery-Disappointed,apucarana
-23.69066643075192,-46.70391215514457,Delivery-Disappointed,sao paulo
-19.74570399283904,-43.94251767343394,Delivery-Disappointed,vespasiano
-22.93528073550116,-43.18165906085174,Delivery-Disappointed,rio de janeiro
-22.936854813491813,-43.35996102505908,Delivery-Disappointed,rio de janeiro
-16.660615500000002,-49.38486108761814,Delivery-Disappointed,goiania
-12.913195725229384,-38.47504062031853,Delivery-Disappointed,salvador
-23.8467197767325,-50.190322920354674,Delivery-Disappointed,ibaiti
-22.92478771996359,-43.199137587425696,Delivery-Disappointed,rio de janeiro
-26.313388752986302,-48.85602003497027,Delivery-Disappointed,joinville
-3.687740905283781,-40.351584297332586,Delivery-Disappointed,sobral
-19.954446958060508,-44.02612231409741,Delivery-Disappointed,contagem
-23.001664514859417,-43.40383953802869,Delivery-Disappointed,rio de janeiro
-23.72650754342439,-46.57996607380704,Delivery-Disappointed,sao bernardo do campo
-23.00201725264065,-47.01398499375042,Delivery-Disappointed,valinhos
-23.539748346040337,-46.904221413051374,Delivery-Disappointed,jandira
-21.803961189555373,-41.30163375121015,Delivery-Disappointed,campos dos goytacazes
-23.35239664656856,-47.86988662405665,Delivery-Disappointed,tatui
-8.8813693777312,-36.19768233372076,Delivery-Disappointed,canhotinho
-12.951513139157491,-38.46470410380277,Delivery-Disappointed,salvador
-22.783912380347,-43.39740129925383,Delivery-Disappointed,sao joao de meriti
-19.87874816625308,-43.9310537134284,Delivery-Disappointed,belo horizonte
-3.714989827193029,-38.56282728628314,Delivery-Disappointed,fortaleza
-19.85981396863639,-43.94087908771503,Delivery-Disappointed,belo horizonte
-22.75416336358131,-47.347509410352586,Delivery-Disappointed,americana
-16.620032518974025,-49.29347497390297,Delivery-Disappointed,goiania
-16.64256734644514,-49.274629289868436,Delivery-Disappointed,goiania
-20.14068469699654,-44.88753081910666,Delivery-Disappointed,divinopolis
-27.079432218875073,-52.62985041143316,Delivery-Disappointed,chapeco
-29.762709138351518,-51.11157437142061,Delivery-Disappointed,sao leopoldo
-22.93106051096427,-47.111613736896366,Delivery-Disappointed,campinas
-23.69029792389557,-46.6296561291374,Delivery-Disappointed,diadema
-22.974699877315537,-43.70176894594324,Delivery-Disappointed,rio de janeiro
-14.538822410825404,-52.79620927747966,Delivery-Disappointed,campinapolis
-27.654333563838055,-48.48006946565008,Delivery-Disappointed,florianopolis
-23.001664514859417,-43.40383953802869,Delivery-Disappointed,rio de janeiro
-31.365955748569235,-51.976696172896695,Delivery-Disappointed,sao lourenco do sul
-3.7983372957287624,-38.49372270302672,Delivery-Disappointed,fortaleza
-10.686135392421832,-37.42703415844027,Delivery-Disappointed,itabaiana
-23.575325636966944,-46.64764110061168,Delivery-Disappointed,sao paulo
-21.456024671976614,-47.01401039581651,Delivery-Disappointed,mococa
-15.799814381522625,-47.93030100000001,Delivery-Disappointed,brasilia
-23.21087131779099,-45.85379743144441,Delivery-Disappointed,sao jose dos campos
-22.508449771958414,-43.18153757429056,Delivery-Disappointed,petropolis
-23.621855280598997,-46.63756199125743,Delivery-Disappointed,sao paulo
-15.90082003623503,-48.06445981057301,Delivery-Disappointed,brasilia
-23.498768612632283,-46.69245723015536,Delivery-Disappointed,sao paulo
-19.957541417203984,-44.04055122942563,Delivery-Disappointed,contagem
-23.452496984943004,-46.47566216472387,Delivery-Disappointed,guarulhos
-16.64256734644514,-49.274629289868436,Delivery-Disappointed,goiania
-22.71094014334433,-43.441916170308005,Delivery-Disappointed,nova iguacu
-23.60016316457964,-46.652489716631024,Delivery-Disappointed,sao paulo
-21.24481728187358,-44.99836509644241,Delivery-Disappointed,lavras
-15.78888908434432,-48.12509694080207,Delivery-Disappointed,brasilia
-23.559782929434768,-46.17959220831487,Delivery-Disappointed,mogi das cruzes
-23.50256652178249,-46.452450228453756,Delivery-Disappointed,sao paulo
-23.75540171490374,-46.682765544405335,Delivery-Disappointed,sao paulo
-20.35275295482454,-40.353846654404,Delivery-Disappointed,vila velha
-22.244021759247783,-43.704838079140345,Delivery-Disappointed,valenca
-23.462966912574295,-46.64955084824575,Delivery-Disappointed,sao paulo
-22.436760384124867,-46.96442091571881,Delivery-Disappointed,mogi mirim
-23.733129426122748,-46.596981366719305,Delivery-Disappointed,sao bernardo do campo
-21.788259192047157,-46.565584849600626,Delivery-Disappointed,pocos de caldas
-29.925585916051066,-51.06482257201803,Delivery-Disappointed,gravatai
-22.90316625284208,-43.10713068500763,Delivery-Disappointed,niteroi
-23.651135718275818,-46.80456122439265,Delivery-Disappointed,embu das artes
-23.241954897448203,-45.91352123353927,Delivery-Disappointed,sao jose dos campos
-29.704745323598345,-52.4269883526023,Delivery-Disappointed,santa cruz do sul
-22.89221457285476,-47.05538112679289,Delivery-Disappointed,campinas
-22.964288895954525,-43.402024304605,Delivery-Disappointed,rio de janeiro
-8.111223518517882,-35.299644392264234,Delivery-Disappointed,vitoria de santo antao
-11.607759409031724,-39.63159675146457,Delivery-Disappointed,nova fatima
-23.657594422076475,-46.6989063034577,Delivery-Disappointed,sao paulo
-23.421459816219063,-51.42339861868795,Delivery-Disappointed,arapongas
-16.665023999999946,-49.30545499999997,Delivery-Disappointed,goiania
-22.538864163443847,-41.97501205167477,Delivery-Disappointed,rio das ostras
-23.627382244243726,-46.69532863321602,Delivery-Disappointed,sao paulo
-23.541264000000005,-46.7073759204773,Delivery-Disappointed,sao paulo
-26.44680635123206,-49.059398664781654,Delivery-Disappointed,jaragua do sul
-7.111564538302833,-34.8650286044347,Delivery-Disappointed,joao pessoa
-22.997187,-47.5061538506838,Delivery-Disappointed,capivari
-23.46806613442632,-46.66436133472787,Delivery-Disappointed,sao paulo
-23.558241337915224,-51.487776298506205,Delivery-Disappointed,apucarana
-4.878065559957687,-43.35242484944471,Delivery-Disappointed,caxias
-26.536713131558077,-53.331093002568124,Delivery-Disappointed,anchieta
-3.7348326566737913,-38.57754530322004,Delivery-Disappointed,fortaleza
-22.69719827676307,-43.43065504951397,Delivery-Disappointed,nova iguacu
-8.793428082580107,-63.886633778724615,Delivery-Disappointed,porto velho
-23.473846152374616,-46.674840944630375,Delivery-Disappointed,sao paulo
-23.669919328035405,-46.802391524496485,Delivery-Disappointed,embu das artes
-23.70785448456366,-46.556180165898496,Delivery-Disappointed,sao bernardo do campo
-22.757109660481568,-43.398140636434135,Delivery-Disappointed,belford roxo
-22.92956749083907,-43.17681133722368,Delivery-Disappointed,rio de janeiro
-25.433876828755256,-49.22648185928214,Delivery-Disappointed,curitiba
-22.941046165690945,-43.17617823078362,Delivery-Disappointed,rio de janeiro
-16.740979757471482,-43.84815993588782,Delivery-Disappointed,montes claros
-2.2451511099395716,-49.50111025019855,Delivery-Disappointed,cameta
-23.705939631453408,-49.482958686566384,Delivery-Disappointed,itaporanga
-23.553812608661765,-46.41191057118132,Delivery-Disappointed,sao paulo
-22.85306662724342,-43.32818704218364,Delivery-Disappointed,rio de janeiro
-3.756639802072311,-38.61845111659876,Delivery-Disappointed,caucaia
-22.973308930896152,-47.14153015652956,Delivery-Disappointed,campinas
-23.438943810836285,-46.38146923642413,Delivery-Disappointed,itaquaquecetuba
-20.4552675,-42.66681555841232,Delivery-Disappointed,jequeri
-23.64481685899368,-46.818652038770416,Delivery-Disappointed,embu das artes
-20.347899242077062,-40.39601827458058,Delivery-Disappointed,cariacica
-21.469019615660827,-49.22271248704437,Delivery-Disappointed,novo horizonte
-22.896552719949256,-43.27121502703577,Delivery-Disappointed,rio de janeiro
-10.9706443440635,-37.05566249125744,Delivery-Disappointed,aracaju
-30.010172102415027,-51.107087607565234,Delivery-Disappointed,porto alegre
-23.01048058728148,-43.334463714813374,Delivery-Disappointed,rio de janeiro
-23.478780458975653,-46.42653574909117,Delivery-Disappointed,sao paulo
-20.21372452070291,-40.24370962506858,Delivery-Disappointed,serra
-23.484228877013024,-46.86153336919632,Delivery-Disappointed,barueri
-9.910521059189342,-36.3562210824076,Delivery-Disappointed,teotonio vilela
-23.46215080460501,-46.67507099999999,Delivery-Disappointed,sao paulo
-19.965074323330903,-43.94845903260437,Delivery-Disappointed,belo horizonte
-22.20312693796528,-49.93823342687111,Delivery-Disappointed,marilia
-21.558612549400785,-45.445383520202675,Delivery-Disappointed,varginha
-23.566642758396327,-46.487620556336225,Delivery-Disappointed,sao paulo
-22.984902366639727,-43.22424120122337,Delivery-Disappointed,rio de janeiro
-22.644949371172924,-43.26241583228318,Delivery-Disappointed,duque de caxias
-23.086036875382305,-46.954171930582575,Delivery-Disappointed,louveira
-3.498943335147733,-39.5805599213898,Delivery-Disappointed,itapipoca
-15.843092528722453,-47.82225242246026,Delivery-Disappointed,brasilia
-12.985296487633164,-38.51341423789813,Delivery-Disappointed,salvador
-22.851976097409032,-43.489550556206346,Delivery-Disappointed,rio de janeiro
-21.369527999999992,-45.51333121888784,Delivery-Disappointed,tres pontas
-23.594043310577625,-46.67037432001268,Delivery-Disappointed,sao paulo
-30.05236440550516,-51.22074879225576,Delivery-Disappointed,porto alegre
-23.544371310789767,-46.88894353674269,Delivery-Disappointed,barueri
-15.83249161554641,-48.107208189193145,Delivery-Disappointed,brasilia
-30.0557439998701,-51.20514381321769,Delivery-Disappointed,porto alegre
-23.636231749639425,-46.65528125464735,Delivery-Disappointed,sao paulo
-23.609652160972967,-46.50791542841971,Delivery-Disappointed,sao paulo
-21.656573817335406,-49.76415407981919,Delivery-Disappointed,lins
-3.459902263478073,-40.208837765404525,Delivery-Disappointed,santana do acarau
-18.577870491711234,-46.52349269915605,Delivery-Disappointed,patos de minas
-19.877812277175305,-44.04251659725006,Delivery-Disappointed,contagem
-19.961046450998765,-43.40998780661888,Delivery-Disappointed,santa barbara
-5.143359999999973,-42.78638999999998,Delivery-Disappointed,teresina
-23.04617324043233,-45.55510219326019,Delivery-Disappointed,taubate
-2.520116178999956,-44.26263788381249,Delivery-Disappointed,sao luis
-23.646786637622345,-46.78283934179701,Delivery-Disappointed,sao paulo
-23.5308241992758,-46.564551750224425,Delivery-Disappointed,sao paulo
-23.509647981958324,-46.78850494829349,Delivery-Disappointed,osasco
-22.220810209919584,-45.93772077701226,Delivery-Disappointed,pouso alegre
-30.00483388090525,-51.13169099999999,Delivery-Disappointed,porto alegre
-3.683209986699917,-40.31714435165925,Delivery-Disappointed,sobral
-22.8631956201346,-43.7684391346388,Delivery-Disappointed,itaguai
-22.888843406616004,-43.06812275944768,Delivery-Disappointed,niteroi
-23.56196060560334,-46.689287097005,Delivery-Disappointed,sao paulo
-20.85730344893213,-41.10644779138196,Delivery-Disappointed,cachoeiro de itapemirim
-15.830932016803072,-48.0110489635657,Delivery-Disappointed,brasilia
-26.835516281044985,-48.63400504258813,Delivery-Disappointed,navegantes
-29.70589281397148,-51.14196186789605,Delivery-Disappointed,novo hamburgo
-28.25857565440532,-52.406503307382735,Delivery-Disappointed,passo fundo
-20.350012208028105,-40.31346088666388,Delivery-Disappointed,vila velha
-20.347482269513343,-40.304814003114416,Delivery-Disappointed,vila velha
-16.622779069777074,-49.308471077149264,Delivery-Disappointed,goiania
-23.546865429254996,-46.93000464678376,Delivery-Disappointed,itapevi
-3.72499877208756,-38.49182428530263,Delivery-Disappointed,fortaleza
-23.62680913572619,-46.60547894532286,Delivery-Disappointed,sao paulo
-23.58072185744095,-46.65219685622371,Delivery-Disappointed,sao paulo
-22.39543462993152,-41.79411967983021,Delivery-Disappointed,macae
-23.482295622540228,-46.647257882739886,Delivery-Disappointed,sao paulo
-22.788106742896087,-43.005925532772785,Delivery-Disappointed,sao goncalo
-12.987852544338008,-38.50062851637428,Delivery-Disappointed,salvador
-23.534811000000005,-46.68100444047543,Delivery-Disappointed,sao paulo
-17.223373086135236,-46.87518788782276,Delivery-Disappointed,paracatu
-20.91530329073143,-46.98467076257852,Delivery-Disappointed,sao sebastiao do paraiso
-21.78163938153052,-48.145109212735896,Delivery-Disappointed,araraquara
-9.912030288047891,-63.04099949999999,Delivery-Disappointed,ariquemes
-21.969376473950696,-47.89086773875321,Delivery-Disappointed,sao carlos
-21.6007537006066,-46.89379332908108,Delivery-Disappointed,sao jose do rio pardo
-30.04632895480777,-51.13770365569283,Delivery-Disappointed,porto alegre
-19.759203807039285,-47.93968152295908,Delivery-Disappointed,uberaba
-14.068487619139265,-42.488189883855696,Delivery-Disappointed,caetite
-22.239823544390823,-54.752429139969394,Delivery-Disappointed,dourados
-22.38402218078369,-46.9362356656652,Delivery-Disappointed,mogi-guacu
-20.853054,-41.11659037939645,Delivery-Disappointed,cachoeiro de itapemirim
-16.36196685190559,-46.898106210100984,Delivery-Disappointed,unai
-19.898507273933895,-43.98757313926077,Delivery-Disappointed,belo horizonte
-22.938116465015383,-43.34624991498367,Delivery-Disappointed,rio de janeiro
-22.93528073550116,-43.18165906085174,Delivery-Disappointed,rio de janeiro
-22.83448266224237,-43.2964392423105,Delivery-Disappointed,rio de janeiro
-27.68260743184844,-48.48910090466843,Delivery-Disappointed,florianopolis
-23.4853411640076,-47.47911917124475,Delivery-Disappointed,sorocaba
-16.49976822233174,-49.42309350171501,Delivery-Disappointed,goianira
-23.51206154593456,-46.71736248182236,Delivery-Disappointed,sao paulo
-23.661310401047427,-46.42192988382407,Delivery-Disappointed,maua
-27.15253242886683,-48.50464784416293,Delivery-Disappointed,bombinhas
-16.642601927579523,-49.32361090376197,Delivery-Disappointed,goiania
-26.270125529620692,-48.881667226504916,Delivery-Disappointed,joinville
-29.996565087324047,-51.01231461998883,Delivery-Disappointed,alvorada
-5.522166198874023,-47.487309059746515,Delivery-Disappointed,imperatriz
-22.80068763878981,-43.41582352736482,Delivery-Disappointed,nilopolis
-22.70773783563989,-43.30162281108028,Delivery-Disappointed,duque de caxias
-23.62112665860704,-46.695271263402304,Delivery-Disappointed,sao paulo
-19.454748663887155,-42.546900242714514,Delivery-Disappointed,ipatinga
-29.69354732415027,-53.84853238656184,Delivery-Disappointed,santa maria
-23.10247099514172,-47.71298250000001,Delivery-Disappointed,tiete
-22.938556678817257,-43.06189295407768,Delivery-Disappointed,niteroi
-19.936877427145244,-43.96747446113456,Delivery-Disappointed,belo horizonte
-23.523153631975287,-46.44540787343005,Delivery-Disappointed,sao paulo
-19.527311798788695,-40.66467153094227,Delivery-Disappointed,colatina
-23.39857669000071,-45.884859018856616,Delivery-Disappointed,santa branca
-8.01201049369657,-35.69931810615622,Delivery-Disappointed,cumaru
-2.996303967386479,-47.35503645658923,Delivery-Disappointed,paragominas
-19.87874816625308,-43.9310537134284,Delivery-Disappointed,belo horizonte
-7.147513136046957,-34.83958486372555,Delivery-Disappointed,joao pessoa
-22.927911349702853,-43.23215035152053,Delivery-Disappointed,rio de janeiro
-16.285004525009693,-39.026519071777095,Delivery-Disappointed,santa cruz cabralia
-23.556877800743933,-46.93993487311839,Delivery-Disappointed,itapevi
-23.603294655707167,-46.74911707737028,Delivery-Disappointed,sao paulo
-21.27537241391624,-50.33255050652044,Delivery-Disappointed,birigui
-20.004409586010045,-43.84298511195,Delivery-Disappointed,nova lima
-8.285350546610537,-35.98953645822038,Delivery-Disappointed,caruaru
-23.5367276079389,-46.369633895765645,Delivery-Disappointed,ferraz de vasconcelos
-15.826296701586385,-47.92165610336732,Delivery-Disappointed,brasilia
-15.80138967693458,-47.92204575000001,Delivery-Disappointed,brasilia
-1.2047659517138594,-46.0214325,Delivery-Disappointed,carutapera
-20.84055349521213,-40.731995427398296,Delivery-Disappointed,piuma
-16.002971703588432,-41.280258640299486,Delivery-Disappointed,pedra azul
-23.4921643412083,-46.35031920014024,Delivery-Disappointed,itaquaquecetuba
-21.9725602790242,-46.795694051741215,Delivery-Disappointed,sao joao da boa vista
-10.649021520663837,-36.987844217392094,Delivery-Disappointed,carmopolis
-23.60759808604073,-46.61094936303305,Delivery-Disappointed,sao paulo
-23.322352248071105,-46.58973137816835,Delivery-Disappointed,mairipora
-18.944314187344897,-48.27933001540767,Delivery-Disappointed,uberlandia
-20.298303175717855,-40.30936202974305,Delivery-Disappointed,vitoria
-22.74250881662691,-43.4750936819846,Delivery-Disappointed,nova iguacu
-5.35428712184862,-49.09348107313951,Delivery-Disappointed,maraba
-23.500308274900522,-46.77668131034647,Delivery-Disappointed,osasco
-23.433704701885496,-46.58489999999999,Delivery-Disappointed,sao paulo
-16.74998499999998,-49.22596154517842,Delivery-Disappointed,aparecida de goiania
-13.002814446015355,-38.46387616648835,Delivery-Disappointed,salvador
-25.469979548156257,-49.306212701915854,Delivery-Disappointed,curitiba
-23.597328572854757,-46.50811226741303,Delivery-Disappointed,sao paulo
-3.196662876107953,-52.21699290487416,Delivery-Disappointed,altamira
-10.927031018047726,-37.064506054951245,Delivery-Disappointed,aracaju
-3.7262555021846753,-40.99180363301013,Delivery-Disappointed,tiangua
-19.924139199838383,-43.99023111795261,Delivery-Disappointed,belo horizonte
-22.69113762150345,-52.73494399850675,Delivery-Disappointed,adhemar de barros
-3.7445460349702855,-38.50324392783773,Delivery-Disappointed,fortaleza
-2.540111488380642,-44.22518421687788,Delivery-Disappointed,sao luis
-22.407385427989674,-41.83962087054915,Delivery-Disappointed,macae
-22.15647675126113,-42.41863431872449,Delivery-Disappointed,bom jardim
-22.838534062015846,-42.2259322108234,Delivery-Disappointed,iguaba grande
-22.336914844307163,-49.06153689090554,Delivery-Disappointed,bauru
-22.814348940331204,-43.20267075284208,Delivery-Disappointed,rio de janeiro
-23.54175760166953,-46.30016626692366,Delivery-Disappointed,suzano
-23.156299066198635,-47.04923371339494,Delivery-Disappointed,itupeva
-22.879118416924303,-43.57625920989382,Delivery-Disappointed,rio de janeiro
-23.570810444514542,-46.69077501106554,Delivery-Disappointed,sao paulo
-18.412745195730892,-40.21478707573601,Delivery-Disappointed,pinheiros
-19.829165681990187,-43.93569428766812,Delivery-Disappointed,belo horizonte
-23.68698516287448,-46.552552123595405,Delivery-Disappointed,sao bernardo do campo
-23.458178949347918,-46.422005872468105,Delivery-Disappointed,guarulhos
-22.97930244479442,-46.99519549601077,Delivery-Disappointed,valinhos
-23.04617324043233,-45.55510219326019,Delivery-Disappointed,taubate
-23.68118030474924,-46.44412708563669,Delivery-Disappointed,maua
-21.71774478879331,-43.40704887577783,Delivery-Disappointed,juiz de fora
-22.91408114285877,-43.22386956688216,Delivery-Disappointed,rio de janeiro
-27.642501237607874,-48.68054933753507,Delivery-Disappointed,palhoca
-6.455069440245824,-36.20711032823088,Delivery-Disappointed,nova floresta
-25.37729404556022,-49.23385197625914,Delivery-Disappointed,curitiba
-23.44749245462893,-46.58919046640291,Delivery-Disappointed,sao paulo
-22.87628637468981,-48.435646706698144,Delivery-Disappointed,botucatu
-22.750014142939563,-45.12177741257429,Delivery-Disappointed,lorena
-19.414569548618264,-42.41584571438497,Delivery-Disappointed,ipaba
-14.2055173523883,-41.67101534752584,Delivery-Disappointed,brumado
-30.13064882653355,-51.2200832278551,Delivery-Disappointed,porto alegre
-23.70785448456366,-46.556180165898496,Delivery-Disappointed,sao bernardo do campo
-22.815881818318132,-42.95084682281653,Delivery-Disappointed,sao goncalo
-30.030201334179605,-51.22766868774895,Delivery-Disappointed,porto alegre
-12.741799564324262,-60.13808040474748,Delivery-Disappointed,vilhena
-21.12717351623222,-56.485972478116985,Delivery-Disappointed,bonito
-27.214762141686712,-49.640232592201016,Delivery-Disappointed,rio do sul
-26.912615530002004,-48.67401528393623,Delivery-Disappointed,itajai
-22.971588385030664,-43.33006828639565,Delivery-Disappointed,rio de janeiro
-23.670394104622392,-46.47515734762539,Delivery-Disappointed,maua
-23.01113485206877,-43.31036525832422,Delivery-Disappointed,rio de janeiro
-19.46970149792253,-42.562507159587966,Delivery-Disappointed,ipatinga
-22.827719800210637,-43.36298572771183,Delivery-Disappointed,rio de janeiro
-20.004409586010045,-43.84298511195,Delivery-Disappointed,nova lima
-29.19022128139438,-51.23225297662016,Delivery-Disappointed,caxias do sul
-23.609357549541244,-46.489552176798995,Delivery-Disappointed,sao paulo
-22.920179070777287,-43.1800400189857,Delivery-Disappointed,rio de janeiro
-23.514924011106206,-46.370295908895486,Delivery-Disappointed,ferraz de vasconcelos
-15.746201999999997,-47.887605,Delivery-Disappointed,brasilia
-23.62087271994926,-46.68512455646613,Delivery-Disappointed,sao paulo
-23.193263808211693,-47.27517269663572,Delivery-Disappointed,salto
-22.854677050233725,-47.05197199708997,Delivery-Disappointed,campinas
-19.870106184913464,-43.91871377032721,Delivery-Disappointed,belo horizonte
-23.92722333314212,-46.38278809991919,Delivery-Disappointed,santos
-18.59508110934971,-46.51777561124804,Delivery-Disappointed,patos de minas
-22.39543462993152,-41.79411967983021,Delivery-Disappointed,macae
-23.664957129335235,-46.77827175,Delivery-Disappointed,sao paulo
-23.98479796586644,-46.300849044480685,Delivery-Disappointed,santos
-23.58474495679707,-46.58430283693359,Delivery-Disappointed,sao paulo
-22.8286575,-43.0805169265674,Delivery-Disappointed,sao goncalo
-29.68112123553896,-51.10422496538651,Delivery-Disappointed,novo hamburgo
-22.897497594494848,-43.5771638381903,Delivery-Disappointed,rio de janeiro
-23.95688438718329,-46.32677018694087,Delivery-Disappointed,santos
-19.97036276047379,-44.200006568049105,Delivery-Disappointed,betim
-20.34056096542615,-40.38562368745221,Delivery-Disappointed,cariacica
-2.5615055964934945,-44.2306540217843,Delivery-Disappointed,sao luis
-22.73828048822432,-43.418897471121205,Delivery-Disappointed,belford roxo
-20.46093116515656,-54.61124017353395,Delivery-Disappointed,campo grande
-23.67975053121937,-46.550843307166375,Delivery-Disappointed,santo andre
-13.533376466934016,-40.15183237567301,Delivery-Disappointed,itirucu
-14.957243893175734,-39.30195378397593,Delivery-Disappointed,buerarema
-22.876256918460356,-42.02873563229756,Budget-Regular,cabo frio
-15.723933037999927,-48.29112999999995,Budget-Regular,aguas lindas de goias
-25.469780975786964,-50.65054682632399,Budget-Regular,irati
-12.612797045607262,-38.30149629456411,Budget-Regular,dias d'avila
-23.58985357507646,-46.55417194561133,Budget-Regular,sao paulo
-23.103345824311848,-48.9140463456804,Budget-Regular,avare
-26.326983965448072,-48.88001811303306,Budget-Regular,joinville
-21.76927978597883,-43.352157868789305,Budget-Regular,juiz de fora
-23.57055394976627,-46.744693648075454,Budget-Regular,sao paulo
-23.40594993255526,-46.49171018896156,Budget-Regular,guarulhos
-29.938780909771495,-51.71786001844873,Budget-Regular,triunfo
-19.936845199001663,-44.13350510407413,Budget-Regular,betim
-23.33092810062541,-51.18620775517971,Budget-Regular,londrina
-11.548337694262967,-41.158478210703606,Budget-Regular,morro do chapeu
-23.64189642842651,-46.77604032361936,Budget-Regular,sao paulo
-23.74556817384167,-46.39608699347911,Budget-Regular,rio grande da serra
-20.557402554582165,-48.57069693228112,Budget-Regular,barretos
-22.89427492911236,-43.120283203407965,Budget-Regular,niteroi
-20.538285802455572,-47.40131667800094,Budget-Regular,franca
-23.48595257729816,-46.67394941548847,Budget-Regular,sao paulo
-22.532779999999946,-44.20283853649948,Budget-Regular,barra mansa
-8.114414257825839,-34.96508324999999,Budget-Regular,jaboatao dos guararapes
-23.2361705381131,-51.66638010627717,Budget-Regular,astorga
-23.61488328621765,-46.603165620234286,Budget-Regular,sao paulo
-14.068171721836572,-39.64030458723086,Budget-Regular,ibirataia
-23.48807447760504,-46.35751602664146,Budget-Regular,itaquaquecetuba
-23.548027863876406,-46.65885543640624,Budget-Regular,sao paulo
-19.84442833804609,-43.90470168774894,Budget-Regular,belo horizonte
-22.914403962808013,-46.55477655874196,Budget-Regular,braganca paulista
-23.409685707744245,-46.388688516792655,Budget-Regular,guarulhos
-11.961190251926237,-40.1665725417471,Budget-Regular,baixa grande
-22.880104244662085,-43.404417115267236,Budget-Regular,rio de janeiro
-20.283955823330007,-50.24895240386773,Budget-Regular,fernandopolis
-22.65655265720332,-43.04169557066254,Budget-Regular,mage
-6.094249386922086,-36.47050131678721,Budget-Regular,lagoa nova
-10.940934354406048,-37.06368720067511,Budget-Regular,aracaju
-23.556049111529205,-46.64974666729382,Budget-Regular,sao paulo
-20.48832012799575,-54.62143724978365,Budget-Regular,campo grande
-23.654474821816017,-46.639899465301006,Budget-Regular,sao paulo
-23.25288579990181,-51.14614427712626,Budget-Regular,londrina
-25.459683543568623,-49.29405194171619,Budget-Regular,curitiba
-23.22491593078331,-47.95468585633059,Budget-Regular,cesario lange
-23.315375580745666,-46.73739643560712,Budget-Regular,franco da rocha
-20.472694416613653,-54.57587831127011,Budget-Regular,campo grande
-22.43334897680498,-46.814569720073436,Budget-Regular,itapira
-23.54728786526333,-46.45407726810551,Budget-Regular,sao paulo
-22.064943011172293,-42.0616031620151,Budget-Regular,trajano de moraes
-28.38881031932184,-53.91661502287606,Budget-Regular,ijui
-23.09784541994768,-46.71726009296573,Budget-Regular,jarinu
-21.748397053239508,-48.18612567881915,Budget-Regular,araraquara
-24.73646397669806,-53.7396210227535,Budget-Regular,toledo
-22.724877662083816,-47.63063961609147,Budget-Regular,piracicaba
-23.45108284606459,-46.78965803067111,Budget-Regular,sao paulo
-23.615084598389984,-46.766986071614,Budget-Regular,taboao da serra
-23.56127544240869,-46.461969257046256,Budget-Regular,sao paulo
-22.2492531099986,-45.70557966603161,Budget-Regular,santa rita do sapucai
-22.897542889850193,-49.62588476420329,Budget-Regular,santa cruz do rio pardo
-10.70653555337566,-48.40658648976063,Budget-Regular,porto nacional
-16.175908225580102,-40.694262063197314,Budget-Regular,almenara
-23.69199483680533,-46.79077580939466,Budget-Regular,sao paulo
-23.452346063889237,-46.64477243377583,Budget-Regular,sao paulo
-20.519197400316685,-54.68537216094079,Budget-Regular,campo grande
-7.60283475153812,-37.31479073326887,Budget-Regular,tuparetama
-23.56471213211952,-46.65274077352985,Budget-Regular,sao paulo
-19.15688975767194,-45.44725700231122,Budget-Regular,abaete
-20.775971353170434,-49.36909545605272,Budget-Regular,sao jose do rio preto
-29.747729921632967,-51.155314328411734,Budget-Regular,sao leopoldo
-8.050011757977959,-34.93072528587912,Budget-Regular,recife
-25.043539901432933,-51.537583529830435,Budget-Regular,turvo
-23.544731000836723,-46.68676936635128,Budget-Regular,sao paulo
-23.558442894252423,-46.58179773723239,Budget-Regular,sao paulo
-18.89849307618731,-48.32964800701135,Budget-Regular,uberlandia
-20.535126774583134,-49.32157569604032,Budget-Regular,nova granada
-23.014294742166268,-43.46413167283893,Budget-Regular,rio de janeiro
-23.60285350375091,-46.63348067485144,Budget-Regular,sao paulo
-19.87317691534425,-43.93586893581568,Budget-Regular,belo horizonte
-22.8961984228604,-43.35568746796124,Budget-Regular,rio de janeiro
-22.551360312684533,-45.778868948597626,Budget-Regular,paraisopolis
-23.75317933083273,-46.594322740205335,Budget-Regular,sao bernardo do campo
-23.924513730089046,-46.40592461181006,Budget-Regular,cubatao
-22.85193647517985,-43.39640120401403,Budget-Regular,rio de janeiro
-5.072404128818928,-42.755354573205146,Budget-Regular,teresina
-22.60137566819486,-48.80749003720592,Budget-Regular,lencois paulista
-20.73799136507532,-48.91093038579832,Budget-Regular,olimpia
-23.317709589364075,-46.227061818199104,Budget-Regular,santa isabel
-22.768842390945508,-47.34061147091706,Budget-Regular,americana
-8.806995383194497,-35.93186235375432,Budget-Regular,sao benedito do sul
-1.4500624701799327,-48.46672072479669,Budget-Regular,belem
-19.935348241816065,-40.600929446278315,Budget-Regular,santa teresa
-22.819145152582344,-43.036113091680086,Budget-Regular,sao goncalo
-19.91253893978333,-44.07245325000001,Budget-Regular,contagem
-3.090370143632046,-59.94561284367245,Budget-Regular,manaus
-23.98479796586644,-46.300849044480685,Budget-Regular,santos
-23.039112535080964,-45.58112222425052,Budget-Regular,taubate
-23.49159878406144,-46.387231605891806,Budget-Regular,sao paulo
-23.69029792389557,-46.6296561291374,Budget-Regular,diadema
-23.61356240492823,-46.68412540423574,Budget-Regular,sao paulo
-23.51598190375999,-47.44275645510419,Budget-Regular,sorocaba
-23.65164196433722,-46.547978134807394,Budget-Regular,santo andre
-10.75435318471449,-39.20803709311541,Budget-Regular,quijingue
-24.96867905661036,-53.410157458941526,Budget-Regular,cascavel
-22.81445142403528,-47.07071336742769,Budget-Regular,campinas
-11.835954098015891,-55.50803301489325,Budget-Regular,sinop
-23.61302967554391,-46.63628029808413,Budget-Regular,sao paulo
-20.485594301113892,-54.6060717438397,Budget-Regular,campo grande
-23.475764053566273,-46.53962921426509,Budget-Regular,guarulhos
-22.919479294300192,-47.087033806308355,Budget-Regular,campinas
-23.48778455453289,-46.4280002596514,Budget-Regular,sao paulo
-22.599254430886607,-47.40879928660274,Budget-Regular,limeira
-8.115392897166615,-34.8970405649489,Budget-Regular,recife
-29.19962051078181,-51.200851350692496,Budget-Regular,caxias do sul
-21.923476776548497,-47.362925532951216,Budget-Regular,pirassununga
-25.406665878440407,-52.4116721980017,Budget-Regular,laranjeiras do sul
-12.938827332679226,-38.36949318308015,Budget-Regular,salvador
-22.889980452763453,-43.483325561125895,Budget-Regular,rio de janeiro
-23.61500182791854,-46.66182630599,Budget-Regular,sao paulo
-23.51592981949865,-46.38442694097974,Budget-Regular,sao paulo
-23.494659558976306,-46.57459055245542,Budget-Regular,sao paulo
-23.66457103166774,-46.636691807160005,Budget-Regular,sao paulo
-23.106352945322868,-45.713306053292136,Budget-Regular,cacapava
-32.03442798620588,-52.09660672909994,Budget-Regular,rio grande
-20.356331322476656,-41.95832428001232,Budget-Regular,manhumirim
-22.80084095480904,-43.363601080354286,Budget-Regular,sao joao de meriti
-23.439479999999943,-46.31963830623954,Budget-Regular,itaquaquecetuba
-21.12159756174626,-47.78124459256159,Budget-Regular,ribeirao preto
-23.48720985712605,-46.775858754048286,Budget-Regular,osasco
-23.422858050956947,-51.937545947028106,Budget-Regular,maringa
-16.32473051308362,-48.941262230516514,Budget-Regular,anapolis
-20.422767933483087,-49.971725710857996,Budget-Regular,votuporanga
-24.719714999999997,-53.75869646676048,Budget-Regular,toledo
-16.30564199999999,-48.94720603703196,Budget-Regular,anapolis
-22.937430121847743,-43.176862902706524,Budget-Regular,rio de janeiro
-8.187241757682003,-34.924004758584815,Budget-Regular,jaboatao dos guararapes
-29.77983589474371,-51.149289923701744,Budget-Regular,sao leopoldo
-22.67417373081719,-43.61239070414389,Budget-Regular,japeri
-3.9225509298895314,-40.889024616078174,Budget-Regular,ibiapina
-3.621806529386368,-43.113998235147854,Budget-Regular,mata roma
-22.845731962685527,-42.99686730440309,Budget-Regular,sao goncalo
-22.951672385322283,-47.04983432139767,Budget-Regular,campinas
-23.531602725043687,-46.90176054686618,Budget-Regular,jandira
-23.66079909769749,-46.72552379003407,Budget-Regular,sao paulo
-23.68698516287448,-46.552552123595405,Budget-Regular,sao bernardo do campo
-19.80216162447347,-43.96726622444129,Budget-Regular,belo horizonte
-25.450402201221433,-49.56040541360136,Budget-Regular,campo largo
-17.355235347245625,-52.67855518493714,Budget-Regular,portelandia
-15.637005064446017,-56.059281,Budget-Regular,cuiaba
-23.587998359974627,-46.74086722085809,Budget-Regular,sao paulo
-22.904062574528197,-43.30650972967279,Budget-Regular,rio de janeiro
-23.75266495485217,-46.66679225872885,Budget-Regular,sao paulo
-21.316569522411164,-42.81201236571218,Budget-Regular,dona euzebia
-23.42911571169929,-46.50683697026772,Budget-Regular,guarulhos
-23.49990347876395,-46.555141484044064,Budget-Regular,guarulhos
-22.85026151817764,-43.46162133173118,Budget-Regular,rio de janeiro
-23.505527888339024,-46.3513365716552,Budget-Regular,itaquaquecetuba
-7.512400983285715,-63.02912856503356,Budget-Regular,humaita
-19.748303157135716,-47.925990630152285,Budget-Regular,uberaba
-21.11027567776549,-44.022847207524414,Budget-Regular,dores de campos
-17.85839668980789,-41.50907055156256,Budget-Regular,teofilo otoni
-26.731781999999995,-53.518667424888754,Budget-Regular,sao miguel do oeste
-19.879522658895496,-43.943022502365935,Budget-Regular,belo horizonte
-15.646962445960217,-47.824463657408,Budget-Regular,brasilia
-23.61104548934897,-46.76113750216712,Budget-Regular,taboao da serra
-22.910488104074133,-43.173895076317216,Budget-Regular,rio de janeiro
-23.46567338773156,-46.55740175728548,Budget-Regular,guarulhos
-22.903440789341573,-43.255880475445714,Budget-Regular,rio de janeiro
-26.485276026772077,-51.98993370830179,Budget-Regular,palmas
-21.27450736690627,-47.305449936701535,Budget-Regular,cajuru
-23.970390465433734,-46.32234564570951,Budget-Regular,santos
-23.461443888863606,-46.37551476988139,Budget-Regular,itaquaquecetuba
-23.510427444341925,-46.60117949988444,Budget-Regular,sao paulo
-22.722771491140016,-43.31595057306428,Budget-Regular,duque de caxias
-23.54149051515917,-46.55875027935824,Budget-Regular,sao paulo
-22.27881234429793,-45.920169391088386,Budget-Regular,pouso alegre
-23.545662511930896,-46.641384647440745,Budget-Regular,sao paulo
-22.8286575,-43.0805169265674,Budget-Regular,sao goncalo
-22.85193647517985,-43.39640120401403,Budget-Regular,rio de janeiro
-23.541952776588285,-46.79886992812618,Budget-Regular,osasco
-19.854764889953252,-43.91624205254886,Budget-Regular,belo horizonte
-23.74556817384167,-46.39608699347911,Budget-Regular,rio grande da serra
-9.982319809702837,-57.4687748251441,Budget-Regular,nova monte verde
-31.39528603670237,-52.67748581290867,Budget-Regular,cangucu
-22.71863049614869,-43.33478849999999,Budget-Regular,belford roxo
-24.026457185123206,-46.47784669233656,Budget-Regular,praia grande
-23.28478113962133,-51.12242439484338,Budget-Regular,londrina
-22.92258733473174,-43.24244568124239,Budget-Regular,rio de janeiro
-23.95691508031017,-46.34623532292687,Budget-Regular,santos
-10.172726999999997,-54.92944250846988,Budget-Regular,matupa
-9.744858887301845,-36.652746987995116,Budget-Regular,arapiraca
-23.572158411910493,-46.04082959368207,Budget-Regular,biritiba-mirim
-29.337366441758217,-49.73646890978941,Budget-Regular,torres
-17.843405678766587,-40.3464798270996,Budget-Regular,nanuque
-10.593832336221343,-38.38209829435899,Budget-Regular,cicero dantas
-18.242848217968003,-43.60096234439895,Budget-Regular,diamantina
-5.204925179571117,-37.32796323706949,Budget-Regular,mossoro
-19.88878706466045,-43.89654887752518,Budget-Regular,belo horizonte
-23.470580546482807,-46.75121450444339,Budget-Regular,sao paulo
-12.246333079167243,-38.9172937158474,Budget-Regular,feira de santana
-24.03377804676809,-52.37626746763636,Budget-Regular,campo mourao
-15.797852024153835,-47.89390250751566,Budget-Regular,brasilia
-19.74088541741059,-45.2564896750905,Budget-Regular,bom despacho
-21.756112849319592,-41.331979873023,Budget-Regular,campos dos goytacazes
-23.61356240492823,-46.68412540423574,Budget-Regular,sao paulo
-25.469928492094144,-49.24312450609138,Budget-Regular,curitiba
-22.92356707409551,-43.21262803260434,Budget-Regular,rio de janeiro
-24.179855538627187,-46.79049637055164,Budget-Regular,itanhaem
-19.91382055842804,-43.96041526152686,Budget-Regular,belo horizonte
-23.11013120486852,-45.719860788504846,Budget-Regular,cacapava
-23.6052583580414,-46.668910957863645,Budget-Regular,sao paulo
-21.12159756174626,-47.78124459256159,Budget-Regular,ribeirao preto
-21.732524422785474,-48.108535108144864,Budget-Regular,americo brasiliense
-23.409685707744245,-46.388688516792655,Budget-Regular,guarulhos
-21.92165121810581,-50.524178388214175,Budget-Regular,tupa
-20.347482269513343,-40.304814003114416,Budget-Regular,vila velha
-9.622801998508574,-35.7338768837065,Budget-Regular,maceio
-28.447361138467933,-52.200140304573225,Budget-Regular,marau
-18.12755468934688,-40.36198462361434,Budget-Regular,montanha
-18.80089700568756,-42.61158129884565,Budget-Regular,divinolandia de minas
-23.563886468780627,-46.66113179724742,Budget-Regular,sao paulo
-2.066820849416965,-44.78273999999999,Budget-Regular,mirinzal
0.7087304780808059,-51.41029959770701,Budget-Regular,porto grande
-23.597413291707497,-46.68459527852152,Budget-Regular,sao paulo
-20.005645212043408,-44.17093901096428,Budget-Regular,betim
-19.92878416430552,-43.91727058979163,Budget-Regular,belo horizonte
-23.674176045804145,-46.63510073842375,Budget-Regular,sao paulo
-22.180398575592847,-49.95672899994832,Budget-Regular,marilia
-20.348373222519633,-40.33844036714903,Budget-Regular,vila velha
-23.534629815987643,-46.50635562753189,Budget-Regular,sao paulo
-15.799814381522625,-47.93030100000001,Budget-Regular,brasilia
-23.904757749632367,-46.42416591331798,Budget-Regular,cubatao
2.81134170530106,-60.714740749170865,Budget-Regular,boa vista
-15.555249947366512,-56.05229579722288,Budget-Regular,cuiaba
-3.744871543712849,-38.52764237195969,Budget-Regular,fortaleza
-23.51325251637429,-46.74701458492987,Budget-Regular,sao paulo
-22.52366946572221,-44.11869585063933,Budget-Regular,volta redonda
-22.81683345406545,-47.025226240735094,Budget-Regular,campinas
-25.220093721921664,-49.34753966360455,Budget-Regular,itaperucu
-21.838693499999994,-44.80989995599917,Budget-Regular,cruzilia
-28.936059909712952,-51.549804187241875,Budget-Regular,veranopolis
-23.68698516287448,-46.552552123595405,Budget-Regular,sao bernardo do campo
-21.024152501545007,-47.77108986665113,Budget-Regular,jardinopolis
-30.029218072162266,-51.20302983609852,Budget-Regular,porto alegre
-6.415471394675026,-38.013951092861234,Budget-Regular,alexandria
-23.64082697668647,-46.70028344521364,Budget-Regular,sao paulo
-18.86220828038126,-41.12142234061895,Budget-Regular,mantenopolis
-23.58662111878931,-46.64427165889549,Budget-Regular,sao paulo
-22.4657306924808,-44.45678278282071,Budget-Regular,resende
-30.019450389953256,-51.13703201653284,Budget-Regular,porto alegre
-23.653300317228396,-46.81557229759366,Budget-Regular,embu das artes
-23.004214031623405,-43.335593643632045,Budget-Regular,rio de janeiro
-22.096927874290824,-51.41727820751052,Budget-Regular,presidente prudente
-21.738860528449404,-43.34425307369147,Budget-Regular,juiz de fora
-23.661237153759604,-46.63880622759531,Budget-Regular,sao paulo
-22.905686033107195,-42.810313193913565,Budget-Regular,marica
-20.19270569926364,-40.233621188602434,Budget-Regular,serra
-23.534179512349244,-46.67833433305441,Budget-Regular,sao paulo
-2.5340107859044245,-44.299142706633376,Budget-Regular,sao luis
-18.97712364892772,-49.480276559797645,Budget-Regular,ituiutaba
-23.59148162142938,-46.720587494445745,Budget-Regular,sao paulo
-15.838443050477338,-48.01149903877731,Budget-Regular,brasilia
-16.09454472188803,-47.93637481629608,Budget-Regular,cidade ocidental
-16.754775617058538,-43.874533349082476,Budget-Regular,montes claros
-22.716465673062416,-47.64021883945973,Budget-Regular,piracicaba
-15.817454799245827,-47.975691694745386,Budget-Regular,brasilia
-21.48224736960269,-44.33219212607048,Budget-Regular,madre de deus de minas
-19.800401175688148,-43.99604119900167,Budget-Regular,belo horizonte
-23.355057256967047,-51.140132526703866,Budget-Regular,londrina
-27.713821924231045,-48.50536132846678,Budget-Regular,florianopolis
-23.553232941716196,-46.472838812727204,Budget-Regular,sao paulo
-22.981969840368173,-43.21999670107915,Budget-Regular,rio de janeiro
-19.970868116609125,-43.93993252477061,Budget-Regular,belo horizonte
-20.021701112695677,-44.02732366146344,Budget-Regular,belo horizonte
-16.70924822674422,-49.32879822721221,Budget-Regular,goiania
-22.906153508194315,-43.55299177116393,Budget-Regular,rio de janeiro
-22.380403946038403,-41.77369537454352,Budget-Regular,macae
-7.122169999999926,-43.89051074841007,Budget-Regular,marcos parente
-29.92075805799684,-51.05954254677128,Budget-Regular,gravatai
-23.62198951485941,-46.57435280682671,Budget-Regular,sao caetano do sul
-19.97992918980853,-50.28912063900293,Budget-Regular,indiapora
-29.588763034766327,-51.36757434425736,Budget-Regular,sao sebastiao do cai
-3.811564707744237,-38.52270274664731,Budget-Regular,fortaleza
-26.4543845594824,-53.500627279895504,Budget-Regular,sao jose do cedro
-3.845806862750186,-38.52353763744187,Budget-Regular,fortaleza
-22.838208540393257,-51.97193341340326,Budget-Regular,colorado
-23.45973268964888,-46.62452278282069,Budget-Regular,sao paulo
-29.657893380832586,-51.190751707283425,Budget-Regular,estancia velha
-25.365851732303263,-49.18582840154509,Budget-Regular,colombo
-23.628909762132903,-46.63567373036528,Budget-Regular,sao paulo
-8.9779018275595,-38.22098085320928,Budget-Regular,petrolandia
-25.312615214580084,-49.292967929044536,Budget-Regular,almirante tamandare
-12.991832706633389,-38.45284250734317,Budget-Regular,salvador
-22.84258446627047,-43.303678777468456,Budget-Regular,rio de janeiro
-22.854511416805806,-42.05828352942552,Budget-Regular,sao pedro da aldeia
-20.33567034079053,-40.29349496935206,Budget-Regular,vila velha
-21.834675764125997,-46.898576447392045,Budget-Regular,vargem grande do sul
-20.36767932885187,-40.31638272232804,Budget-Regular,vila velha
-24.026457185123206,-46.47784669233656,Budget-Regular,praia grande
-22.94104597120424,-44.03538,Budget-Regular,mangaratiba
-19.171091341582628,-41.86097488103808,Budget-Regular,itanhomi
-23.6249389646328,-46.62496037760399,Budget-Regular,sao paulo
-23.511874416180966,-46.491483436580296,Budget-Regular,sao paulo
-22.750088488141653,-43.456827297928704,Budget-Regular,nova iguacu
-23.002985032019456,-46.82360927106554,Budget-Regular,itatiba
-14.08727378540156,-46.36373427820927,Budget-Regular,posse
-23.67180249347913,-46.76308808174155,Budget-Regular,sao paulo
-23.62323038246003,-46.80104434592664,Budget-Regular,taboao da serra
-23.514924011106206,-46.370295908895486,Budget-Regular,ferraz de vasconcelos
-3.7350770605055024,-38.50027949125743,Budget-Regular,fortaleza
-23.61730623282576,-46.62907259236607,Budget-Regular,sao paulo
-27.09814016963105,-52.67252246739596,Budget-Regular,chapeco
-23.74981810254469,-46.70140755620633,Budget-Regular,sao paulo
-8.363022808645937,-35.23605130835254,Budget-Regular,escada
-23.69769701249348,-46.53004889731084,Budget-Regular,santo andre
-23.758929481404014,-46.60012438270614,Budget-Regular,sao bernardo do campo
-20.334777364608797,-47.786517466948176,Budget-Regular,ituverava
-23.532224144324545,-46.705072845988525,Budget-Regular,sao paulo
-29.150934403460155,-51.20343852456362,Budget-Regular,caxias do sul
-25.447667005378037,-49.05182842818327,Budget-Regular,piraquara
-22.49016442089259,-44.562961979844616,Budget-Regular,itatiaia
-30.03562309576425,-51.20066497807145,Budget-Regular,porto alegre
-2.591874856260277,-51.95316580505284,Budget-Regular,senador jose porfirio
-23.052705625933136,-47.83614945236365,Budget-Regular,laranjal paulista
-22.761630009255462,-43.48837584173781,Budget-Regular,nova iguacu
-15.924743507102669,-48.80832684711064,Budget-Regular,corumba de goias
-12.935879296109205,-38.4265224753899,Budget-Regular,salvador
-26.273417993060768,-48.86004743370364,Budget-Regular,joinville
-22.912000889260764,-43.37752140605343,Budget-Regular,rio de janeiro
-23.72470026061802,-46.68148760073805,Budget-Regular,sao paulo
-23.55643047625651,-46.56853012614689,Budget-Regular,sao paulo
-6.205440262642772,-38.291738230624844,Budget-Regular,agua nova
-9.959850973898922,-67.80112499094008,Budget-Regular,rio branco
-23.37955097848981,-46.32212762362621,Budget-Regular,aruja
-20.61507722599609,-46.04727483479504,Budget-Regular,capitolio
-31.719788412170256,-52.35316111852951,Budget-Regular,pelotas
-23.6357493322177,-46.73784151540766,Budget-Regular,sao paulo
-22.64307728264581,-43.27710879426263,Budget-Regular,duque de caxias
-20.36308110713721,-40.31283379125783,Budget-Regular,vila velha
-25.452960846624443,-54.57327955678548,Budget-Regular,foz do iguacu
-8.016139078827369,-34.855227104362584,Budget-Regular,olinda
-20.506541272527514,-54.59900067163183,Budget-Regular,campo grande
0.0348929573776164,-51.062590688261295,Budget-Regular,macapa
-20.75533341719481,-42.88055185516512,Budget-Regular,vicosa
-23.572040960635395,-48.024600080020015,Budget-Regular,itapetininga
-22.19419359430747,-46.75089374999999,Budget-Regular,espirito santo do pinhal
-23.52275288966864,-46.5306581436243,Budget-Regular,sao paulo
-20.506541272527514,-54.59900067163183,Budget-Regular,campo grande
-23.302661247830148,-45.97283979175633,Budget-Regular,jacarei
-18.75756011835844,-44.43159029668814,Budget-Regular,curvelo
-22.435067799468968,-45.45549066188823,Budget-Regular,itajuba
-20.297174144324543,-40.34697269129073,Budget-Regular,vitoria
-22.545068112960934,-44.17532044976627,Budget-Regular,barra mansa
-15.794401499999992,-47.93561999999999,Budget-Regular,brasilia
-23.650480194010004,-46.74425240230249,Budget-Regular,sao paulo
-22.92541928296553,-43.232072863400354,Budget-Regular,rio de janeiro
-23.004214031623405,-43.335593643632045,Budget-Regular,rio de janeiro
-20.4624914792492,-54.536859192220994,Budget-Regular,campo grande
-23.670473877878134,-46.49108185675612,Budget-Regular,santo andre
-16.175908225580102,-40.694262063197314,Budget-Regular,almenara
-23.451715079375624,-46.54380488412488,Budget-Regular,guarulhos
-25.431155907508472,-49.28552783051147,Budget-Regular,curitiba
-23.56725233972215,-51.46175999403626,Budget-Regular,apucarana
-25.86728583631325,-50.38536447183937,Budget-Regular,sao mateus do sul
-19.93819117539069,-47.5444618568659,Budget-Regular,conquista
-23.348334768868305,-51.210697538480616,Budget-Regular,londrina
-22.935940716233457,-43.67440340347871,Budget-Regular,rio de janeiro
-13.734706573728744,-39.14750580174429,Budget-Regular,itubera
-29.92648367998731,-51.196892767009,Budget-Regular,canoas
-19.82881997483785,-40.27821448899109,Budget-Regular,aracruz
-20.348373222519633,-40.33844036714903,Budget-Regular,vila velha
-23.517754127292296,-46.5609527282878,Budget-Regular,sao paulo
-12.515173018537418,-38.49272449999995,Budget-Regular,sao sebastiao do passe
-23.500115235082802,-46.43507516395927,Budget-Regular,sao paulo
-16.740979757471482,-43.84815993588782,Budget-Regular,montes claros
-6.757645319738492,-36.46738900688163,Budget-Regular,pedra lavrada
-8.068680262003001,-34.928193738131284,Budget-Regular,recife
-22.799938006972436,-43.41095758882978,Budget-Regular,nilopolis
-22.86302287898899,-43.46042681903173,Budget-Regular,rio de janeiro
-15.837191999999996,-48.03224624999999,Budget-Regular,brasilia
-23.59674469900167,-46.91078004662704,Budget-Regular,cotia
-27.23883432684724,-48.63755565612226,Budget-Regular,tijucas
-12.991832706633389,-38.45284250734317,Budget-Regular,salvador
-21.68196633642923,-44.59912068316466,Budget-Regular,minduri
-19.89003978212821,-43.99905876090082,Budget-Regular,belo horizonte
-25.442791128284213,-49.276760102140905,Budget-Regular,curitiba
-19.19653838125353,-46.24165116482613,Budget-Regular,rio paranaiba
-23.578474670994538,-46.732134931242385,Budget-Regular,sao paulo
-28.276778725367024,-52.374402653415025,Budget-Regular,passo fundo
-16.28085977674599,-48.93117563003504,Budget-Regular,anapolis
-16.02294658397918,-48.05071815778448,Budget-Regular,brasilia
-21.90747320518916,-47.62143917310523,Budget-Regular,descalvado
-15.83224802491746,-48.01033388194513,Budget-Regular,brasilia
-23.760292588406664,-45.763862003204274,Budget-Regular,sao sebastiao
-23.72504818237841,-46.68784672947616,Budget-Regular,sao paulo
-22.729710228761107,-43.383021322110125,Budget-Regular,belford roxo
-27.17077254348396,-49.540176659542105,Budget-Regular,lontras
-8.77386085315235,-63.85798940172622,Budget-Regular,porto velho
-23.54750932944775,-46.79792231702219,Budget-Regular,osasco
-23.679693667441757,-46.4957975276127,Budget-Regular,santo andre
-26.912453380358706,-48.93603342228193,Budget-Regular,gaspar
-22.88055117013389,-43.48254620954758,Budget-Regular,rio de janeiro
-6.379079930805314,-37.35011367127228,Budget-Regular,jardim de piranhas
-23.977349602176066,-48.88665858318136,Budget-Regular,itapeva
-24.761221959830472,-53.73418038531618,Budget-Regular,toledo
-15.625450927531777,-46.42370590672895,Budget-Regular,buritis
-19.45930795389748,-44.24801919373313,Budget-Regular,sete lagoas
-30.33782999040136,-54.32236153049168,Budget-Regular,sao gabriel
-22.883336999999997,-43.47159785380001,Budget-Regular,rio de janeiro
-15.5679798308451,-39.40765651525447,Budget-Regular,mascote
-22.888777012767612,-43.29716953260435,Budget-Regular,rio de janeiro
-23.282758705676745,-52.60368489798803,Budget-Regular,paraiso do norte
-23.497770131056917,-46.31590179419777,Budget-Regular,suzano
-26.34527781274561,-48.84956075256638,Budget-Regular,joinville
-20.19842101734217,-40.27226270546521,Budget-Regular,serra
-20.81664803818188,-49.386547493961466,Budget-Regular,sao jose do rio preto
-23.49303026533556,-46.67374113197527,Budget-Regular,sao paulo
-16.71642484977056,-49.26696822737612,Budget-Regular,goiania
-10.712039651822504,-38.17767866309944,Budget-Regular,poco verde
-20.374072683597397,-40.30532998337161,Budget-Regular,vila velha
-23.590002908130888,-46.62410069455826,Budget-Regular,sao paulo
-25.583515022448136,-51.09859512870409,Budget-Regular,vitoria
-22.88494032001268,-43.55038559033989,Budget-Regular,rio de janeiro
-23.55572441224121,-46.52161348792487,Budget-Regular,sao paulo
-6.548064554885781,-42.25127145617813,Budget-Regular,varzea grande
-23.56976284096028,-46.65677240798665,Budget-Regular,sao paulo
-23.443673642102837,-46.55222227553523,Budget-Regular,guarulhos
-22.89971307208766,-42.9895236272342,Budget-Regular,niteroi
-30.02748908742571,-51.221771549541245,Budget-Regular,porto alegre
-23.180229756498715,-46.85773745019897,Budget-Regular,jundiai
-20.09482147183894,-51.09659273946854,Budget-Regular,tres lagoas
-29.921931538530487,-51.00026594379943,Budget-Regular,gravatai
-22.78456568674432,-43.29110747686178,Budget-Regular,duque de caxias
-20.32255173056015,-48.316795858627,Budget-Regular,guaira
-22.850430679575872,-47.071669269086456,Budget-Regular,campinas
-14.221024617359033,-42.78006679256768,Budget-Regular,guanambi
-20.29948099526813,-40.295279312809534,Budget-Regular,vitoria
-25.50935789064575,-49.16353387440136,Budget-Regular,sao jose dos pinhais
-19.90625324508045,-43.92317252137203,Budget-Regular,belo horizonte
-23.497770131056917,-46.31590179419777,Budget-Regular,suzano
-15.815328337961944,-47.98783770924069,Budget-Regular,brasilia
-22.33506570635925,-47.38206561948476,Budget-Regular,araras
-22.577944787526803,-47.42467423859377,Budget-Regular,limeira
-22.46406015015292,-44.43792725991119,Budget-Regular,resende
-8.045435320431045,-34.89461700360667,Budget-Regular,recife
-22.89903798723239,-43.19099682001268,Budget-Regular,rio de janeiro
-23.521612107132555,-46.45173418220901,Budget-Regular,sao paulo
-15.774815956743687,-48.0468055012082,Budget-Regular,brasilia
-23.650823946382037,-46.670710499451744,Budget-Regular,sao paulo
-23.980397919787656,-46.30457088447668,Budget-Regular,santos
-23.22230412572855,-45.88797225437128,Budget-Regular,sao jose dos campos
-23.4864404948641,-46.66821484401871,Budget-Regular,sao paulo
-23.180229756498715,-46.85773745019897,Budget-Regular,jundiai
-22.943344137606253,-47.07891662170351,Budget-Regular,campinas
-22.897542889850193,-49.62588476420329,Budget-Regular,santa cruz do rio pardo
-23.1408947463212,-45.77747070996593,Budget-Regular,sao jose dos campos
-21.29407401379749,-50.34295220346251,Budget-Regular,birigui
-22.984120204830045,-43.20837199952438,Budget-Regular,rio de janeiro
-19.947433295314173,-43.928925768249734,Budget-Regular,belo horizonte
-29.68112123553896,-51.10422496538651,Budget-Regular,novo hamburgo
-23.551167771856427,-46.56624658312654,Budget-Regular,sao paulo
-22.486701530671105,-44.078220114634384,Budget-Regular,volta redonda
-23.49652223430834,-46.79686039269302,Budget-Regular,osasco
-22.836436732168615,-43.2755566090658,Budget-Regular,rio de janeiro
-27.266976257526792,-48.765948598150246,Budget-Regular,canelinha
-1.4350490220441132,-48.4687608538578,Budget-Regular,belem
-29.75452832443038,-50.017691069847736,Budget-Regular,capao da canoa
-28.26409896435579,-52.43692479914594,Budget-Regular,passo fundo
-1.3107899999999404,-48.45849068508537,Budget-Regular,belem
-29.684071732021668,-53.81278270760001,Budget-Regular,santa maria
-22.015108296094645,-47.89069890764564,Budget-Regular,sao carlos
-23.58752807798937,-46.894395491927874,Budget-Regular,cotia
-24.976536072689957,-53.44503622566207,Budget-Regular,cascavel
-20.031060125768164,-49.40526672102189,Budget-Regular,paulo de faria
-22.90115858174156,-43.29857214876792,Budget-Regular,rio de janeiro
-23.579549413266776,-46.760906875526544,Budget-Regular,sao paulo
-9.958477545576638,-67.828796737997,Budget-Regular,rio branco
-22.88795678766813,-47.037514840680984,Budget-Regular,campinas
-3.723737405505152,-38.58929631196261,Budget-Regular,fortaleza
-23.033649429554913,-46.920105516840906,Budget-Regular,vinhedo
-29.1728405981404,-51.17181597407803,Budget-Regular,caxias do sul
-22.90272252790116,-43.21894824353424,Budget-Regular,rio de janeiro
-22.922355824860112,-43.24398668180498,Budget-Regular,rio de janeiro
-23.39851248542905,-46.75304297155057,Budget-Regular,sao paulo
-15.939435832571364,-50.14285866371175,Budget-Regular,goias
-23.34577710041851,-51.17130676461459,Budget-Regular,londrina
-23.659432129479463,-46.80205033902703,Budget-Regular,embu das artes
-3.723860787119866,-38.54195706633388,Budget-Regular,fortaleza
-12.926373114029886,-38.439559902544985,Budget-Regular,salvador
-28.505303390213143,-50.937910684642645,Budget-Regular,vacaria
-22.90462513266777,-47.05736599733853,Budget-Regular,campinas
-21.9725602790242,-46.795694051741215,Budget-Regular,sao joao da boa vista
-20.345054925832905,-40.32290935573903,Budget-Regular,vila velha
-27.399771320303053,-51.226497760529256,Budget-Regular,campos novos
-27.17419722811506,-51.493313122876835,Budget-Regular,herval d'oeste
-23.102086012767607,-47.22110027241139,Budget-Regular,indaiatuba
-23.631231677765612,-46.49590477892556,Budget-Regular,santo andre
-23.63655737356463,-46.63882852345775,Budget-Regular,sao paulo
-21.27537241391624,-50.33255050652044,Budget-Regular,birigui
-23.611663524150245,-46.681770121847734,Budget-Regular,sao paulo
-13.761234,-41.76946239421303,Budget-Regular,dom basilio
-21.680280267709847,-45.92160843709808,Budget-Regular,machado
-23.471096235143307,-46.63097740161001,Budget-Regular,sao paulo
-23.654474821816017,-46.639899465301006,Budget-Regular,sao paulo
-22.97891413015762,-43.19380009478331,Budget-Regular,rio de janeiro
-23.826968878700722,-46.11866655620633,Budget-Regular,bertioga
-23.121934192480794,-46.56036576688009,Budget-Regular,atibaia
-16.74860512892533,-49.29307578090344,Budget-Regular,aparecida de goiania
-23.689033178169645,-46.61606707408479,Budget-Regular,diadema
-23.561779395363267,-46.47581652435226,Budget-Regular,sao paulo
-22.96506096003805,-43.18290375590049,Budget-Regular,rio de janeiro
-27.487639404379976,-48.53004009983418,Budget-Regular,florianopolis
-15.613197573513617,-56.05197738617131,Budget-Regular,cuiaba
-12.286721336453995,-55.29664870547656,Budget-Regular,vera
-29.69368554157689,-51.23382991140509,Budget-Regular,portao
-23.96954523993056,-46.371917161879885,Budget-Regular,sao vicente
-19.222388389428883,-42.48805171449395,Budget-Regular,belo oriente
-7.773695510620832,-34.89835279961334,Budget-Regular,itapissuma
-23.281650267687155,-47.293252277396334,Budget-Regular,itu
-23.602318297665775,-46.54116110150616,Budget-Regular,sao paulo
-27.64164133179539,-52.257747981129874,Budget-Regular,erechim
-26.970039087924743,-48.63580202165099,Budget-Regular,balneario camboriu
-22.244021759247783,-43.704838079140345,Budget-Regular,valenca
-13.533376466934016,-40.15183237567301,Budget-Regular,itirucu
-22.936854813491813,-43.35996102505908,Budget-Regular,rio de janeiro
-15.592148162196253,-56.0852372782572,Budget-Regular,cuiaba
-23.505967344026324,-46.86762212637944,Budget-Regular,barueri
-20.27500485847408,-40.28553587880129,Budget-Regular,vitoria
-23.12219034693288,-45.711458617404325,Budget-Regular,cacapava
-23.53816275104938,-46.67683522468111,Budget-Regular,sao paulo
-26.903564987330235,-49.13662770299058,Budget-Regular,blumenau
-25.76621577893401,-49.72022327777802,Budget-Regular,lapa
-23.628945185838532,-46.7571575326506,Budget-Regular,sao paulo
-15.844322036240426,-48.02590214571617,Budget-Regular,brasilia
-29.949632453257383,-51.16924673075516,Budget-Regular,canoas
-20.3305362308763,-44.24008704441723,Budget-Regular,bonfim
-15.799814381522625,-47.93030100000001,Budget-Regular,brasilia
-25.344206998943765,-49.18323593909059,Budget-Regular,colombo
-23.77255875590049,-46.69475623431819,Budget-Regular,sao paulo
-23.63255548401663,-46.79763107285713,Budget-Regular,taboao da serra
-23.54149051515917,-46.55875027935824,Budget-Regular,sao paulo
-23.54866505912053,-46.51890829600668,Budget-Regular,sao paulo
-14.468654381928491,-48.45892788920529,Budget-Regular,niquelandia
-12.914856352684673,-38.431022491314685,Budget-Regular,salvador
-3.723737405505152,-38.58929631196261,Budget-Regular,fortaleza
-23.62357069747245,-46.68260227116394,Budget-Regular,sao paulo
-23.66428185651218,-46.69108104039464,Budget-Regular,sao paulo
-23.716239876526252,-46.779741816504696,Budget-Regular,sao paulo
-9.958477545576638,-67.828796737997,Budget-Regular,rio branco
-23.59208208710409,-46.30462202649456,Budget-Regular,suzano
-19.76863484125313,-47.91491123577529,Budget-Regular,uberaba
-28.263962774280397,-52.3933203143564,Budget-Regular,passo fundo
-23.54168503634312,-46.88038394879965,Budget-Regular,barueri
-23.654055903741376,-46.592718659116976,Budget-Regular,sao bernardo do campo
-1.3607272834138184,-48.39092888914455,Budget-Regular,ananindeua
-22.95640160921003,-43.19436326643208,Budget-Regular,rio de janeiro
-9.660839721217148,-35.72147276399994,Budget-Regular,maceio
-23.27596976431452,-47.27592574591717,Budget-Regular,itu
-22.942701178458105,-47.16072873827111,Budget-Regular,campinas
-27.908358229193187,-53.11590072095152,Budget-Regular,novo barreiro
-22.533177424719124,-55.72591171915679,Budget-Regular,ponta pora
-22.964288895954525,-43.402024304605,Budget-Regular,rio de janeiro
-28.783017300613224,-51.60930864778699,Budget-Regular,nova prata
-23.4218025,-46.4308065,Budget-Regular,guarulhos
-23.611509202750472,-46.737060562115914,Budget-Regular,sao paulo
-23.55971076646229,-46.830354546046344,Budget-Regular,carapicuiba
-15.834029628169244,-47.98286694352821,Budget-Regular,brasilia
-23.597977631686824,-46.680675694702494,Budget-Regular,sao paulo
-21.73694740576496,-43.33512349624909,Budget-Regular,juiz de fora
-23.99741603360746,-46.42226107278431,Budget-Regular,praia grande
-27.589321906197647,-48.52212360618027,Budget-Regular,florianopolis
-23.568143647786982,-46.66117892867444,Budget-Regular,sao paulo
-21.15508861476428,-47.80350926309952,Budget-Regular,ribeirao preto
-29.75452832443038,-50.017691069847736,Budget-Regular,capao da canoa
-23.724048616059182,-46.56963796762254,Budget-Regular,sao bernardo do campo
-20.7940083415249,-40.810693136752334,Budget-Regular,iconha
-29.17130070045897,-51.2326575,Budget-Regular,caxias do sul
-22.802320737543184,-47.20403845683539,Budget-Regular,sumare
-23.5827745037509,-46.6204825896474,Budget-Regular,sao paulo
-5.86348983430754,-35.19634444158207,Budget-Regular,natal
-29.77983589474371,-51.149289923701744,Budget-Regular,sao leopoldo
-23.556877800743933,-46.93993487311839,Budget-Regular,itapevi
-19.74088541741059,-45.2564896750905,Budget-Regular,bom despacho
-23.614353398003328,-46.65185645053088,Budget-Regular,sao paulo
-20.03560403606659,-44.140318215754,Budget-Regular,sarzedo
-23.9552663782965,-46.33825949705917,Budget-Regular,santos
-19.819046636715825,-41.44048487615052,Budget-Regular,mutum
-23.83394350350837,-46.81523885752993,Budget-Regular,embu-guacu
-7.142811779069782,-34.88815056119799,Budget-Regular,joao pessoa
-22.952966315183264,-47.000752404611255,Budget-Regular,valinhos
-21.6736142894858,-49.75706520613485,Budget-Regular,lins
-23.643885489583987,-46.547049492057425,Budget-Regular,santo andre
-25.669302958763204,-53.80729151689831,Budget-Regular,capanema
-23.683053826002467,-47.00803215070117,Budget-Regular,cotia
-23.55715469123798,-46.87643190787361,Budget-Regular,jandira
-24.179855538627187,-46.79049637055164,Budget-Regular,itanhaem
-7.018609340998539,-37.28333365379951,Budget-Regular,patos
-9.958477545576638,-67.828796737997,Budget-Regular,rio branco
-22.92356707409551,-43.21262803260434,Budget-Regular,rio de janeiro
-22.889292569248084,-47.10872145712385,Budget-Regular,campinas
-18.144505237048826,-48.56249913257149,Budget-Regular,corumbaiba
-23.491037236886143,-46.68182116763805,Budget-Regular,sao paulo
-22.608837843343917,-45.183750281691275,Budget-Regular,piquete
-25.577468002117826,-49.62871688299001,Budget-Regular,balsa nova
-23.50446563516361,-46.73614982548012,Budget-Regular,sao paulo
-22.930150408703312,-46.27575295079885,Budget-Regular,joanopolis
-23.462738015263444,-46.545502416180966,Budget-Regular,guarulhos
-15.869375107362702,-50.86742383886169,Budget-Regular,jussara
-15.776146452495912,-47.88632249999999,Budget-Regular,brasilia
-22.958491500000004,-42.98904225000001,Budget-Regular,marica
-21.023599742195675,-43.41146885896039,Budget-Regular,alto rio doce
-23.503488109614054,-46.7987711273679,Budget-Regular,osasco
-23.330177518451762,-51.156277989728245,Budget-Regular,londrina
-6.529929061610091,-49.85237106032086,Budget-Regular,canaa dos carajas
-3.754204549619779,-38.56698,Budget-Regular,fortaleza
-1.359557305472045,-48.402949220752916,Budget-Regular,ananindeua
-21.773499326242096,-41.32261577835123,Budget-Regular,campos dos goytacazes
-23.312708528449416,-51.1673625,Budget-Regular,londrina
-23.26759467852091,-45.902682654870446,Budget-Regular,sao jose dos campos
-22.973308930896152,-47.14153015652956,Budget-Regular,campinas
-23.55313293643607,-46.74931041523619,Budget-Regular,sao paulo
-23.548036004786134,-46.36031904225575,Budget-Regular,ferraz de vasconcelos
-23.666086341104503,-46.62287659752253,Budget-Regular,diadema
-22.86133078663342,-48.44175110407413,Budget-Regular,botucatu
-18.242848217968003,-43.60096234439895,Budget-Regular,diamantina
-12.98338898724672,-38.45987947050183,Budget-Regular,salvador
-20.25624491956578,-42.03398861864435,Budget-Regular,manhuacu
-19.836541382739888,-43.92185549333488,Budget-Regular,belo horizonte
-23.60878343464706,-46.66118566171381,Budget-Regular,sao paulo
-22.796202576934213,-43.38308624952391,Budget-Regular,sao joao de meriti
-22.50126,-44.66767049999999,Budget-Regular,engenheiro passos
-23.555771764343227,-46.639553016612446,Budget-Regular,sao paulo
-23.531196801775152,-47.134767198511184,Budget-Regular,sao roque
-22.952966315183264,-47.000752404611255,Budget-Regular,valinhos
-26.913134249178224,-49.113291279762265,Budget-Regular,blumenau
-16.754775617058538,-43.874533349082476,Budget-Regular,montes claros
-27.02642551733833,-50.92133780922423,Budget-Regular,fraiburgo
-23.7409648815278,-46.55499681266943,Budget-Regular,sao bernardo do campo
-23.539113681372296,-46.65672261893353,Budget-Regular,sao paulo
-22.51150638481737,-44.08098386955392,Budget-Regular,volta redonda
-21.36803251989009,-46.52423987024633,Budget-Regular,muzambinho
-23.569781806806176,-46.5592875603667,Budget-Regular,sao paulo
-20.50506397453669,-43.85753462626693,Budget-Regular,congonhas
-20.28839600731144,-45.54066538803468,Budget-Regular,arcos
-19.46970149792253,-42.562507159587966,Budget-Regular,ipatinga
-6.764217213542389,-43.01162956215758,Budget-Regular,floriano
-5.130292185838404,-42.800378955999975,Budget-Regular,teresina
-21.6736142894858,-49.75706520613485,Budget-Regular,lins
-22.381727463716658,-41.77811669829696,Budget-Regular,macae
-30.256065260483723,-54.91883002260803,Budget-Regular,rosario do sul
-22.688145304341642,-45.73272511251681,Budget-Regular,sao bento do sapucai
-20.84783085946389,-41.11837354714722,Budget-Regular,cachoeiro de itapemirim
-19.299743434838938,-44.41392227201271,Budget-Regular,caetanopolis
-22.01294095161805,-47.41565859685223,Budget-Regular,pirassununga
-24.02061457146977,-46.45986587975573,Budget-Regular,praia grande
-24.944530275318872,-53.49093617539968,Budget-Regular,cascavel
-22.92541928296553,-43.232072863400354,Budget-Regular,rio de janeiro
-8.073046456182583,-34.994051789580816,Budget-Regular,jaboatao dos guararapes
-27.58065051404213,-48.66769007347366,Budget-Regular,sao jose
-23.585063593220163,-46.76573031099623,Budget-Regular,sao paulo
-23.51503460560334,-46.44060207799066,Budget-Regular,sao paulo
-23.6010664210396,-51.64320082937779,Budget-Regular,jandaia do sul
-22.88639233122892,-42.0378339656894,Budget-Regular,cabo frio
-22.883955223700177,-43.304684518942224,Budget-Regular,rio de janeiro
-3.6090760349263444,-45.34172963166411,Budget-Regular,pindare mirim
-18.300724395913875,-39.954340172390374,Budget-Regular,pedro canario
-23.53435066619291,-46.21196340351685,Budget-Regular,mogi das cruzes
-16.432802794862173,-49.38608963924567,Budget-Regular,brazabrantes
-25.946690758470595,-53.160175396720575,Budget-Regular,eneas marques
-15.916508364885061,-48.0584560795369,Budget-Regular,brasilia
-23.49408853621103,-46.43869526172886,Budget-Regular,sao paulo
-27.001624153002236,-51.238826914259896,Budget-Regular,iomere
-22.836436732168615,-43.2755566090658,Budget-Regular,rio de janeiro
-32.03442798620588,-52.09660672909994,Budget-Regular,rio grande
-23.680349015263435,-46.74245610071573,Budget-Regular,sao paulo
-22.486701530671105,-44.078220114634384,Budget-Regular,volta redonda
-29.63869409856004,-51.0228871844115,Budget-Regular,sapiranga
-22.515499488770807,-48.56325343829344,Budget-Regular,igaracu do tiete
-23.51763116858942,-46.45973057216227,Budget-Regular,sao paulo
-15.840391573448764,-48.017797905764944,Budget-Regular,brasilia
-23.606964744099507,-46.704940704987166,Budget-Regular,sao paulo
-23.98479796586644,-46.300849044480685,Budget-Regular,santos
-22.930177098789542,-42.4970039999183,Budget-Regular,saquarema
-23.54149051515917,-46.55875027935824,Budget-Regular,sao paulo
-23.004214031623405,-43.335593643632045,Budget-Regular,rio de janeiro
-19.953983389390658,-43.93287034041202,Budget-Regular,belo horizonte
-23.52961010546156,-46.890230516998166,Budget-Regular,barueri
-1.347212062466243,-47.57414276696964,Budget-Regular,santa maria do para
-15.575373259927694,-56.08520580966102,Budget-Regular,cuiaba
-7.512974603461479,-35.317489361996884,Budget-Regular,timbauba
-23.64493007609432,-52.61803531072589,Budget-Regular,cianorte
-20.7940083415249,-40.810693136752334,Budget-Regular,iconha
-21.976550724657617,-51.65331351431385,Budget-Regular,santo anastacio
-7.1249257634394265,-34.82531926343943,Budget-Regular,joao pessoa
-8.187241757682003,-34.924004758584815,Budget-Regular,jaboatao dos guararapes
-23.348334768868305,-51.210697538480616,Budget-Regular,londrina
-3.028084065204733,-59.95097898105776,Budget-Regular,manaus
-16.461333553743916,-49.96132102440178,Budget-Regular,anicuns
-15.841450954140925,-48.024025688112914,Budget-Regular,brasilia
-23.659093059615916,-46.37122680474448,Budget-Regular,ribeirao pires
-20.252532778774647,-43.80286849754644,Budget-Regular,itabirito
-23.704714547525175,-46.41020837009065,Budget-Regular,ribeirao pires
-20.342467507877814,-40.28566821952616,Budget-Regular,vila velha
-8.802065344725001,-63.86504975308944,Budget-Regular,porto velho
-19.544253958337173,-42.645186545999934,Budget-Regular,timoteo
-22.92357123601524,-43.635422152244715,Budget-Regular,rio de janeiro
-22.283614299194987,-48.12550881189371,Budget-Regular,brotas
-23.57130234332621,-46.47930265361119,Budget-Regular,sao paulo
-19.906330599226692,-43.936668051907176,Budget-Regular,belo horizonte
-22.235298273207825,-42.52693193710513,Budget-Regular,nova friburgo
-22.98283043825374,-43.201593115182646,Budget-Regular,rio de janeiro
-21.12924254287614,-44.2361687581222,Budget-Regular,sao joao del rei
-23.54549460399061,-46.650239412718506,Budget-Regular,sao paulo
-22.901356354332812,-43.8504586714532,Budget-Regular,itaguai
-19.95404092044362,-43.97768107409549,Budget-Regular,belo horizonte
-16.698388664872784,-49.11299267173192,Budget-Regular,senador canedo
-23.69029792389557,-46.6296561291374,Budget-Regular,diadema
-22.830750512637714,-43.32130500721335,Budget-Regular,rio de janeiro
-11.877564849866127,-55.50142196853771,Budget-Regular,sinop
-23.563294082982303,-46.64348420621503,Budget-Regular,sao paulo
-22.22660890821775,-54.804465677866055,Budget-Regular,dourados
-23.59342860727678,-46.68575510560334,Budget-Regular,sao paulo
-18.50630959335238,-54.74901121680464,Budget-Regular,coxim
-12.971064660603252,-38.45844127604025,Budget-Regular,salvador
-23.30752698029315,-51.22578553817294,Budget-Regular,cambe
-12.432429901362395,-39.25137117419349,Budget-Regular,santo estevao
-15.65820877970397,-47.857523178680964,Budget-Regular,brasilia
-23.524847039584625,-46.52535706855559,Budget-Regular,sao paulo
-23.910519250439812,-50.57792614624225,Budget-Regular,sapopema
-22.44152742444792,-46.34933438333864,Budget-Regular,bueno brandao
-29.26974106322729,-52.578317570734434,Budget-Regular,gramado xavier
-22.91154216180968,-47.07547752994448,Budget-Regular,campinas
-22.026875620838414,-44.32023485015336,Budget-Regular,liberdade
-21.20309099954143,-41.89141172373199,Budget-Regular,itaperuna
-23.439479999999943,-46.31963830623954,Budget-Regular,itaquaquecetuba
-22.964288895954525,-43.402024304605,Budget-Regular,rio de janeiro
-15.843092528722453,-47.82225242246026,Budget-Regular,brasilia
-22.930412639848665,-43.34703978193807,Budget-Regular,rio de janeiro
-12.955363740854134,-38.480797077323174,Budget-Regular,salvador
-22.21467186660031,-54.853950083004506,Budget-Regular,dourados
-23.010010522621027,-43.31960105704306,Budget-Regular,rio de janeiro
-10.229455468648288,-48.34332555056342,Budget-Regular,palmas
-23.014294742166268,-43.46413167283893,Budget-Regular,rio de janeiro
-23.57956031334339,-46.64316695421285,Budget-Regular,sao paulo
-22.989315173013143,-43.353636132658394,Budget-Regular,rio de janeiro
-22.837451405505156,-43.32323284096027,Budget-Regular,rio de janeiro
-19.95254268289243,-44.196132792948255,Budget-Regular,betim
-23.562214532892817,-46.600915018075554,Budget-Regular,sao paulo
-22.851867693477,-43.5356341102641,Budget-Regular,rio de janeiro
-23.398125134471115,-46.437990399042064,Budget-Regular,guarulhos
-14.221024617359033,-42.78006679256768,Budget-Regular,guanambi
-22.298634,-49.0780625656414,Budget-Regular,bauru
-23.15362829167884,-47.00486613672867,Budget-Regular,jundiai
-18.893222999999992,-48.28989571204341,Budget-Regular,uberlandia
-22.360549707243237,-49.52121135556797,Budget-Regular,fernao
-3.218720460711638,-52.21986986941187,Budget-Regular,altamira
-29.96150870112698,-51.62866453331365,Budget-Regular,charqueadas
-22.757901420684334,-43.51374041566534,Budget-Regular,nova iguacu
-19.923338955306185,-43.9480192209302,Budget-Regular,belo horizonte
-23.218175126565264,-45.90819425395292,Budget-Regular,sao jose dos campos
-11.426668617575881,-61.46823229687513,Budget-Regular,cacoal
-22.970894018595992,-43.38784233625709,Budget-Regular,rio de janeiro
-21.6736142894858,-49.75706520613485,Budget-Regular,lins
-23.654055903741376,-46.592718659116976,Budget-Regular,sao bernardo do campo
-23.954384756775518,-46.28585026591533,Budget-Regular,guaruja
-19.822707429915194,-43.96083024138544,Budget-Regular,belo horizonte
-23.52189665389564,-47.4748678425117,Budget-Regular,sorocaba
-23.66770378544643,-46.59602933086139,Budget-Regular,sao bernardo do campo
-18.84393672115666,-41.95842147687736,Budget-Regular,governador valadares
-13.626872814287005,-41.32881042848442,Budget-Regular,barra da estiva
-23.96402867998731,-46.33334224132954,Budget-Regular,santos
-23.608765540106177,-46.63849928504239,Budget-Regular,sao paulo
-23.981413796790704,-46.46961670028374,Budget-Regular,sao vicente
-29.18931886171497,-54.86751986111217,Budget-Regular,santiago
-20.69743859460673,-44.828783209226586,Budget-Regular,oliveira
-22.96437525339033,-43.21631140723638,Budget-Regular,rio de janeiro
-22.014427485140583,-47.9076801448728,Budget-Regular,sao carlos
-22.027806489679875,-42.36572479505755,Budget-Regular,cordeiro
-23.49718835332407,-46.401278495008334,Budget-Regular,sao paulo
-23.667921785734887,-46.678596063099626,Budget-Regular,sao paulo
-23.675315595636327,-46.51511591603398,Budget-Regular,santo andre
-19.906330599226692,-43.936668051907176,Budget-Regular,belo horizonte
-14.133744079186092,-39.73399853338481,Budget-Regular,ipiau
-16.866729996774893,-41.25494090608517,Budget-Regular,monte formoso
-15.625450927531777,-46.42370590672895,Budget-Regular,buritis
-17.884664706480535,-51.71734102088634,Budget-Regular,jatai
-23.4312797463212,-46.53484499639333,Budget-Regular,guarulhos
-27.90694089699689,-55.13854135473556,Budget-Regular,porto xavier
-23.478780458975653,-46.42653574909117,Budget-Regular,sao paulo
-22.74808139969014,-47.671907867880485,Budget-Regular,piracicaba
-25.54254967110052,-49.33800035581969,Budget-Regular,curitiba
-18.914610478215685,-48.19068677031267,Budget-Regular,uberlandia
-15.64427622716595,-47.64501866968378,Budget-Regular,brasilia
-22.586427367719512,-47.51274020487925,Budget-Regular,iracemapolis
-22.94104597120424,-44.03538,Budget-Regular,mangaratiba
-30.039467585059786,-51.22310393268514,Budget-Regular,porto alegre
-5.350531206564843,-49.09870794289221,Budget-Regular,maraba
-23.618668798879924,-48.06235753343369,Budget-Regular,itapetininga
-22.850412639930923,-43.31380787108773,Budget-Regular,rio de janeiro
-20.19270569926364,-40.233621188602434,Budget-Regular,serra
-18.907541802994345,-40.07619848042624,Budget-Regular,jaguare
-21.266380499634696,-48.32990604444036,Budget-Regular,jaboticabal
-23.52102031518645,-46.38208462518472,Budget-Regular,ferraz de vasconcelos
-20.75533341719481,-42.88055185516512,Budget-Regular,vicosa
-23.571536165416365,-46.68422691257428,Budget-Regular,sao paulo
-23.582725781013274,-46.52208065935541,Budget-Regular,sao paulo
-8.26931719900166,-35.965222021726525,Budget-Regular,caruaru
-23.53151235913791,-46.64923040487045,Budget-Regular,sao paulo
-22.85077682410913,-43.270083990146574,Budget-Regular,rio de janeiro
-23.559508526225283,-46.84517951100542,Budget-Regular,carapicuiba
-23.5448396559813,-46.49733676568181,Budget-Regular,sao paulo
-5.040445353084335,-42.814813828235906,Budget-Regular,teresina
-23.69029792389557,-46.6296561291374,Budget-Regular,diadema
-10.822957951587526,-42.72791838376603,Budget-Regular,xique-xique
-8.12872297209087,-34.946852287457354,Budget-Regular,recife
-22.989315173013143,-43.353636132658394,Budget-Regular,rio de janeiro
-23.61974987528452,-46.584724063556315,Budget-Regular,sao paulo
-7.068554900128371,-34.84281541400958,Budget-Regular,joao pessoa
-19.19059427389377,-40.09903171105708,Budget-Regular,sooretama
-23.009617598517572,-46.853418489894764,Budget-Regular,itatiba
-22.3601447775755,-41.77334894917298,Budget-Regular,macae
-23.621427146546235,-46.50509772245941,Budget-Regular,sao paulo
-16.506116999999996,-49.01987623256302,Budget-Regular,goianapolis
-30.29659562013943,-51.30579328601676,Budget-Regular,barra do ribeiro
-28.505303390213143,-50.937910684642645,Budget-Regular,vacaria
-27.94043937233576,-52.92407776868056,Budget-Regular,sarandi
-29.712761767988173,-51.13725244097219,Budget-Regular,novo hamburgo
-22.428966541766155,-45.47319168617206,Budget-Regular,itajuba
-25.65884597332588,-49.299486774353305,Budget-Regular,fazenda rio grande
-22.41694377901853,-42.954295047593696,Budget-Regular,teresopolis
-23.549487057158625,-47.46168978827011,Budget-Regular,votorantim
-21.77966410851753,-48.159891922009336,Budget-Regular,araraquara
-17.88896510994165,-39.86087419947462,Budget-Regular,posto da mata
-23.5528355903399,-46.65316948972822,Budget-Regular,sao paulo
-23.441645336112845,-45.077753319947206,Budget-Regular,ubatuba
-21.89115571618403,-49.02214949376338,Budget-Regular,iacanga
-19.740323933666104,-47.92535308236194,Budget-Regular,uberaba
-29.69297527928461,-51.13877179785747,Budget-Regular,novo hamburgo
-23.45424446169717,-47.47535088454323,Budget-Regular,sorocaba
-30.130953170696486,-51.23302606522303,Budget-Regular,porto alegre
-21.892295943841503,-45.59208199999995,Budget-Regular,sao goncalo do sapucai
-22.2835805047368,-42.53537225497943,Budget-Regular,nova friburgo
-1.3488461957285132,-48.420746504157094,Budget-Regular,ananindeua
-8.743945699931716,-63.89648266653547,Budget-Regular,porto velho
-6.888968582158628,-38.56021488138379,Budget-Regular,cajazeiras
-20.4100278727316,-42.89642624318659,Budget-Regular,ponte nova
-16.708958249999974,-49.28906294052574,Budget-Regular,goiania
-22.92356707409551,-43.21262803260434,Budget-Regular,rio de janeiro
-22.884255334727865,-47.06813275200536,Budget-Regular,campinas
-25.4418509866698,-49.311134222815554,Budget-Regular,curitiba
-29.447177092842487,-50.58159206696469,Budget-Regular,sao francisco de paula
-20.20573692802297,-50.92692375841509,Budget-Regular,santa fe do sul
-21.20303590598236,-47.80187851542229,Budget-Regular,ribeirao preto
-22.89982352262103,-43.17812973258696,Budget-Regular,rio de janeiro
-23.59363985658718,-46.766240701223374,Budget-Regular,sao paulo
-21.995781154521296,-48.38870931746983,Budget-Regular,boa esperanca do sul
-15.911489336006678,-48.04721977600547,Budget-Regular,brasilia
-4.316229989172449,-46.4576720135458,Budget-Regular,buriticupu
-23.970390465433734,-46.32234564570951,Budget-Regular,santos
-21.153145298647225,-48.97061050708395,Budget-Regular,catanduva
-30.039753592850065,-51.18608466388714,Budget-Regular,porto alegre
-15.869375107362702,-50.86742383886169,Budget-Regular,jussara
-29.780870599508695,-55.79044884964801,Budget-Regular,alegrete
-23.51455395920133,-46.50187356223674,Budget-Regular,sao paulo
-19.8595462052484,-43.95570128711987,Budget-Regular,belo horizonte
-22.874250425760255,-43.267943909749,Budget-Regular,rio de janeiro
-22.856885588983584,-43.2631632202377,Budget-Regular,rio de janeiro
-23.54682895530619,-46.56705535720467,Budget-Regular,sao paulo
-12.993444094090812,-38.52223765292287,Budget-Regular,salvador
-23.525449752986297,-46.77101122064175,Budget-Regular,osasco
-21.24481728187358,-44.99836509644241,Budget-Regular,lavras
-23.59614572125607,-46.73015821624435,Budget-Regular,sao paulo
-12.269865651537904,-38.951171481678145,Budget-Regular,feira de santana
-23.56428872384441,-46.51904534753631,Budget-Regular,sao paulo
-22.883955223700177,-43.304684518942224,Budget-Regular,rio de janeiro
-29.96150870112698,-51.62866453331365,Budget-Regular,charqueadas
-25.45864601817763,-49.286236905292554,Budget-Regular,curitiba
-25.454675584491422,-49.35025888092221,Budget-Regular,curitiba
-10.941635372612339,-37.0834877925295,Budget-Regular,aracaju
-29.942848768785325,-51.10729169782901,Budget-Regular,cachoeirinha
-23.606234096460447,-46.44652093991286,Budget-Regular,sao paulo
-23.609758620318527,-46.47006352553521,Budget-Regular,sao paulo
-23.618668798879924,-48.06235753343369,Budget-Regular,itapetininga
-11.240870225103476,-38.48102343398035,Budget-Regular,nova soure
-15.657852426977136,-47.79668919191656,Budget-Regular,brasilia
-5.453532734162918,-39.71729676275866,Budget-Regular,pedra branca
-26.29799024889898,-48.868040420480135,Budget-Regular,joinville
-16.681862999999947,-49.28337349999997,Budget-Regular,goiania
-29.75452832443038,-50.017691069847736,Budget-Regular,capao da canoa
-23.617928189566605,-46.74202011893355,Budget-Regular,sao paulo
-21.18967775449953,-47.78832998681401,Budget-Regular,ribeirao preto
-23.86364503051552,-49.14046304526399,Budget-Regular,itabera
-22.104972987025352,-50.178282023539516,Budget-Regular,pompeia
-23.629380626839392,-46.616241219762166,Budget-Regular,sao paulo
-27.50338404506416,-50.117463574858576,Budget-Regular,otacilio costa
-22.49940945767212,-44.104362694702495,Budget-Regular,volta redonda
-23.584691419931875,-46.56137165306711,Budget-Regular,sao paulo
-23.54683572655201,-46.7545319612685,Budget-Regular,sao paulo
-24.826049093749603,-49.2625755250401,Budget-Regular,cerro azul
-24.41962455063525,-52.84238912019251,Budget-Regular,juranda
-22.709328438971543,-43.46116770025649,Budget-Regular,nova iguacu
-22.91408114285877,-43.22386956688216,Budget-Regular,rio de janeiro
-14.221024617359033,-42.78006679256768,Budget-Regular,guanambi
-23.41464835527768,-51.94228360784475,Budget-Regular,maringa
-23.322352248071105,-46.58973137816835,Budget-Regular,mairipora
-30.03336443104038,-51.23063954079865,Budget-Regular,porto alegre
-23.014294742166268,-43.46413167283893,Budget-Regular,rio de janeiro
-15.81418011112639,-47.905794000000014,Budget-Regular,brasilia
-16.380779235463113,-39.57178161980365,Budget-Regular,eunapolis
-23.59614572125607,-46.73015821624435,Budget-Regular,sao paulo
-23.7409648815278,-46.55499681266943,Budget-Regular,sao bernardo do campo
-24.89006801342847,-52.47338531278709,Budget-Regular,laranjal
-10.857236962048848,-61.95563056163115,Budget-Regular,ji-parana
-20.69743859460673,-44.828783209226586,Budget-Regular,oliveira
-8.045726699694159,-34.90834724999999,Budget-Regular,recife
-22.92258733473174,-43.24244568124239,Budget-Regular,rio de janeiro
-23.642799233423684,-46.57183746364473,Budget-Regular,sao caetano do sul
-29.700709289919917,-53.73234115417634,Budget-Regular,santa maria
-22.522864316107068,-46.64756741512481,Budget-Regular,lindoia
-22.487468895719783,-43.82856386495557,Budget-Regular,barra do pirai
-22.918123077163223,-42.81760650604593,Budget-Regular,marica
-20.81664803818188,-49.386547493961466,Budget-Regular,sao jose do rio preto
-23.705143978489815,-46.74819736164805,Budget-Regular,sao paulo
-23.307361270874885,-46.73019949607041,Budget-Regular,franco da rocha
-8.049866499763118,-34.95862095931396,Budget-Regular,recife
-22.47583977768481,-44.06464514716775,Budget-Regular,volta redonda
-30.030201334179605,-51.22766868774895,Budget-Regular,porto alegre
-15.610093968551803,-56.1099763701537,Budget-Regular,cuiaba
-20.175164692932476,-45.708195463966604,Budget-Regular,iguatama
-21.87634504532155,-42.69745674514186,Budget-Regular,alem paraiba
-20.784732823166237,-49.81535988380554,Budget-Regular,poloni
-22.802320737543184,-47.20403845683539,Budget-Regular,sumare
-23.505967344026324,-46.86762212637944,Budget-Regular,barueri
-23.69177231154794,-46.544549807447076,Budget-Regular,sao bernardo do campo
-19.412168952136533,-40.5436216264985,Budget-Regular,marilandia
-29.822701628780155,-51.16106387708435,Budget-Regular,sapucaia do sul
-5.110418101476588,-42.80685810454902,Budget-Regular,teresina
-1.2998814205764289,-48.16014012499999,Budget-Regular,santa isabel do para
-15.813724999999948,-47.948759999999965,Budget-Regular,brasilia
-22.81425523399885,-43.33784700262572,Budget-Regular,rio de janeiro
-23.474839274770616,-46.89821131571351,Budget-Regular,santana de parnaiba
-23.65413473910784,-46.74871358125108,Budget-Regular,sao paulo
-21.980138642875495,-44.93186888145688,Budget-Regular,caxambu
-21.12924254287614,-44.2361687581222,Budget-Regular,sao joao del rei
-23.164425953372948,-45.9156174090712,Budget-Regular,sao jose dos campos
-22.924329868918583,-43.683564821195645,Budget-Regular,rio de janeiro
-22.895956030798377,-47.148743284205665,Budget-Regular,campinas
-23.2742819753015,-47.30661523158634,Budget-Regular,itu
-23.811270516792643,-46.7375025756247,Budget-Regular,sao paulo
-23.636419609954903,-46.74675907507645,Budget-Regular,sao paulo
-25.458103298372595,-49.18571963007069,Budget-Regular,pinhais
-23.56183531095864,-46.72746582199959,Budget-Regular,sao paulo
-23.55571921629811,-46.32587790360535,Budget-Regular,suzano
-25.37218100750851,-51.46938513954938,Budget-Regular,guarapuava
-23.093508970858096,-45.7035398119626,Budget-Regular,cacapava
-23.553451251327196,-46.80868874516693,Budget-Regular,osasco
-23.45656494754457,-46.70076466916728,Budget-Regular,sao paulo
-15.807210582384418,-47.8846746672197,Budget-Regular,brasilia
-23.56155412254022,-46.62258413696694,Budget-Regular,sao paulo
-23.9559889780488,-46.38113361864712,Budget-Regular,sao vicente
-23.557522033585307,-46.67973744295696,Budget-Regular,sao paulo
-15.867344195193105,-47.963553082353585,Budget-Regular,brasilia
-20.41764183780239,-40.3369310595261,Budget-Regular,vila velha
-23.047083359540483,-45.516382361664576,Budget-Regular,taubate
-18.4760791367949,-47.19905203561228,Budget-Regular,coromandel
-22.27642050519276,-51.49888375467775,Budget-Regular,pirapozinho
-20.44159268613129,-44.76588783921957,Budget-Regular,claudio
-23.571139321816027,-46.724956724464775,Budget-Regular,sao paulo
-23.203641583674795,-46.87221486532687,Budget-Regular,jundiai
-29.89597695920133,-51.14571254440535,Budget-Regular,canoas
-22.8961984228604,-43.35568746796124,Budget-Regular,rio de janeiro
-22.66471084147959,-50.435923764296824,Budget-Regular,assis
-27.214762141686712,-49.640232592201016,Budget-Regular,rio do sul
-8.751287613804143,-38.961866017692174,Budget-Regular,belem do sao francisco
-8.115392897166615,-34.8970405649489,Budget-Regular,recife
-18.893222999999992,-48.28989571204341,Budget-Regular,uberlandia
-23.172524723254675,-46.88719218616193,Budget-Regular,jundiai
-26.90742211051977,-49.04255812377123,Budget-Regular,blumenau
-22.932084510675818,-43.17545342200936,Budget-Regular,rio de janeiro
-23.535391579231398,-46.66753623925207,Budget-Regular,sao paulo
-18.682265999999945,-49.568232499999965,Budget-Regular,capinopolis
-23.661237153759604,-46.63880622759531,Budget-Regular,sao paulo
-22.86657990047305,-43.09822064501702,Budget-Regular,niteroi
-23.491843736654435,-47.4095082072799,Budget-Regular,sorocaba
-23.66753462891686,-46.59137473131757,Budget-Regular,sao bernardo do campo
-20.260231292259995,-40.268254195560345,Budget-Regular,vitoria
-4.876570368032535,-43.36513319843658,Budget-Regular,caxias
-20.014658366858797,-45.97682619326723,Budget-Regular,bambui
-15.799840559130535,-48.13569395717654,Budget-Regular,brasilia
-23.63098517277395,-46.78896203400367,Budget-Regular,taboao da serra
-17.843405678766587,-40.3464798270996,Budget-Regular,nanuque
-23.180310699921794,-46.76473376527395,Budget-Regular,campo limpo paulista
-23.358538959962758,-46.870280104527666,Budget-Regular,cajamar
-12.924123841797002,-38.35272918800699,Budget-Regular,salvador
-22.87655154418781,-48.42793121579432,Budget-Regular,botucatu
-27.15253242886683,-48.50464784416293,Budget-Regular,bombinhas
-10.760855253083054,-48.9019095,Budget-Regular,fatima
-12.970364907969731,-38.43510051848935,Budget-Regular,salvador
-23.5615966758022,-46.56312274864303,Budget-Regular,sao paulo
-23.6026934207006,-46.75612054704541,Budget-Regular,taboao da serra
-23.21130687949995,-46.88044951858166,Budget-Regular,jundiai
-7.482627840495488,-36.66345583770069,Budget-Regular,serra branca
-30.051017183449765,-51.14661889924408,Budget-Regular,porto alegre
-22.568376530773754,-47.40402037330482,Budget-Regular,limeira
-26.149502121951716,-53.03081268920672,Budget-Regular,marmeleiro
-21.876176339641987,-51.84472775967921,Budget-Regular,presidente venceslau
-19.8712996969242,-44.01013832194592,Budget-Regular,belo horizonte
-16.022489126762082,-49.8017237257634,Budget-Regular,itaberai
-13.267958923219508,-39.66268815106751,Budget-Regular,ubaira
-25.440104033389556,-49.35158480404242,Budget-Regular,curitiba
-23.514854436332204,-46.14078975940024,Budget-Regular,mogi das cruzes
-22.90507423727126,-43.1771726677823,Budget-Regular,rio de janeiro
-23.785675171810382,-46.71218148362571,Budget-Regular,sao paulo
-22.807570578499792,-43.40872233249819,Budget-Regular,nilopolis
-23.60961500291419,-46.44880728422052,Budget-Regular,sao paulo
-22.738017278995763,-45.58706246070348,Budget-Regular,campos do jordao
-22.83448266224237,-43.2964392423105,Budget-Regular,rio de janeiro
-12.985879358589644,-38.44004794489128,Budget-Regular,salvador
-5.883200491342851,-35.203113430837774,Budget-Regular,parnamirim
-23.46025163696695,-46.565685717871794,Budget-Regular,guarulhos
-22.966596492368282,-43.20281028934156,Budget-Regular,rio de janeiro
-18.682265999999945,-49.568232499999965,Budget-Regular,capinopolis
-25.08134743712856,-50.13440467659161,Budget-Regular,ponta grossa
-30.057241671137845,-51.08022191235326,Budget-Regular,viamao
-23.595166126421038,-46.50412848362572,Budget-Regular,sao paulo
-2.439879662901709,-54.72446419914522,Budget-Regular,santarem
-21.140466558976293,-47.79217408933636,Budget-Regular,ribeirao preto
-22.67126597723474,-47.69558614028518,Budget-Regular,piracicaba
-9.951985929106954,-54.90768634838035,Budget-Regular,guaranta do norte
-23.54361420483005,-46.68766584999129,Budget-Regular,sao paulo
-23.72650754342439,-46.57996607380704,Budget-Regular,sao bernardo do campo
-23.594320712183954,-46.496836349439945,Budget-Regular,sao paulo
-22.98598325783374,-43.19186641534424,Budget-Regular,rio de janeiro
-22.8885464074384,-48.44093727755606,Budget-Regular,botucatu
-1.3667488537613912,-48.33865765202612,Budget-Regular,marituba
-26.91430206272721,-49.06109329477589,Budget-Regular,blumenau
-23.556328554532893,-46.61484561718798,Budget-Regular,sao paulo
-22.45420832442529,-43.46995999999996,Budget-Regular,miguel pereira
-22.897542889850193,-49.62588476420329,Budget-Regular,santa cruz do rio pardo
-22.963101862888813,-43.00686553719197,Budget-Regular,marica
-22.885051106511668,-43.51101342290494,Budget-Regular,rio de janeiro
-23.72470026061802,-46.68148760073805,Budget-Regular,sao paulo
-23.57736416464433,-46.407736812973,Budget-Regular,sao paulo
-1.3692616173618282,-48.40803133305517,Budget-Regular,ananindeua
-8.07095258895492,-34.919546699694166,Budget-Regular,recife
-22.918606538302836,-43.256743384472216,Budget-Regular,rio de janeiro
-23.603980547319527,-46.64363399999999,Budget-Regular,sao paulo
-20.39033246553589,-49.43330678037226,Budget-Regular,palestina
-15.768150750000002,-47.891037375,Budget-Regular,brasilia
-22.954521478763947,-43.185702100207656,Budget-Regular,rio de janeiro
-18.080427677962714,-39.54697228936604,Budget-Regular,mucuri
-22.823368072162268,-47.08801043005943,Budget-Regular,campinas
-23.35761009165814,-47.85425054602937,Budget-Regular,tatui
-22.977201808630056,-43.19026241854691,Budget-Regular,rio de janeiro
-23.57318252622771,-46.769453376219005,Budget-Regular,sao paulo
-7.085317828835029,-41.47048951098802,Budget-Regular,picos
-15.342922358229634,-43.67078980287361,Budget-Regular,jaiba
-23.312708528449416,-51.1673625,Budget-Regular,londrina
-20.218968000000004,-40.24239050115117,Budget-Regular,serra
-22.831640653887533,-43.041632564798185,Budget-Regular,sao goncalo
-24.96277461073924,-53.48447611887644,Budget-Regular,cascavel
-20.71706301120797,-47.878333086473205,Budget-Regular,orlandia
-12.974427513247502,-38.49609747737895,Budget-Regular,salvador
-25.44913988952431,-49.28810433527613,Budget-Regular,curitiba
-23.646811996240743,-46.70382197111212,Budget-Regular,sao paulo
-23.6054986239252,-46.83910428065681,Budget-Regular,cotia
-24.323762446885155,-50.61360481210749,Budget-Regular,telemaco borba
-22.911676757399086,-47.047650129061104,Budget-Regular,campinas
-23.55515841825844,-46.55106766403139,Budget-Regular,sao paulo
-27.98995805646094,-54.84043076677856,Budget-Regular,campina das missoes
-23.53634523978303,-46.604670459475464,Budget-Regular,sao paulo
-3.762079627531884,-38.53921225478964,Budget-Regular,fortaleza
-30.085527929496834,-51.2085996860177,Budget-Regular,porto alegre
-22.91731807201573,-43.09368761944342,Budget-Regular,niteroi
-23.225915629753587,-45.88003242576027,Budget-Regular,sao jose dos campos
-28.02917732203228,-54.35087038660696,Budget-Regular,girua
-26.912615530002004,-48.67401528393623,Budget-Regular,itajai
-15.95509666919713,-44.86196299976521,Budget-Regular,sao francisco
-20.078081482110967,-44.601280141881546,Budget-Regular,itauna
-22.91345759457133,-43.18797113336026,Budget-Regular,rio de janeiro
-23.53508762170351,-46.66150428628315,Budget-Regular,sao paulo
-22.955759025535215,-46.54161922266144,Budget-Regular,braganca paulista
-24.726900901778198,-48.109871630496414,Budget-Regular,cajati
-27.757445850460535,-54.48164549369119,Budget-Regular,tuparendi
-23.53063784984708,-46.60100455176294,Budget-Regular,sao paulo
-13.267958923219508,-39.66268815106751,Budget-Regular,ubaira
-23.54875465139367,-46.4392114417162,Budget-Regular,sao paulo
-19.812516255063773,-44.00267575119264,Budget-Regular,belo horizonte
-15.843053489167191,-48.030175344364245,Budget-Regular,brasilia
-3.5521863733196986,-40.65504039925095,Budget-Regular,coreau
-23.64676116180968,-46.80117134997565,Budget-Regular,embu das artes
-29.692365255495957,-53.811816361435646,Budget-Regular,santa maria
-22.85193647517985,-43.39640120401403,Budget-Regular,rio de janeiro
-22.87049748958399,-43.28672662434625,Budget-Regular,rio de janeiro
-22.479949433793422,-44.496513711117885,Budget-Regular,resende
-23.541952776588285,-46.79886992812618,Budget-Regular,osasco
-23.614805403819684,-46.63510402761268,Budget-Regular,sao paulo
-23.712859098700683,-47.41623869785824,Budget-Regular,piedade
-19.923338955306185,-43.9480192209302,Budget-Regular,belo horizonte
-23.615084598389984,-46.766986071614,Budget-Regular,taboao da serra
-23.500491754016583,-46.85065418539156,Budget-Regular,barueri
-12.994160965806937,-38.47952868408447,Budget-Regular,salvador
-20.523532441318096,-47.36505968729045,Budget-Regular,franca
-23.670394104622392,-46.47515734762539,Budget-Regular,maua
-16.32473051308362,-48.941262230516514,Budget-Regular,anapolis
-25.481463467438807,-49.170326265191314,Budget-Regular,sao jose dos pinhais
-25.42340442454359,-50.00108186252767,Budget-Regular,palmeira
-23.46053810713255,-46.51553610303015,Budget-Regular,guarulhos
-11.347727535793053,-41.6613892809055,Budget-Regular,joao dourado
-22.234262032166704,-54.80250616811157,Budget-Regular,dourados
-22.770399908130887,-47.15092318067981,Budget-Regular,paulinia
-23.644885766864764,-46.606792633115546,Budget-Regular,sao paulo
-3.498943335147733,-39.5805599213898,Budget-Regular,itapipoca
-23.585447965029715,-46.62893070898499,Budget-Regular,sao paulo
-6.465961487877819,-37.094677974726665,Budget-Regular,caico
-23.49718835332407,-46.401278495008334,Budget-Regular,sao paulo
-25.54396702400601,-49.154679464395,Budget-Regular,sao jose dos pinhais
-22.436878792984327,-43.13974645848293,Budget-Regular,petropolis
-23.50021990259096,-46.49757079961335,Budget-Regular,sao paulo
-23.561779395363267,-46.47581652435226,Budget-Regular,sao paulo
-22.084864486842942,-51.43361314472132,Budget-Regular,presidente prudente
-20.031993188803344,-50.727482412172,Budget-Regular,santa albertina
-23.48018497085809,-46.64212652622771,Budget-Regular,sao paulo
-12.2033457288839,-38.94829995438353,Budget-Regular,feira de santana
-23.60042069608748,-46.619216654452096,Budget-Regular,sao paulo
-16.074363891121298,-47.97683882164296,Budget-Regular,valparaiso de goias
-23.58486957646144,-46.72851983611286,Budget-Regular,sao paulo
-23.53286949347912,-46.6574641552888,Budget-Regular,sao paulo
-22.930452979874794,-47.035929675986,Budget-Regular,campinas
-22.948779117499278,-46.97797265047076,Budget-Regular,valinhos
-23.754961606387248,-46.6971784679439,Budget-Regular,sao paulo
-23.614805403819684,-46.63510402761268,Budget-Regular,sao paulo
-22.84401958001996,-47.18833583213561,Budget-Regular,sumare
-22.475834578756455,-46.62192703999664,Budget-Regular,aguas de lindoia
-29.16587996505644,-51.15554329183994,Budget-Regular,caxias do sul
-23.633015143776277,-46.70689364807545,Budget-Regular,sao paulo
-23.96237820964202,-46.38108193166076,Budget-Regular,sao vicente
-22.323580795222504,-42.5478444515302,Budget-Regular,nova friburgo
2.821374037729382,-60.67224111828101,Budget-Regular,boa vista
-23.553128865237888,-46.30594653457149,Budget-Regular,suzano
-22.906153508194315,-43.55299177116393,Budget-Regular,rio de janeiro
-5.848012519014349,-35.24228964674826,Budget-Regular,natal
-22.71070501686846,-43.5786503358056,Budget-Regular,queimados
-19.907292059668787,-44.00765821816024,Budget-Regular,belo horizonte
-22.943925494054206,-45.46444429095423,Budget-Regular,pindamonhangaba
-19.894223410208355,-43.930916412170255,Budget-Regular,belo horizonte
-18.8598213623111,-41.96577841520814,Budget-Regular,governador valadares
-29.38397928174236,-52.27183634111214,Budget-Regular,serio
-25.548566606151606,-49.26605713321602,Budget-Regular,curitiba
-19.98763559908247,-44.04363928932604,Budget-Regular,belo horizonte
-21.757746913540906,-43.35368617603624,Budget-Regular,juiz de fora
-23.35761009165814,-47.85425054602937,Budget-Regular,tatui
-21.123115449356018,-46.42174314136419,Budget-Regular,nova resende
-12.244153460371766,-38.944645646250564,Budget-Regular,feira de santana
-23.597597158202998,-46.74268658021237,Budget-Regular,sao paulo
-7.903172180539447,-36.04877204751547,Budget-Regular,taquaritinga do norte
-23.610723894252423,-46.63994543519532,Budget-Regular,sao paulo
-22.85077682410913,-43.270083990146574,Budget-Regular,rio de janeiro
-27.162067688292126,-53.40849591864823,Budget-Regular,vicente dutra
-12.985879358589644,-38.44004794489128,Budget-Regular,salvador
-15.68249683699175,-48.20211806228022,Budget-Regular,brasilia
-21.757690120914923,-48.82976816265947,Budget-Regular,ibitinga
-20.342467507877814,-40.28566821952616,Budget-Regular,vila velha
-23.510099064058267,-46.297390104979456,Budget-Regular,suzano
-23.94077652429447,-46.38421120244664,Budget-Regular,santos
-22.92258733473174,-43.24244568124239,Budget-Regular,rio de janeiro
-13.240084236575292,-49.508109514455896,Budget-Regular,novo planalto
-22.525005577255342,-43.211927387156415,Budget-Regular,petropolis
-19.910530419821725,-44.03422867245252,Budget-Regular,contagem
-25.49056291666161,-49.30203540807671,Budget-Regular,curitiba
-21.1980758300872,-50.442432304677126,Budget-Regular,aracatuba
-23.525449752986297,-46.77101122064175,Budget-Regular,osasco
-15.761159457245736,-49.63360164898026,Budget-Regular,itaguaru
-15.822458720037696,-47.91161475,Budget-Regular,brasilia
-23.596446321397657,-46.520222864837805,Budget-Regular,sao paulo
-29.63760126795937,-51.00682848756556,Budget-Regular,sapiranga
-20.14068469699654,-44.88753081910666,Budget-Regular,divinopolis
-22.819145152582344,-43.036113091680086,Budget-Regular,sao goncalo
-29.4528128372208,-51.30360348768455,Budget-Regular,feliz
-22.897542889850193,-49.62588476420329,Budget-Regular,santa cruz do rio pardo
-9.968815683567625,-67.81115952484274,Budget-Regular,rio branco
-27.23200063348221,-52.0433806126832,Budget-Regular,concordia
-16.380779235463113,-39.57178161980365,Budget-Regular,eunapolis
-22.7263133542557,-47.33702039244908,Budget-Regular,americana
-30.11816673735381,-51.32783537391998,Budget-Regular,guaiba
-23.218175126565264,-45.90819425395292,Budget-Regular,sao jose dos campos
-24.010703002741373,-46.4061962395147,Budget-Regular,praia grande
-22.812430771982832,-42.98860405382278,Budget-Regular,sao goncalo
-19.894223410208355,-43.930916412170255,Budget-Regular,belo horizonte
-19.900074150172422,-44.08588791743526,Budget-Regular,contagem
-25.185856913714304,-49.315682786336794,Budget-Regular,rio branco do sul
-18.842360800711354,-41.9521290829726,Budget-Regular,governador valadares
-23.571849583674805,-46.64921496878061,Budget-Regular,sao paulo
-24.576509999999928,-53.80033934522629,Budget-Regular,vila nova
-23.5503083982223,-46.48032784265229,Budget-Regular,sao paulo
-26.074269544706898,-48.60999510263457,Budget-Regular,itapoa
-22.38628524490088,-41.77599104854219,Budget-Regular,macae
-7.750769754289396,-37.63790865074416,Budget-Regular,afogados da ingazeira
-22.146272772962757,-51.41093656164381,Budget-Regular,presidente prudente
-11.418498479917067,-58.762016312315296,Budget-Regular,juina
-20.730967126331826,-46.599216077526805,Budget-Regular,passos
-31.719788412170256,-52.35316111852951,Budget-Regular,pelotas
-27.057758960699346,-49.5221629352333,Budget-Regular,ibirama
-23.66145212432623,-46.78602165889549,Budget-Regular,sao paulo
-23.658097106441733,-46.79053910900432,Budget-Regular,sao paulo
-23.542230926930625,-46.81346159318365,Budget-Regular,osasco
-23.454135136274463,-46.51325832361937,Budget-Regular,guarulhos
-20.604721196184975,-41.20458193555609,Budget-Regular,castelo
-23.544687097350565,-46.67914691801201,Budget-Regular,sao paulo
-25.440104033389556,-49.35158480404242,Budget-Regular,curitiba
-21.615542599203067,-51.17106680967376,Budget-Regular,florida paulista
-19.901112365110514,-43.97842199207982,Budget-Regular,belo horizonte
-22.933631577298154,-43.37647022788376,Budget-Regular,rio de janeiro
-22.87159302746911,-43.55970258841937,Budget-Regular,rio de janeiro
-20.660955301151265,-43.78585877930211,Budget-Regular,conselheiro lafaiete
-22.97261425561204,-43.190423239944565,Budget-Regular,rio de janeiro
-19.776488332529308,-43.87291104711883,Budget-Regular,santa luzia
-3.0966300000000047,-60.024462156531925,Budget-Regular,manaus
-22.522864316107068,-46.64756741512481,Budget-Regular,lindoia
-30.08266162874044,-51.0270595273523,Budget-Regular,viamao
-22.47731022416761,-44.486294555654446,Budget-Regular,resende
-25.491008797391657,-49.28829274854292,Budget-Regular,curitiba
-23.615878756592988,-46.74667825812221,Budget-Regular,sao paulo
-7.115501145241208,-34.85512308090483,Budget-Regular,joao pessoa
-22.508449771958414,-43.18153757429056,Budget-Regular,petropolis
-22.918876256472355,-43.527506301690806,Budget-Regular,rio de janeiro
-9.600804862143182,-35.95663184422575,Budget-Regular,pilar
-20.442435025246763,-54.65519105813958,Budget-Regular,campo grande
-12.981749206774795,-38.48743244867416,Budget-Regular,salvador
-20.13074890385741,-40.29002553742366,Budget-Regular,serra
-19.76902191907863,-44.07656434838998,Budget-Regular,ribeirao das neves
-23.491037236886143,-46.68182116763805,Budget-Regular,sao paulo
-28.497683999999943,-52.015086339160206,Budget-Regular,santo antonio do palma
-19.89853645781635,-43.92141149611918,Budget-Regular,belo horizonte
-23.54774980834696,-46.293749082625176,Budget-Regular,suzano
-29.388253629228064,-51.86899308717813,Budget-Regular,colinas
-22.941046165690945,-43.17617823078362,Budget-Regular,rio de janeiro
-30.000061644468765,-51.13782157092152,Budget-Regular,porto alegre
-23.61104548934897,-46.76113750216712,Budget-Regular,taboao da serra
-15.641451751380135,-47.80575145056113,Budget-Regular,brasilia
-23.70171457660069,-46.51267210796927,Budget-Regular,santo andre
-23.48470069781425,-46.622192442466655,Budget-Regular,sao paulo
-23.01113485206877,-43.31036525832422,Budget-Regular,rio de janeiro
-23.634753470151537,-46.673723350775866,Budget-Regular,sao paulo
-9.40266464820265,-38.22234377789996,Budget-Regular,paulo afonso
-13.069834727942652,-55.91917142615319,Budget-Regular,lucas do rio verde
-20.284603009435063,-40.29512303471047,Budget-Regular,vitoria
-30.041793125728546,-51.14344927371916,Budget-Regular,porto alegre
-20.03560403606659,-44.140318215754,Budget-Regular,sarzedo
-19.92623391618096,-43.96560766250218,Budget-Regular,belo horizonte
-8.115392897166615,-34.8970405649489,Budget-Regular,recife
-21.20058447432055,-47.7758794015108,Budget-Regular,ribeirao preto
-21.29718583716837,-50.32590833469731,Budget-Regular,birigui
-12.901199936911826,-38.4682723805652,Budget-Regular,salvador
-23.388935108105198,-45.66356840774797,Budget-Regular,paraibuna
-23.626376350235518,-46.823201317679256,Budget-Regular,embu das artes
-6.753351594328776,-38.96694518611535,Budget-Regular,lavras da mangabeira
-23.499373461975644,-46.832186480942994,Budget-Regular,barueri
-7.200450847085694,-34.88248228002487,Budget-Regular,joao pessoa
-25.826721891873827,-52.72724660371381,Budget-Regular,sao joao
-23.49341021371684,-46.74070280835593,Budget-Regular,sao paulo
-22.92167385596392,-43.36033117000399,Budget-Regular,rio de janeiro
-19.45930795389748,-44.24801919373313,Budget-Regular,sete lagoas
-20.729875859059263,-46.614544947896434,Budget-Regular,passos
-3.0738235127676092,-60.00239053867972,Budget-Regular,manaus
-24.000678229080947,-51.32276511719421,Budget-Regular,faxinal
-23.59614572125607,-46.73015821624435,Budget-Regular,sao paulo
-15.726514731716293,-47.86711083080529,Budget-Regular,brasilia
-22.8935112964107,-47.0800242164147,Budget-Regular,campinas
-21.778987544418836,-41.29584877359198,Budget-Regular,campos dos goytacazes
-20.374072683597397,-40.30532998337161,Budget-Regular,vila velha
-23.004214031623405,-43.335593643632045,Budget-Regular,rio de janeiro
-22.911676757399086,-47.047650129061104,Budget-Regular,campinas
-23.070512708272684,-45.71698049999999,Budget-Regular,cacapava
-23.09784541994768,-46.71726009296573,Budget-Regular,jarinu
-28.645273222411767,-53.5862286036356,Budget-Regular,cruz alta
-23.657452634995465,-46.612405838882815,Budget-Regular,sao paulo
-23.54892014345921,-46.35195806369988,Budget-Regular,poa
-29.446878593045525,-51.9616299835129,Budget-Regular,lajeado
-20.41224692928116,-40.67663071762754,Budget-Regular,marechal floriano
-29.91899618372389,-51.1721259461596,Budget-Regular,canoas
-20.43298555897629,-54.56122106889078,Budget-Regular,campo grande
-23.484229918795755,-51.79720835040352,Budget-Regular,marialva
-20.815284251516896,-49.50746551808157,Budget-Regular,mirassol
-5.204925179571117,-37.32796323706949,Budget-Regular,mossoro
-18.54626428214143,-42.56168106500322,Budget-Regular,pecanha
-10.163339291922798,-48.34417360580387,Budget-Regular,palmas
-20.079889863113472,-47.42477531083081,Budget-Regular,rifaina
-21.181012061890485,-47.78952007431185,Budget-Regular,ribeirao preto
-23.52249520732588,-46.61693905285947,Budget-Regular,sao paulo
-27.57873107354152,-48.607637973718745,Budget-Regular,sao jose
-21.99397856797825,-47.42852421669701,Budget-Regular,pirassununga
-12.592611511628705,-52.20322987543341,Budget-Regular,querencia
-22.605502230121555,-43.17347808732556,Budget-Regular,mage
-16.071045838825576,-57.682119442927345,Budget-Regular,caceres
-17.851364102811043,-50.30565961177566,Budget-Regular,turvelandia
-23.232655445467103,-45.90221803043752,Budget-Regular,sao jose dos campos
-28.315908438355,-54.258939737391984,Budget-Regular,santo angelo
-23.18300381820934,-46.96922804883066,Budget-Regular,jundiai
-23.58281037829649,-46.67504969401001,Budget-Regular,sao paulo
-27.86029180662025,-54.4574076114008,Budget-Regular,santa rosa
-26.22580808081601,-52.67412588626672,Budget-Regular,pato branco
-23.495578904182445,-47.428831293784974,Budget-Regular,sorocaba
-1.447242809963,-48.475744038952335,Budget-Regular,belem
-23.11013120486852,-45.719860788504846,Budget-Regular,cacapava
-23.54358939439665,-46.40173602331353,Budget-Regular,sao paulo
-19.52847532881349,-50.332975776383975,Budget-Regular,uniao de minas
-23.5478950741622,-46.31044984200854,Budget-Regular,suzano
-4.564412775083775,-37.769058682001656,Budget-Regular,aracati
-20.14068469699654,-44.88753081910666,Budget-Regular,divinopolis
-23.524372634196983,-46.64555244317329,Budget-Regular,sao paulo
-15.164877575381645,-48.28505174479047,Budget-Regular,padre bernardo
-5.367055329732242,-49.12499133553474,Budget-Regular,morada nova
-20.237574247959685,-50.889794710347836,Budget-Regular,tres fronteiras
-22.530699976390043,-43.173452497112855,Budget-Regular,petropolis
-7.13420860354999,-34.92320368193219,Budget-Regular,bayeux
-27.626456842088945,-48.673749065851965,Budget-Regular,palhoca
-9.422417089843092,-40.49391844178376,Budget-Regular,juazeiro
-23.61937640770624,-46.49343235762366,Budget-Regular,sao paulo
-22.909096319464425,-43.06582631857182,Budget-Regular,niteroi
-15.83249161554641,-48.107208189193145,Budget-Regular,brasilia
-22.854677050233725,-47.05197199708997,Budget-Regular,campinas
-20.523532441318096,-47.36505968729045,Budget-Regular,franca
-29.685849300812556,-51.46313816602653,Budget-Regular,montenegro
-13.600381581784447,-39.489692544631005,Budget-Regular,teolandia
-19.892370394396657,-43.94229006688214,Budget-Regular,belo horizonte
-22.882010763046203,-42.02022094284854,Budget-Regular,cabo frio
-8.135446428667821,-41.14490806596287,Budget-Regular,paulistana
-23.518808468228052,-46.59381716597972,Budget-Regular,sao paulo
-19.764840904302755,-43.85460055118193,Budget-Regular,santa luzia
-20.26416981761624,-40.296486089935854,Budget-Regular,vitoria
-19.892370394396657,-43.94229006688214,Budget-Regular,belo horizonte
-23.551660917565947,-46.55179051442671,Budget-Regular,sao paulo
-21.77908820260835,-43.348806010820034,Budget-Regular,juiz de fora
-23.40594993255526,-46.49171018896156,Budget-Regular,guarulhos
-19.408455326180675,-42.54825455784787,Budget-Regular,santana do paraiso
-22.947960386642016,-47.30653160819561,Budget-Regular,monte mor
-23.583582607276785,-46.67738290521669,Budget-Regular,sao paulo
-20.373626262192097,-43.41744554260202,Budget-Regular,mariana
-19.946934214683473,-43.95237299999999,Budget-Regular,belo horizonte
-15.843092528722453,-47.82225242246026,Budget-Regular,brasilia
-23.57375682875526,-46.57628442783772,Budget-Regular,sao paulo
-12.261473580904834,-38.94004225320551,Budget-Regular,feira de santana
-21.378586633265375,-42.69201149048949,Budget-Regular,cataguases
-22.903440789341573,-43.255880475445714,Budget-Regular,rio de janeiro
-23.502729436580296,-46.42199569191893,Budget-Regular,sao paulo
-23.536150072976397,-46.80305752816096,Budget-Regular,osasco
-21.78573329336661,-43.36316606279932,Budget-Regular,juiz de fora
-12.94459586795842,-38.45727952527265,Budget-Regular,salvador
-23.0037245229142,-44.31189399318363,Budget-Regular,angra dos reis
-23.30395324646543,-45.96258897068984,Budget-Regular,jacarei
-23.30395324646543,-45.96258897068984,Budget-Regular,jacarei
-23.398125134471115,-46.437990399042064,Budget-Regular,guarulhos
-20.218968000000004,-40.24239050115117,Budget-Regular,serra
-23.600929683045734,-46.67151905966879,Budget-Regular,sao paulo
-2.535273621324342,-44.165083840386245,Budget-Regular,paco do lumiar
-22.39543462993152,-41.79411967983021,Budget-Regular,macae
-29.89597695920133,-51.14571254440535,Budget-Regular,canoas
-18.914610478215685,-48.19068677031267,Budget-Regular,uberlandia
-22.80084095480904,-43.363601080354286,Budget-Regular,sao joao de meriti
-21.221826349154597,-47.76644916403092,Budget-Regular,ribeirao preto
-23.496697917017688,-46.72231478711988,Budget-Regular,sao paulo
-1.4381175072133559,-48.46256080593268,Budget-Regular,belem
-23.194530383237616,-46.896837001804485,Budget-Regular,jundiai
-23.494848302109176,-46.597334103193404,Budget-Regular,sao paulo
-27.635960058702167,-52.27291009294059,Budget-Regular,erechim
-23.56029521787179,-46.40419355300369,Budget-Regular,sao paulo
-19.003962708996657,-50.55501793137007,Budget-Regular,itaguacu
-25.50225354445171,-49.29038727047145,Budget-Regular,curitiba
-25.41462401255264,-49.17901428726409,Budget-Regular,pinhais
-22.475834578756455,-46.62192703999664,Budget-Regular,aguas de lindoia
-22.19556970552753,-49.95232389647413,Budget-Regular,marilia
-22.841859215938552,-43.26485004378114,Budget-Regular,rio de janeiro
-23.621035924231045,-46.78475176824975,Budget-Regular,taboao da serra
-7.949348978660713,-35.384399423856394,Budget-Regular,feira nova
-25.32780120056642,-49.148116776725246,Budget-Regular,colombo
-29.89894481127012,-51.16366879649095,Budget-Regular,canoas
-20.102547557468114,-50.589259866783756,Budget-Regular,paranapua
-3.762079627531884,-38.53921225478964,Budget-Regular,fortaleza
-24.036557731057755,-46.50460594678711,Budget-Regular,praia grande
-22.49690699712428,-43.20042075466062,Budget-Regular,petropolis
-28.75351350794273,-52.01493204353244,Budget-Regular,uniao da serra
-12.935879296109205,-38.4265224753899,Budget-Regular,salvador
-14.88003379383598,-40.83200304870452,Budget-Regular,vitoria da conquista
-20.04172328143195,-47.74970675953888,Budget-Regular,igarapava
-19.222388389428883,-42.48805171449395,Budget-Regular,belo oriente
-1.4371287096488243,-48.48804837806534,Budget-Regular,belem
-20.373626262192097,-43.41744554260202,Budget-Regular,mariana
-22.355312427145236,-47.38524196280801,Budget-Regular,araras
-22.898271740492824,-47.05171476887012,Budget-Regular,campinas
-30.018599512767608,-51.189272778160955,Budget-Regular,porto alegre
-23.015680812161104,-45.55837595218639,Budget-Regular,taubate
-26.33328394463038,-48.83688786303305,Budget-Regular,joinville
-22.779537501113545,-43.37077103583885,Budget-Regular,sao joao de meriti
-20.515217293883424,-54.61104649805242,Budget-Regular,campo grande
-2.499473226500051,-44.29157450865727,Budget-Regular,sao luis
-23.54785986816893,-46.658684483755614,Budget-Regular,sao paulo
-3.0082656873428486,-47.358069662605,Budget-Regular,paragominas
-3.0738235127676092,-60.00239053867972,Budget-Regular,manaus
-19.8595462052484,-43.95570128711987,Budget-Regular,belo horizonte
-23.012736136434278,-44.53829905535048,Budget-Regular,angra dos reis
-17.03324575071435,-48.30074370727952,Budget-Regular,orizona
-20.16278946237062,-43.94740304840458,Budget-Regular,nova lima
-23.607693000000005,-46.75265774999998,Budget-Regular,taboao da serra
-23.605746710384295,-46.65895225200536,Budget-Regular,sao paulo
-25.34647503115502,-54.24097236064912,Budget-Regular,sao miguel do iguacu
-22.791087604605643,-43.322425074479575,Budget-Regular,duque de caxias
-22.87828305706154,-43.533487025514376,Budget-Regular,rio de janeiro
-21.85773487539476,-47.479547009279315,Budget-Regular,porto ferreira
-21.933861227198577,-42.60785674804232,Budget-Regular,carmo
-29.668675948136723,-52.78901462112515,Budget-Regular,candelaria
-23.26990961518672,-46.7446308059152,Budget-Regular,francisco morato
-25.4865011118097,-54.51754501021532,Budget-Regular,foz do iguacu
-10.69244349488568,-39.85197394243108,Budget-Regular,itiuba
-10.17419584360433,-48.88827885869645,Budget-Regular,paraiso do tocantins
-18.660780290508228,-48.18139410109478,Budget-Regular,araguari
-15.83224802491746,-48.01033388194513,Budget-Regular,brasilia
-23.61393187580963,-46.4649462867267,Budget-Regular,sao paulo
-25.53349165751052,-49.09014238911653,Budget-Regular,sao jose dos pinhais
-9.657605490640876,-35.70414440178576,Budget-Regular,maceio
-4.448494309243434,-49.11483200098034,Budget-Regular,jacunda
-22.82827005636834,-43.01210347482567,Budget-Regular,sao goncalo
-23.44686467583237,-46.61444099125743,Budget-Regular,sao paulo
-28.263962774280397,-52.3933203143564,Budget-Regular,passo fundo
-23.636151534826052,-46.59924965557727,Budget-Regular,sao paulo
-25.42929222045821,-49.29950980821168,Budget-Regular,curitiba
-23.417537500692493,-46.46288636642389,Budget-Regular,guarulhos
-23.471674616711844,-46.687793254371286,Budget-Regular,sao paulo
-27.486369471002327,-48.41567549999998,Budget-Regular,florianopolis
-22.86326188164977,-43.09293382748586,Budget-Regular,niteroi
-15.240008088065432,-58.11426815199801,Budget-Regular,rio branco
-23.68437130589703,-46.58546273036526,Budget-Regular,diadema
-23.56373026311385,-46.64228881932018,Budget-Regular,sao paulo
-28.263962774280397,-52.3933203143564,Budget-Regular,passo fundo
-19.87079902914191,-43.911305877113534,Budget-Regular,belo horizonte
-15.805575522996644,-48.14357726026978,Budget-Regular,ceilandia
-21.22534076272983,-43.78829897971849,Budget-Regular,barbacena
-26.91699139716661,-49.09444707591319,Budget-Regular,blumenau
-25.39393168621084,-49.34352887039064,Budget-Regular,curitiba
-3.0877671471577344,-60.038967376695155,Budget-Regular,manaus
-22.82574015944375,-43.29040611217601,Budget-Regular,rio de janeiro
-26.48103847686062,-49.06149790469829,Budget-Regular,jaragua do sul
-21.76772576716658,-41.3058716113118,Budget-Regular,campos dos goytacazes
-25.473874974500117,-49.20246187079467,Budget-Regular,curitiba
-15.814855357177535,-48.06753697207447,Budget-Regular,brasilia
-18.577870491711234,-46.52349269915605,Budget-Regular,patos de minas
-23.10770604955163,-47.21566014687805,Budget-Regular,indaiatuba
-23.51348634387446,-46.74390115652956,Budget-Regular,sao paulo
-23.676235202419136,-46.642062855891595,Budget-Regular,sao paulo
-14.88003379383598,-40.83200304870452,Budget-Regular,vitoria da conquista
-8.096424034970285,-34.940029002221706,Budget-Regular,recife
-21.53139691635985,-42.64068767726689,Budget-Regular,leopoldina
-23.5606005,-46.75106786441802,Budget-Regular,sao paulo
-15.556810920088854,-54.299142005735106,Budget-Regular,primavera do leste
-29.99864680777968,-50.147826985388306,Budget-Regular,tramandai
-22.420747654944872,-46.82156945654431,Budget-Regular,itapira
-12.690457654714306,-38.33211607483585,Budget-Regular,camacari
-15.739821260806078,-47.89687287310593,Budget-Regular,brasilia
-22.605298322148823,-46.91887161356906,Budget-Regular,santo antonio de posse
-21.625096478502417,-48.3494965705225,Budget-Regular,matao
-23.53841788343238,-46.512362988963616,Budget-Regular,sao paulo
-22.904062574528197,-43.30650972967279,Budget-Regular,rio de janeiro
-16.36196685190559,-46.898106210100984,Budget-Regular,unai
-22.85937941003356,-47.03799906805251,Budget-Regular,campinas
-22.9051345444933,-47.09697306272721,Budget-Regular,campinas
-8.756458065449426,-63.87552318025777,Budget-Regular,porto velho
-16.66342237314388,-49.31177916868919,Budget-Regular,goiania
-19.989230867332225,-44.02769807008479,Budget-Regular,belo horizonte
-3.1290281963597573,-58.15597737093593,Budget-Regular,urucurituba
-23.70662219797225,-46.500337390127335,Budget-Regular,santo andre
-23.48085590563506,-46.71032357035894,Budget-Regular,sao paulo
-19.776488332529308,-43.87291104711883,Budget-Regular,santa luzia
-23.11228067902298,-46.527719237587206,Budget-Regular,atibaia
-23.57551453259957,-46.56613999999996,Budget-Regular,sao paulo
-26.777417471711722,-51.011723733991346,Budget-Regular,cacador
-22.997187,-47.5061538506838,Budget-Regular,capivari
-22.466181774996222,-42.65473933987149,Budget-Regular,cachoeiras de macacu
-20.00245249056494,-44.01055685303541,Budget-Regular,belo horizonte
-19.833864999999943,-44.02564836999994,Budget-Regular,contagem
-26.89246541714582,-49.24766995646648,Budget-Regular,indaial
-15.799814381522625,-47.93030100000001,Budget-Regular,brasilia
-22.791087604605643,-43.322425074479575,Budget-Regular,duque de caxias
-8.159325169214048,-34.933621499999994,Budget-Regular,jaboatao dos guararapes
-28.23876137953961,-48.672978306947584,Budget-Regular,imbituba
-23.53455394976627,-46.68213637745976,Budget-Regular,sao paulo
-15.851129092495547,-47.951489385097474,Budget-Regular,brasilia
-30.54381090294584,-52.52287980120154,Budget-Regular,encruzilhada do sul
-23.626458,-46.463922,Budget-Regular,sao paulo
-29.852737768671037,-51.170107496320945,Budget-Regular,esteio
-24.179855538627187,-46.79049637055164,Budget-Regular,itanhaem
-15.8942828118756,-48.106504744462896,Budget-Regular,brasilia
-23.510427444341925,-46.60117949988444,Budget-Regular,sao paulo
-19.85981396863639,-43.94087908771503,Budget-Regular,belo horizonte
-22.725692055254047,-47.65090621510182,Budget-Regular,piracicaba
-22.97891413015762,-43.19380009478331,Budget-Regular,rio de janeiro
-23.04260417553177,-47.37178514210533,Budget-Regular,elias fausto
-8.123493639549167,-34.9366890479471,Budget-Regular,recife
-23.099574939494488,-48.93394841548849,Budget-Regular,avare
-22.8796102749367,-43.091603704065434,Budget-Regular,niteroi
-30.156396994952924,-51.1701265298801,Budget-Regular,porto alegre
-1.4042792828206936,-48.45004791348576,Budget-Regular,belem
-23.26114266180968,-47.3153199420975,Budget-Regular,itu
-26.28714472217096,-48.90598063780367,Budget-Regular,joinville
-23.501868443003467,-46.38417966902305,Budget-Regular,sao paulo
-10.93475889537761,-37.07269360851752,Budget-Regular,aracaju
-23.121934192480794,-46.56036576688009,Budget-Regular,atibaia
-23.086496272847818,-47.216807769634734,Budget-Regular,indaiatuba
-28.126154219979085,-52.297607380223035,Budget-Regular,coxilha
-23.53282919925744,-46.843558724817726,Budget-Regular,carapicuiba
-15.834029628169244,-47.98286694352821,Budget-Regular,brasilia
-27.143863729700307,-48.95995049999999,Budget-Regular,brusque
-26.85224847973098,-52.26177443393789,Budget-Regular,faxinal dos guedes
-22.922355824860112,-43.24398668180498,Budget-Regular,rio de janeiro
-7.95714948959778,-34.87548742733058,Budget-Regular,paulista
-27.57873107354152,-48.607637973718745,Budget-Regular,sao jose
-21.921298982885077,-50.73202996925728,Budget-Regular,bastos
-22.706933961032234,-43.52827339788494,Budget-Regular,nova iguacu
-22.962608088810693,-43.17066214169881,Budget-Regular,rio de janeiro
-21.5879241268394,-48.37536730143102,Budget-Regular,matao
-22.2835805047368,-42.53537225497943,Budget-Regular,nova friburgo
-23.58838403941368,-46.68118004657522,Budget-Regular,sao paulo
-14.923926125911253,-42.81367737336781,Budget-Regular,espinosa
-22.842981712187644,-43.282379304749234,Budget-Regular,rio de janeiro
-22.916833051618703,-43.21798092630852,Budget-Regular,rio de janeiro
-22.936668716858797,-45.473704584815565,Budget-Regular,pindamonhangaba
-26.735210530892083,-49.17179755276431,Budget-Regular,pomerode
-21.226885637803672,-50.45620367485143,Budget-Regular,aracatuba
-23.57224645520286,-46.65187074424375,Budget-Regular,sao paulo
-23.514079363378823,-46.76915582194592,Budget-Regular,osasco
-22.897542889850193,-49.62588476420329,Budget-Regular,santa cruz do rio pardo
-22.13506586164283,-51.39233422403981,Budget-Regular,presidente prudente
-23.468348766028043,-46.535316649944185,Budget-Regular,guarulhos
-20.577771445322874,-48.55691667231683,Budget-Regular,barretos
-22.725692055254047,-47.65090621510182,Budget-Regular,piracicaba
-10.718925363098435,-44.03490962562292,Budget-Regular,mansidao
-22.933631577298154,-43.37647022788376,Budget-Regular,rio de janeiro
-19.46970149792253,-42.562507159587966,Budget-Regular,ipatinga
-22.331083745772943,-49.100564840123546,Budget-Regular,bauru
-2.4321998178687783,-54.7057758458764,Budget-Regular,santarem
-13.865557524770821,-40.067200611879656,Budget-Regular,jequie
-21.226639207386786,-43.772983728846114,Budget-Regular,barbacena
-23.994072103154373,-46.286317894725826,Budget-Regular,guaruja
-24.49815873105776,-47.844494347330354,Budget-Regular,registro
-19.412168952136533,-40.5436216264985,Budget-Regular,marilandia
-23.73620509661567,-46.68718903926945,Budget-Regular,sao paulo
-30.007449113979863,-51.0803074228547,Budget-Regular,alvorada
-18.914980232586977,-48.27813616348312,Budget-Regular,uberlandia
-20.611956803797707,-42.145070234264026,Budget-Regular,divino
-23.70785448456366,-46.556180165898496,Budget-Regular,sao bernardo do campo
-22.901397089844394,-43.06597057698124,Budget-Regular,niteroi
-23.637621216486806,-46.73668171051419,Budget-Regular,sao paulo
-19.93015620368739,-44.12228703683506,Budget-Regular,contagem
-23.52654805689883,-46.47025056119799,Budget-Regular,sao paulo
-28.23876137953961,-48.672978306947584,Budget-Regular,imbituba
-27.102098999999946,-48.62961349999995,Budget-Regular,itapema
-22.408910952761868,-43.66414917568397,Budget-Regular,vassouras
-25.5237798746177,-49.204994652343096,Budget-Regular,sao jose dos pinhais
-22.93540974271452,-46.54507155170937,Budget-Regular,braganca paulista
-23.588012608661764,-46.641916419787634,Budget-Regular,sao paulo
-23.61877003052688,-46.77291653788447,Budget-Regular,taboao da serra
-23.45368695730606,-46.8821892773317,Budget-Regular,santana de parnaiba
-16.732413166933938,-49.31774138711293,Budget-Regular,goiania
-23.285339138631286,-47.67122744308,Budget-Regular,boituva
-23.562552949766264,-46.68414473910783,Budget-Regular,sao paulo
-23.536014182613048,-46.66888585042401,Budget-Regular,sao paulo
-19.854764889953252,-43.91624205254886,Budget-Regular,belo horizonte
-23.31394328864908,-45.9748056895666,Budget-Regular,jacarei
-21.54077680916818,-49.85700359665669,Budget-Regular,promissao
-23.53738472745108,-46.57701985457893,Budget-Regular,sao paulo
-25.424423867053655,-49.32525121149514,Budget-Regular,curitiba
-19.94007348777572,-44.05252456747879,Budget-Regular,contagem
-8.753266768130358,-63.90610729536063,Budget-Regular,porto velho
-16.008511777961637,-48.05001692124417,Budget-Regular,brasilia
-22.89872541798431,-43.56515841694558,Budget-Regular,rio de janeiro
-25.075303396865905,-50.16000603191186,Budget-Regular,ponta grossa
-7.200925260955546,-48.21755982828797,Budget-Regular,araguaina
-19.918762348873685,-43.88261396689083,Budget-Regular,belo horizonte
-23.491140296699168,-46.63725496061621,Budget-Regular,sao paulo
-23.61088063474525,-46.68308474049283,Budget-Regular,sao paulo
-20.943489874711272,-48.482148245555294,Budget-Regular,bebedouro
-3.7658664464573697,-38.54755265667379,Budget-Regular,fortaleza
-24.010703002741373,-46.4061962395147,Budget-Regular,praia grande
-22.77473743841172,-43.3838521354828,Budget-Regular,sao joao de meriti
-3.856569999999977,-38.48007319699997,Budget-Regular,fortaleza
-29.725080169260384,-52.443216069139794,Budget-Regular,santa cruz do sul
-29.090152565293735,-53.21443308228514,Budget-Regular,salto do jacui
-22.21515657504101,-54.78507240988292,Budget-Regular,dourados
-22.954521478763947,-43.185702100207656,Budget-Regular,rio de janeiro
-16.727884499075156,-49.340309093909326,Budget-Regular,goiania
-3.805733622072767,-38.4329588878478,Budget-Regular,fortaleza
-24.937082498730582,-53.45114715156655,Budget-Regular,cascavel
-25.45864601817763,-49.286236905292554,Budget-Regular,curitiba
-22.758982616944046,-43.48259003081488,Budget-Regular,nova iguacu
-23.434790639031952,-46.571647500000005,Budget-Regular,sao paulo
-23.086036875382305,-46.954171930582575,Budget-Regular,louveira
-17.87093540770228,-41.5014767133161,Budget-Regular,teofilo otoni
-22.90680859062836,-43.28821205966879,Budget-Regular,rio de janeiro
-30.111994456561273,-51.246301850409665,Budget-Regular,porto alegre
-22.717948380559427,-47.35152474418878,Budget-Regular,americana
-23.45656494754457,-46.70076466916728,Budget-Regular,sao paulo
-6.0391462768728,-37.022377113697324,Budget-Regular,jucurutu
-23.6301135246985,-46.69487651637428,Budget-Regular,sao paulo
-23.189527263550712,-46.91727596301613,Budget-Regular,jundiai
-32.04026630648149,-52.1155097159392,Budget-Regular,rio grande
-23.44083092561603,-46.72777564946042,Budget-Regular,sao paulo
-22.599104624433256,-48.787046017858174,Budget-Regular,lencois paulista
-23.60123933971952,-46.6677903255526,Budget-Regular,sao paulo
-22.88149383319865,-47.126665702060095,Budget-Regular,campinas
-23.55643047625651,-46.56853012614689,Budget-Regular,sao paulo
-23.58750487878853,-46.825889845886735,Budget-Regular,cotia
-17.55693279765454,-52.548089312017424,Budget-Regular,mineiros
-22.104972987025352,-50.178282023539516,Budget-Regular,pompeia
-19.91886726504709,-43.94073422551395,Budget-Regular,belo horizonte
-22.370807004960234,-43.12490544413497,Budget-Regular,petropolis
-23.01048058728148,-43.334463714813374,Budget-Regular,rio de janeiro
-23.563886468780627,-46.66113179724742,Budget-Regular,sao paulo
-22.89890265243414,-47.23665916349968,Budget-Regular,hortolandia
-22.895307936266747,-47.038617014677364,Budget-Regular,campinas
-22.518528946707853,-44.1043008475131,Budget-Regular,volta redonda
-12.942435767608986,-38.44656949792932,Budget-Regular,salvador
-23.509848068295792,-46.66543259296563,Budget-Regular,sao paulo
-23.542374064325795,-46.38543786947556,Budget-Regular,ferraz de vasconcelos
-23.566833524006014,-46.74808923105775,Budget-Regular,sao paulo
-23.348123916180967,-51.14831150096817,Budget-Regular,londrina
-12.989080027800075,-38.48769070705173,Budget-Regular,salvador
-23.156299066198635,-47.04923371339494,Budget-Regular,itupeva
-9.290888362386307,-44.95442285575326,Budget-Regular,ponto do marambaia
-23.60368097002138,-46.666812006665104,Budget-Regular,sao paulo
-19.894223410208355,-43.930916412170255,Budget-Regular,belo horizonte
-23.000643279177964,-43.55315755479796,Budget-Regular,rio de janeiro
-23.811270516792643,-46.7375025756247,Budget-Regular,sao paulo
-31.333106349937022,-54.08931492238784,Budget-Regular,bage
-23.544371310789767,-46.88894353674269,Budget-Regular,barueri
-8.089375469589383,-34.92578105398464,Budget-Regular,recife
-25.12788338718329,-50.1570387238444,Budget-Regular,ponta grossa
-21.263914108288613,-48.495645,Budget-Regular,monte alto
-22.748253358878102,-47.65864971386108,Budget-Regular,piracicaba
-23.626092843590477,-46.7441113627446,Budget-Regular,sao paulo
-23.18300381820934,-46.96922804883066,Budget-Regular,jundiai
-23.50095891733691,-47.462172582636065,Budget-Regular,sorocaba
-15.7512426740637,-47.88974491636785,Budget-Regular,brasilia
-22.706970558711525,-47.59475322169452,Budget-Regular,piracicaba
-22.33095011881535,-49.05300270519702,Budget-Regular,bauru
-30.048961945871135,-51.18911279156328,Budget-Regular,porto alegre
-23.594486576785865,-46.63657403996196,Budget-Regular,sao paulo
-19.813069492842576,-43.1739175118738,Budget-Regular,joao monlevade
-22.854723183291437,-47.21420001345367,Budget-Regular,hortolandia
-23.521211518177623,-46.54977122277547,Budget-Regular,sao paulo
-2.5469215762372475,-44.21228210095792,Budget-Regular,sao luis
-15.675597140895494,-58.089298941659536,Budget-Regular,mirassol d'oeste
-28.147091832726492,-54.73789745835276,Budget-Regular,cerro largo
-22.9411124891896,-47.04316126672053,Budget-Regular,campinas
-22.69515790939998,-46.987014376493164,Budget-Regular,jaguariuna
-23.61084776686477,-46.659910117952606,Budget-Regular,sao paulo
-23.53178278562272,-46.33532689737445,Budget-Regular,poa
-12.25208648126495,-38.96661848834325,Budget-Regular,feira de santana
-22.975773003606676,-43.1928480776444,Budget-Regular,rio de janeiro
-23.49014222952855,-46.75838178420569,Budget-Regular,sao paulo
-22.420436051270105,-45.4536585590926,Budget-Regular,itajuba
-17.223373086135236,-46.87518788782276,Budget-Regular,paracatu
-22.964032519562604,-43.17619751998097,Budget-Regular,rio de janeiro
-2.5532633808629557,-44.16749072382656,Budget-Regular,sao jose de ribamar
-22.23227830780992,-45.93435440552749,Budget-Regular,pouso alegre
-23.565252583126533,-46.63938215175425,Budget-Regular,sao paulo
-25.479031033585308,-49.28052895420966,Budget-Regular,curitiba
-7.147513136046957,-34.83958486372555,Budget-Regular,joao pessoa
-11.660619022560503,-39.00630511419938,Budget-Regular,serrinha
-27.290209139974166,-50.57755286955393,Budget-Regular,curitibanos
-16.949996697135337,-42.46407836023289,Budget-Regular,berilo
-23.676101161809683,-46.56173349708581,Budget-Regular,sao bernardo do campo
-22.923126168734587,-43.26334318887413,Budget-Regular,rio de janeiro
-23.6010664210396,-51.64320082937779,Budget-Regular,jandaia do sul
-23.448172463329573,-47.45054575117925,Budget-Regular,sorocaba
-28.67706971710671,-49.369573538255956,Budget-Regular,criciuma
-21.33894323256244,-47.7343164273681,Budget-Regular,cravinhos
-20.4100278727316,-42.89642624318659,Budget-Regular,ponte nova
-22.75406774715792,-47.32651039448858,Budget-Regular,americana
-26.093895424014725,-49.79183179515071,Budget-Regular,rio negro
-23.525928445809036,-46.42331801276761,Budget-Regular,sao paulo
-22.0147031649378,-47.42396795922421,Budget-Regular,pirassununga
-24.55728630994457,-54.05625021025181,Budget-Regular,marechal candido rondon
-7.22464837945308,-39.30111564275518,Budget-Regular,juazeiro do norte
-23.654055903741376,-46.592718659116976,Budget-Regular,sao bernardo do campo
-11.304735278402209,-41.854195577796325,Budget-Regular,irece
-20.133631952864427,-44.90227328320033,Budget-Regular,divinopolis
-19.925930595654158,-43.92704679072655,Budget-Regular,belo horizonte
-3.813887999999945,-38.59089025425708,Budget-Regular,fortaleza
-8.033562619976404,-34.93423982063307,Budget-Regular,recife
-27.590758648349578,-48.508473148349566,Budget-Regular,florianopolis
-23.457830647238737,-46.628224381210686,Budget-Regular,sao paulo
-26.230494084364377,-49.34815856410104,Budget-Regular,sao bento do sul
-27.54240866084872,-48.49699966851308,Budget-Regular,florianopolis
-25.440104033389556,-49.35158480404242,Budget-Regular,curitiba
-22.879118416924303,-43.57625920989382,Budget-Regular,rio de janeiro
-24.067457035807003,-46.568806921172616,Budget-Regular,praia grande
-30.04915427754058,-51.20163464829179,Budget-Regular,porto alegre
-20.458367340267788,-54.597323291299546,Budget-Regular,campo grande
-20.29948099526813,-40.295279312809534,Budget-Regular,vitoria
-22.92545062254801,-43.56269578339897,Budget-Regular,rio de janeiro
-22.869815753171125,-42.329823876168525,Budget-Regular,araruama
-22.39021116847478,-47.54999151399537,Budget-Regular,rio claro
-3.7808508928674405,-38.486546782668,Budget-Regular,fortaleza
-23.444906448237063,-46.749702004934726,Budget-Regular,sao paulo
-23.500984159587976,-46.66086110505508,Budget-Regular,sao paulo
-23.98451511073924,-46.24179851582582,Budget-Regular,guaruja
-20.79438011346313,-49.36501871866814,Budget-Regular,sao jose do rio preto
-19.740323933666104,-47.92535308236194,Budget-Regular,uberaba
-29.94696163204098,-51.08001838842175,Budget-Regular,cachoeirinha
-22.97264893936459,-43.18744696892487,Budget-Regular,rio de janeiro
-2.5146302133727936,-44.22290464354195,Budget-Regular,sao luis
-22.739120738271115,-47.63636231303046,Budget-Regular,piracicaba
-25.499316735631062,-49.1768075263366,Budget-Regular,sao jose dos pinhais
-23.207635712396495,-46.78639426502038,Budget-Regular,campo limpo paulista
-23.485233363033053,-46.75574245671983,Budget-Regular,sao paulo
-23.967893909958995,-46.38596286668334,Budget-Regular,sao vicente
-21.472729599504422,-46.74920713314103,Budget-Regular,tapiratiba
-22.90600354640406,-43.10546782889948,Budget-Regular,niteroi
-22.72355577872001,-43.510612356690814,Budget-Regular,nova iguacu
-10.658443860791625,-37.30693344358917,Budget-Regular,malhador
-12.841820999999996,-38.47036689513174,Budget-Regular,salvador
-20.03560403606659,-44.140318215754,Budget-Regular,sarzedo
-23.43873873984219,-46.413766359354256,Budget-Regular,guarulhos
-19.862449811650823,-44.024649673070016,Budget-Regular,contagem
-29.03074383196863,-51.18237103755592,Budget-Regular,flores da cunha
-23.596766904779074,-46.67089998723239,Budget-Regular,sao paulo
-23.004214031623405,-43.335593643632045,Budget-Regular,rio de janeiro
-23.621035924231045,-46.78475176824975,Budget-Regular,taboao da serra
-21.55587254471016,-45.43768015981176,Budget-Regular,varginha
-20.342467507877814,-40.28566821952616,Budget-Regular,vila velha
-7.076763985255019,-41.47259420211545,Budget-Regular,picos
-25.50935789064575,-49.16353387440136,Budget-Regular,sao jose dos pinhais
-23.951545509175908,-46.40624946611476,Budget-Regular,sao vicente
-23.004214031623405,-43.335593643632045,Budget-Regular,rio de janeiro
-15.88656862472217,-52.266156588214294,Budget-Regular,barra do garcas
-23.6598992288005,-46.44217136817417,Budget-Regular,maua
-3.794837698088561,-38.47250449624909,Budget-Regular,fortaleza
-21.788259192047157,-46.565584849600626,Budget-Regular,pocos de caldas
-22.895560827137405,-47.21564886241488,Budget-Regular,hortolandia
-22.94059037430897,-43.04215998964872,Budget-Regular,niteroi
-22.936854813491813,-43.35996102505908,Budget-Regular,rio de janeiro
-26.98619103733946,-49.724061088850576,Budget-Regular,dona emma
-21.24481728187358,-44.99836509644241,Budget-Regular,lavras
-17.342303063567126,-44.93370877307213,Budget-Regular,pirapora
-20.83562615524038,-49.39459995997183,Budget-Regular,sao jose do rio preto
-23.645757468218036,-46.668670443389644,Budget-Regular,sao paulo
-16.68063891264967,-49.2566844522662,Budget-Regular,goiania
-2.545187720511845,-44.248319994864104,Budget-Regular,sao luis
-19.88665694532287,-43.92389634081604,Budget-Regular,belo horizonte
-16.784777629811742,-49.29158258771986,Budget-Regular,aparecida de goiania
-8.090900717179297,-34.942055317098486,Budget-Regular,recife
-23.54228779933922,-46.6205493306885,Budget-Regular,sao paulo
-22.964032519562604,-43.17619751998097,Budget-Regular,rio de janeiro
-23.46053810713255,-46.51553610303015,Budget-Regular,guarulhos
-25.501815370167613,-54.55681699632655,Budget-Regular,foz do iguacu
-23.54677167554392,-46.65749567638062,Budget-Regular,sao paulo
-22.970894018595992,-43.38784233625709,Budget-Regular,rio de janeiro
-22.760356946431425,-47.26803342918343,Budget-Regular,americana
-19.989933935887812,-44.05250196150949,Budget-Regular,belo horizonte
-23.618947479751093,-46.641195026227706,Budget-Regular,sao paulo
-23.102692441497272,-55.22897393873526,Budget-Regular,amambai
-22.916833051618703,-43.21798092630852,Budget-Regular,rio de janeiro
-23.15362829167884,-47.00486613672867,Budget-Regular,jundiai
-22.691689842489488,-47.636530030526885,Budget-Regular,piracicaba
-29.91899618372389,-51.1721259461596,Budget-Regular,canoas
-22.86657990047305,-43.09822064501702,Budget-Regular,niteroi
-10.155794459924604,-67.7344385851842,Budget-Regular,senador guiomard
-23.48018497085809,-46.64212652622771,Budget-Regular,sao paulo
-23.597675675543908,-46.49075627032722,Budget-Regular,sao paulo
-23.014294742166268,-43.46413167283893,Budget-Regular,rio de janeiro
-23.57029211157596,-46.72837217485142,Budget-Regular,sao paulo
-23.69740389953255,-46.619808097149225,Budget-Regular,diadema
-12.74661339627486,-60.12700514480176,Budget-Regular,vilhena
-30.15916061055097,-51.197648417421725,Budget-Regular,porto alegre
-23.542756575076453,-46.778011050522174,Budget-Regular,osasco
-23.44238589286745,-46.52134273841536,Budget-Regular,guarulhos
-26.902710347072976,-48.67873509497431,Budget-Regular,itajai
-22.982145063413963,-47.10193953710478,Budget-Regular,campinas
-16.607770738484998,-49.25051814257287,Budget-Regular,goiania
-22.84035585906651,-43.07534648430111,Budget-Regular,sao goncalo
-16.698923923627095,-49.27468664557785,Budget-Regular,goiania
-22.97979454731953,-49.860314911045066,Budget-Regular,ourinhos
-23.609703174851425,-46.66192238204739,Budget-Regular,sao paulo
-23.527214475445724,-46.7315398082117,Budget-Regular,sao paulo
-22.435067799468968,-45.45549066188823,Budget-Regular,itajuba
-24.180034716552814,-51.69281814932676,Budget-Regular,jardim alegre
-17.741854541742683,-46.17642834624476,Budget-Regular,joao pinheiro
-23.4543169067459,-46.550612946779964,Budget-Regular,guarulhos
-23.61338164854051,-46.59834962476192,Budget-Regular,sao paulo
-22.815551954483798,-47.28532799033803,Budget-Regular,sumare
-22.23227830780992,-45.93435440552749,Budget-Regular,pouso alegre
-17.342303063567126,-44.93370877307213,Budget-Regular,pirapora
-20.258354643791325,-41.87710453336336,Budget-Regular,martins soares
-6.617943590143187,-38.0966798603428,Budget-Regular,sao francisco
-19.776488332529308,-43.87291104711883,Budget-Regular,santa luzia
-23.55844997607096,-47.45236003762467,Budget-Regular,votorantim
-23.615084598389984,-46.766986071614,Budget-Regular,taboao da serra
-23.317709589364075,-46.227061818199104,Budget-Regular,santa isabel
-23.441645336112845,-45.077753319947206,Budget-Regular,ubatuba
-8.02566822270322,-34.981258583439676,Budget-Regular,camaragibe
-12.787896505110531,-38.393952535802995,Budget-Regular,simoes filho
-9.387629489979078,-40.46433878207012,Budget-Regular,petrolina
-23.55455495697963,-46.54379610990252,Budget-Regular,sao paulo
-23.001664514859417,-43.40383953802869,Budget-Regular,rio de janeiro
-22.90462513266777,-47.05736599733853,Budget-Regular,campinas
-23.194530383237616,-46.896837001804485,Budget-Regular,jundiai
-22.887529039110216,-43.2593690226858,Budget-Regular,rio de janeiro
-22.688145304341642,-45.73272511251681,Budget-Regular,sao bento do sapucai
-22.91769260113128,-43.38826034580772,Budget-Regular,rio de janeiro
-1.4350490220441132,-48.4687608538578,Budget-Regular,belem
-23.72570298333248,-46.52677486963253,Budget-Regular,sao bernardo do campo
-22.881152314602136,-47.05060719525074,Budget-Regular,campinas
-22.2492531099986,-45.70557966603161,Budget-Regular,santa rita do sapucai
-23.265430994171624,-45.88469283612771,Budget-Regular,sao jose dos campos
-20.85823763500022,-41.11721958588304,Budget-Regular,cachoeiro de itapemirim
-23.60368097002138,-46.666812006665104,Budget-Regular,sao paulo
-8.177666427599135,-34.9192563363703,Budget-Regular,jaboatao dos guararapes
-22.111171601771943,-48.31406113781246,Budget-Regular,dourado
-23.52821852883758,-46.17006825497569,Budget-Regular,mogi das cruzes
-30.103148639477105,-51.24252086392755,Budget-Regular,porto alegre
-14.54232154016025,-49.96847589553837,Budget-Regular,crixas
-22.435067799468968,-45.45549066188823,Budget-Regular,itajuba
-23.045277711760125,-45.56728822924508,Budget-Regular,taubate
-8.02806040161002,-34.91745726437687,Budget-Regular,recife
-22.952602403831715,-47.19017722146181,Budget-Regular,campinas
-15.597590464030304,-56.10649005108528,Budget-Regular,cuiaba
-10.57220433568677,-40.27598352910989,Budget-Regular,antonio goncalves
-18.979821439638712,-48.27088206917875,Budget-Regular,uberlandia
-15.613446166445817,-47.634797899818615,Budget-Regular,brasilia
-15.78410999999994,-47.91691999999995,Budget-Regular,brasilia
-20.850692214321114,-41.10727725000001,Budget-Regular,cachoeiro de itapemirim
-25.260406330556417,-53.57525385622262,Budget-Regular,lindoeste
-16.620811476996337,-54.47379441988548,Budget-Regular,pedra preta
-5.989065012224787,-36.41210259454984,Budget-Regular,bodo
-19.9350341559813,-44.199997465029725,Budget-Regular,betim
-19.91787999999997,-44.12519391626976,Budget-Regular,contagem
-30.08878932185342,-51.07070085838724,Budget-Regular,viamao
-22.410493489044505,-43.13378290928159,Budget-Regular,petropolis
-21.62013381396536,-49.07410373876908,Budget-Regular,borborema
-23.68317870979484,-46.53611412753189,Budget-Regular,santo andre
-27.36838514338261,-52.77325002891834,Budget-Regular,nonoai
-18.914610478215685,-48.19068677031267,Budget-Regular,uberlandia
-19.970463578264777,-44.171491245824086,Budget-Regular,betim
-20.342467507877814,-40.28566821952616,Budget-Regular,vila velha
-23.575126793366607,-46.51652120566676,Budget-Regular,sao paulo
-21.29407401379749,-50.34295220346251,Budget-Regular,birigui
-23.322352248071105,-46.58973137816835,Budget-Regular,mairipora
-3.108128684581665,-60.062148660280464,Budget-Regular,manaus
-18.85493044328778,-41.94674978137405,Budget-Regular,governador valadares
-23.086036875382305,-46.954171930582575,Budget-Regular,louveira
-23.538416940879465,-46.56931533166946,Budget-Regular,sao paulo
-29.18931886171497,-54.86751986111217,Budget-Regular,santiago
-23.551963325798734,-46.69829745974958,Budget-Regular,sao paulo
-23.568853347221356,-46.78225045146837,Budget-Regular,osasco
-27.1950764288156,-53.254448148744004,Budget-Regular,irai
-28.289927349145803,-54.26195206786057,Budget-Regular,santo angelo
-3.811564707744237,-38.52270274664731,Budget-Regular,fortaleza
-22.90600354640406,-43.10546782889948,Budget-Regular,niteroi
-22.918822238624934,-47.057363661877595,Budget-Regular,campinas
-23.61356240492823,-46.68412540423574,Budget-Regular,sao paulo
-23.485064826913263,-46.58262131639403,Budget-Regular,sao paulo
-15.811625071218092,-42.22800559569863,Budget-Regular,taiobeiras
-22.005434640025364,-47.915117995412366,Budget-Regular,sao carlos
-23.563814008050084,-46.43270917051042,Budget-Regular,sao paulo
-23.521753957390764,-46.57073324793829,Budget-Regular,sao paulo
-15.666497999999994,-47.82041549999998,Budget-Regular,brasilia
-23.562466386346568,-46.660461365110514,Budget-Regular,sao paulo
-23.6357493322177,-46.73784151540766,Budget-Regular,sao paulo
-23.52926147821568,-46.69401077699232,Budget-Regular,sao paulo
-23.000643279177964,-43.55315755479796,Budget-Regular,rio de janeiro
-23.70540496744501,-46.5699240313636,Budget-Regular,sao bernardo do campo
-15.790438613105168,-47.88065505785112,Budget-Regular,brasilia
-15.62718706037758,-56.108493,Budget-Regular,varzea grande
-19.035920789097077,-47.91868838442964,Budget-Regular,indianopolis
-27.898517519845587,-53.3110308143229,Budget-Regular,palmeira das missoes
-22.970894018595992,-43.38784233625709,Budget-Regular,rio de janeiro
-23.623520499999927,-46.55251599347911,Budget-Regular,sao caetano do sul
-23.575126793366607,-46.51652120566676,Budget-Regular,sao paulo
-22.930412639848665,-43.34703978193807,Budget-Regular,rio de janeiro
-23.551946399745763,-46.5959258641528,Budget-Regular,sao paulo
-23.96402867998731,-46.33334224132954,Budget-Regular,santos
-12.919365218650546,-38.40985060107681,Budget-Regular,salvador
-23.497779478215683,-46.704451866639744,Budget-Regular,sao paulo
-23.290054962808014,-51.2431825752207,Budget-Regular,cambe
-23.479652744936228,-46.574444157654746,Budget-Regular,sao paulo
-29.1728405981404,-51.17181597407803,Budget-Regular,caxias do sul
-18.83730838471889,-41.94885079387514,Budget-Regular,governador valadares
-7.188073756680156,-48.190703761955405,Budget-Regular,araguaina
-23.54524731298675,-46.57197165654389,Budget-Regular,sao paulo
-15.65820877970397,-47.857523178680964,Budget-Regular,brasilia
-22.288946116642418,-42.53129847072045,Budget-Regular,nova friburgo
-19.35089032531405,-47.29559663804816,Budget-Regular,perdizes
-7.879504362922869,-35.44741665339606,Budget-Regular,limoeiro
-23.682706732442742,-46.77977784400343,Budget-Regular,sao paulo
-23.51633441909516,-46.54744111705809,Budget-Regular,sao paulo
-22.90680859062836,-43.28821205966879,Budget-Regular,rio de janeiro
-19.9129652761556,-43.89515059008009,Budget-Regular,belo horizonte
-15.240008088065432,-58.11426815199801,Budget-Regular,rio branco
-5.176081137251394,-37.34662806899065,Budget-Regular,mossoro
-4.392026961078054,-41.59335864969289,Budget-Regular,lagoa de sao francisco
-22.38043343512605,-47.38021649999999,Budget-Regular,araras
-22.80572828112987,-43.42317527553308,Budget-Regular,nilopolis
-9.445161370945128,-40.49693413352349,Budget-Regular,juazeiro
-9.628213353727885,-35.74076119463038,Budget-Regular,maceio
-23.733157847037702,-46.84942638595672,Budget-Regular,itapecerica da serra
-23.456904580068123,-46.64976420483004,Budget-Regular,sao paulo
-25.49443659283573,-49.14179462951636,Budget-Regular,sao jose dos pinhais
-22.611795176881117,-46.05759647560996,Budget-Regular,cambui
-19.92772413405276,-43.94438902498696,Budget-Regular,belo horizonte
-23.505066031363608,-46.67707049278663,Budget-Regular,sao paulo
-16.53302090015017,-40.1761380121674,Budget-Regular,santo antonio do jacinto
-23.69029792389557,-46.6296561291374,Budget-Regular,diadema
-22.918876256472355,-43.527506301690806,Budget-Regular,rio de janeiro
-20.23408822005557,-40.280657438513536,Budget-Regular,serra
-8.134782793932896,-34.93613699999999,Budget-Regular,recife
-32.03442798620588,-52.09660672909994,Budget-Regular,rio grande
-22.90682845367693,-47.0122315834516,Budget-Regular,franco da rocha
-23.48261088368666,-46.54357200000001,Budget-Regular,guarulhos
-23.691027058051727,-46.504557561076766,Budget-Regular,santo andre
-23.657594422076475,-46.6989063034577,Budget-Regular,sao paulo
-22.80206824416564,-47.30344004975838,Budget-Regular,nova odessa
-17.733479770995473,-49.11180619402263,Budget-Regular,morrinhos
-22.936854813491813,-43.35996102505908,Budget-Regular,rio de janeiro
-25.54852244101986,-49.36008178502393,Budget-Regular,araucaria
-22.193397070933877,-47.377777125079916,Budget-Regular,leme
-23.64151681425172,-46.54210469718399,Budget-Regular,santo andre
-16.336378016617104,-39.57891315411395,Budget-Regular,eunapolis
-19.19059427389377,-40.09903171105708,Budget-Regular,sooretama
-22.875755285587942,-47.23330478790003,Budget-Regular,hortolandia
-19.54343074036304,-40.62818313710931,Budget-Regular,colatina
-15.17063023996429,-42.49963329392081,Budget-Regular,montezuma
-22.845145086588985,-43.309265391194,Budget-Regular,rio de janeiro
-22.750014142939563,-45.12177741257429,Budget-Regular,lorena
-20.518885069103852,-54.648864932006994,Budget-Regular,campo grande
-30.117180415488477,-51.1028311484986,Budget-Regular,porto alegre
-20.934902310601238,-54.963469737652545,Budget-Regular,sidrolandia
-22.93827739912851,-43.19678775327477,Budget-Regular,rio de janeiro
-21.31536280257076,-49.05537691243335,Budget-Regular,itajobi
-22.770399908130887,-47.15092318067981,Budget-Regular,paulinia
-23.27596976431452,-47.27592574591717,Budget-Regular,itu
-23.562466386346568,-46.660461365110514,Budget-Regular,sao paulo
-20.657329025169645,-43.77732713980212,Budget-Regular,conselheiro lafaiete
-23.676289828452155,-46.6699021447429,Budget-Regular,sao paulo
-23.319350497315668,-51.55429179558519,Budget-Regular,sabaudia
-8.74806526700877,-63.85918024193474,Budget-Regular,porto velho
-23.549487057158625,-47.46168978827011,Budget-Regular,votorantim
-19.95404092044362,-43.97768107409549,Budget-Regular,belo horizonte
-21.13583158992412,-42.39941124430466,Budget-Regular,muriae
-23.529621053658154,-46.69778090175423,Budget-Regular,sao paulo
-23.56367387491741,-48.04124522120196,Budget-Regular,itapetininga
-22.918822238624934,-47.057363661877595,Budget-Regular,campinas
-21.24481728187358,-44.99836509644241,Budget-Regular,lavras
-23.523834992626043,-47.13097349778183,Budget-Regular,sao roque
-23.67345845211787,-46.5607970828524,Budget-Regular,sao bernardo do campo
-3.42026003871809,-41.89405656910353,Budget-Regular,caxingo
-29.842602348098684,-51.13190083959744,Budget-Regular,sapucaia do sul
-23.65413473910784,-46.74871358125108,Budget-Regular,sao paulo
-22.935304308644387,-43.333493394632,Budget-Regular,rio de janeiro
-25.43691051067581,-49.333032,Budget-Regular,curitiba
-23.679693667441757,-46.4957975276127,Budget-Regular,santo andre
-23.620788701915853,-46.63059273313522,Budget-Regular,sao paulo
-23.39132752759831,-46.86396374567468,Budget-Regular,cajamar
-21.172213467107177,-47.82413717277396,Budget-Regular,ribeirao preto
-23.30431205893181,-46.73397610787065,Budget-Regular,franco da rocha
-22.977201808630056,-43.19026241854691,Budget-Regular,rio de janeiro
-29.793505549086312,-51.86255911841741,Budget-Regular,taquari
-17.695150769703254,-42.51738345410398,Budget-Regular,capelinha
-22.096927874290824,-51.41727820751052,Budget-Regular,presidente prudente
-22.817940349921532,-47.24004385158533,Budget-Regular,sumare
-14.4343067022118,-39.90376758885614,Budget-Regular,dario meira
-21.948997156046385,-44.18961511676595,Budget-Regular,bom jardim de minas
-3.743404753534559,-38.484067201709045,Budget-Regular,fortaleza
-19.94742047100232,-43.946622000000005,Budget-Regular,belo horizonte
-23.553426672969827,-46.84972934356494,Budget-Regular,carapicuiba
-23.234439580000338,-46.77116509693393,Budget-Regular,campo limpo paulista
-4.448494309243434,-49.11483200098034,Budget-Regular,jacunda
-23.48346182912487,-46.70527367485142,Budget-Regular,sao paulo
-23.241954897448203,-45.91352123353927,Budget-Regular,sao jose dos campos
-22.894767481912005,-42.46892625550882,Budget-Regular,saquarema
-23.51299004413122,-46.55062107126777,Budget-Regular,sao paulo
-22.869815753171125,-42.329823876168525,Budget-Regular,araruama
-23.65762710519932,-46.65542499230842,Budget-Regular,sao paulo
-22.48492526069301,-42.20044488978138,Budget-Regular,casimiro de abreu
-8.362763951168233,-35.76208710935178,Budget-Regular,camocim de sao felix
-11.723155356956768,-61.777863906442434,Budget-Regular,rolim de moura
-16.696607272577754,-49.26761452428947,Budget-Regular,goiania
-23.46349142297317,-46.47218458159733,Budget-Regular,guarulhos
-8.035127169578217,-34.976650992430336,Budget-Regular,recife
-12.9877759597496,-38.47266639078997,Budget-Regular,salvador
-25.85601873308239,-52.53039814911457,Budget-Regular,chopinzinho
-12.362648642184194,-38.38462730242748,Budget-Regular,catu
-19.854764889953252,-43.91624205254886,Budget-Regular,belo horizonte
-27.23883432684724,-48.63755565612226,Budget-Regular,tijucas
-22.93941799056493,-47.0590556692833,Budget-Regular,campinas
-22.502132813499088,-44.116472954757946,Budget-Regular,volta redonda
-23.98479796586644,-46.300849044480685,Budget-Regular,santos
-22.762019666102137,-43.44178633853679,Budget-Regular,nova iguacu
-23.688011001933244,-46.68861021758333,Budget-Regular,sao paulo
-22.94817660421836,-43.35384203941367,Budget-Regular,rio de janeiro
-18.818342707583245,-42.704529208670486,Budget-Regular,virginopolis
-23.626643993563423,-46.67344818151653,Budget-Regular,sao paulo
-8.023429653362872,-34.99470235784672,Budget-Regular,camaragibe
-22.149698145529893,-51.1718395743982,Budget-Regular,martinopolis
-8.107215376724612,-34.99785341144909,Budget-Regular,jaboatao dos guararapes
-15.772675499999998,-47.88600074999998,Budget-Regular,brasilia
-23.951545509175908,-46.40624946611476,Budget-Regular,sao vicente
-9.968815683567625,-67.81115952484274,Budget-Regular,rio branco
-28.28834453416741,-52.79139806482223,Budget-Regular,carazinho
-20.29092416917643,-40.31579118108383,Budget-Regular,vitoria
-26.273417993060768,-48.86004743370364,Budget-Regular,joinville
-20.005392719401,-44.02255619914588,Budget-Regular,belo horizonte
-18.419180064533588,-49.245982439487435,Budget-Regular,itumbiara
-24.179855538627187,-46.79049637055164,Budget-Regular,itanhaem
-22.33506570635925,-47.38206561948476,Budget-Regular,araras
-20.75533341719481,-42.88055185516512,Budget-Regular,vicosa
-23.5688472717122,-46.63517002345775,Budget-Regular,sao paulo
-23.539683583126543,-46.649154719401,Budget-Regular,sao paulo
-23.44238589286745,-46.52134273841536,Budget-Regular,guarulhos
-19.87079902914191,-43.911305877113534,Budget-Regular,belo horizonte
-15.560379795838529,-49.94857602107632,Budget-Regular,itapuranga
-23.310005343326207,-45.95803570912921,Budget-Regular,jacarei
-23.60603186594724,-46.617907861503824,Budget-Regular,sao paulo
-20.351501210199068,-40.36810938316989,Budget-Regular,cariacica
-17.814010842623144,-50.59779499885079,Budget-Regular,santa helena de goias
-23.27596976431452,-47.27592574591717,Budget-Regular,itu
-18.99019532914259,-49.45109378970595,Budget-Regular,ituiutaba
-12.935879296109205,-38.4265224753899,Budget-Regular,salvador
-7.686090000000002,-35.51523698759426,Budget-Regular,machados
-22.91768636469216,-43.231241920278116,Budget-Regular,rio de janeiro
-23.441645336112845,-45.077753319947206,Budget-Regular,ubatuba
-18.741379680817644,-39.7517062974346,Budget-Regular,sao mateus
-20.32255173056015,-48.316795858627,Budget-Regular,guaira
-19.94533999999993,-44.07025999999996,Budget-Regular,contagem
-23.53291257063176,-46.50333578331635,Budget-Regular,sao paulo
-29.995433042257122,-51.101565606371764,Budget-Regular,porto alegre
-12.991832706633389,-38.45284250734317,Budget-Regular,salvador
-23.529877564256413,-46.68556505704306,Budget-Regular,sao paulo
-8.357916347879435,-36.695785344659065,Budget-Regular,pesqueira
-3.485993283808376,-45.251258948912906,Budget-Regular,moncao
-23.6301135246985,-46.69487651637428,Budget-Regular,sao paulo
-22.454670359136472,-44.4431632854852,Budget-Regular,resende
-23.539439503750906,-46.63284391414975,Budget-Regular,sao paulo
-23.43037560660472,-46.7273784708581,Budget-Regular,sao paulo
-23.700696757977965,-46.59813197231519,Budget-Regular,diadema
-23.563814008050084,-46.43270917051042,Budget-Regular,sao paulo
-25.77085055337259,-53.533228313034165,Budget-Regular,realeza
-22.244021759247783,-43.704838079140345,Budget-Regular,valenca
-1.359557305472045,-48.402949220752916,Budget-Regular,ananindeua
-15.83224802491746,-48.01033388194513,Budget-Regular,brasilia
-25.637385583557293,-53.34430215103402,Budget-Regular,nova prata do iguacu
-22.952966315183264,-47.000752404611255,Budget-Regular,valinhos
-14.279349295822538,-38.99458401801027,Budget-Regular,itacare
-25.725535786921675,-50.7909919094796,Budget-Regular,rio azul
-29.706404537705414,-53.71720315182636,Budget-Regular,santa maria
-5.790981405764958,-35.20214733888282,Budget-Regular,natal
-15.810787664428949,-48.11947373081528,Budget-Regular,brasilia
-20.515909882680106,-54.66304771745344,Budget-Regular,campo grande
-22.8991184007733,-43.17963533744704,Budget-Regular,rio de janeiro
-23.675315595636327,-46.51511591603398,Budget-Regular,santo andre
-7.259828499568576,-35.90795349578872,Budget-Regular,campina grande
-22.408910952761868,-43.66414917568397,Budget-Regular,vassouras
-21.033299784359404,-51.20701073393697,Budget-Regular,guaracai
-15.583442679407526,-56.072150601543775,Budget-Regular,cuiaba
-23.97084358728148,-46.30755936926548,Budget-Regular,santos
-24.08528341897731,-54.251010580047556,Budget-Regular,guaira
-23.527202888424043,-46.50418226181159,Budget-Regular,sao paulo
-15.68789150660022,-47.8263635190533,Budget-Regular,brasilia
-22.18861266563642,-41.66301696600459,Budget-Regular,carapebus
-8.19508493217185,-34.93096610117815,Budget-Regular,jaboatao dos guararapes
-20.57966661015444,-47.375497294405136,Budget-Regular,franca
-2.4945614074739177,-44.22573603193028,Budget-Regular,sao luis
-23.58013462799816,-46.91807670499688,Budget-Regular,cotia
-23.679713503750907,-46.679135364418016,Budget-Regular,sao paulo
-22.644949371172924,-43.26241583228318,Budget-Regular,duque de caxias
-23.281650267687155,-47.293252277396334,Budget-Regular,itu
-15.583442679407526,-56.072150601543775,Budget-Regular,cuiaba
-23.85403551708688,-46.94690334426688,Budget-Regular,sao lourenco da serra
-23.46658982202164,-46.63928171838316,Budget-Regular,sao paulo
-21.5120846693651,-51.435475634257486,Budget-Regular,junqueiropolis
-23.49728849125742,-46.68162942811186,Budget-Regular,sao paulo
-22.34193886788048,-49.0954053358244,Budget-Regular,bauru
-13.486051989872212,-39.04601107194652,Budget-Regular,cairu
-23.45361731652991,-49.405672493758665,Budget-Regular,taguai
-19.907292059668787,-44.00765821816024,Budget-Regular,belo horizonte
-23.72650754342439,-46.57996607380704,Budget-Regular,sao bernardo do campo
-20.167141630227725,-40.195054616319304,Budget-Regular,serra
-9.418385449552076,-40.49900005835711,Budget-Regular,juazeiro
-23.180229756498715,-46.85773745019897,Budget-Regular,jundiai
-25.440740004991664,-49.267218435340624,Budget-Regular,curitiba
-20.29948099526813,-40.295279312809534,Budget-Regular,vitoria
-23.544998282452386,-46.90430341342511,Budget-Regular,jandira
-20.718752279487987,-46.317933439336784,Budget-Regular,sao jose da barra
-16.73487910150386,-49.22241914174431,Budget-Regular,goiania
-22.49940945767212,-44.104362694702495,Budget-Regular,volta redonda
-30.09683014847948,-51.13467910491085,Budget-Regular,porto alegre
-22.44698689524057,-46.83661124535987,Budget-Regular,itapira
-3.7536783943966503,-38.513402874271435,Budget-Regular,fortaleza
-30.028312561746255,-51.18882961547109,Budget-Regular,porto alegre
-26.12368768391795,-49.81014356799168,Budget-Regular,mafra
-23.576282087988304,-46.72565705322003,Budget-Regular,sao paulo
-24.95227026422471,-53.46660168653684,Budget-Regular,cascavel
-23.517512779181907,-46.9007968295618,Budget-Regular,barueri
-22.98252918806041,-46.98517392663516,Budget-Regular,valinhos
-8.056302322926872,-34.89905950659299,Budget-Regular,recife
-16.25320694037059,-49.98196566802601,Budget-Regular,americano do brasil
-27.62805000864166,-54.31040490614334,Budget-Regular,horizontina
-30.03336443104038,-51.23063954079865,Budget-Regular,porto alegre
-22.757930999999992,-43.368909697746645,Budget-Regular,belford roxo
-17.733479770995473,-49.11180619402263,Budget-Regular,morrinhos
-23.10434596378687,-46.59558885596391,Budget-Regular,atibaia
-22.93528073550116,-43.18165906085174,Budget-Regular,rio de janeiro
-19.931520729672776,-43.93375589840736,Budget-Regular,belo horizonte
-29.915863208436726,-51.18773936782405,Budget-Regular,canoas
-19.931520729672776,-43.93375589840736,Budget-Regular,belo horizonte
-25.481463467438807,-49.170326265191314,Budget-Regular,sao jose dos pinhais
-23.631608934214373,-46.66450804371286,Budget-Regular,sao paulo
-14.313360067559042,-49.152861129106086,Budget-Regular,campinorte
-29.9154979313812,-51.14278755030342,Budget-Regular,canoas
-27.589984836805336,-48.55106215633563,Budget-Regular,florianopolis
-8.617963012525735,-39.60227892937364,Budget-Regular,oroco
-22.599104624433256,-48.787046017858174,Budget-Regular,lencois paulista
-23.71627032001268,-46.53725160684408,Budget-Regular,sao bernardo do campo
-23.606386840958358,-46.7738625886593,Budget-Regular,taboao da serra
-19.91253893978333,-44.07245325000001,Budget-Regular,contagem
-25.094231884269107,-50.160896859396686,Budget-Regular,ponta grossa
-24.306217522621033,-46.99171352379555,Budget-Regular,peruibe
-20.386870311646724,-43.506711008289,Budget-Regular,ouro preto
-29.684021864527587,-51.152403975226804,Budget-Regular,novo hamburgo
-23.45122582043897,-46.71217253015298,Budget-Regular,sao paulo
-16.375001735487714,-39.58761524556456,Budget-Regular,eunapolis
-23.158664591176624,-45.90328963627445,Budget-Regular,sao jose dos campos
-24.010703002741373,-46.4061962395147,Budget-Regular,praia grande
-23.60673553205609,-46.5126452334237,Budget-Regular,sao paulo
-21.24481728187358,-44.99836509644241,Budget-Regular,lavras
-1.4371287096488243,-48.48804837806534,Budget-Regular,belem
-23.610982112542573,-46.52695580245542,Budget-Regular,sao paulo
-3.83448713047708,-49.67879798413284,Budget-Regular,tucurui
-27.678950440852773,-48.6501515088604,Budget-Regular,palhoca
-5.358452196794645,-42.67835093202861,Budget-Regular,demerval lobao
-23.9284341639139,-46.410112111257504,Budget-Regular,cubatao
-22.902127847625383,-43.12463807063305,Budget-Regular,niteroi
-23.26206608381903,-51.14624200916092,Budget-Regular,londrina
-23.597426126839395,-46.63496154717532,Budget-Regular,sao paulo
-23.66594814120814,-46.56460097155059,Budget-Regular,sao bernardo do campo
-26.119492075294115,-50.30809091227157,Budget-Regular,tres barras
-15.830932016803072,-48.0110489635657,Budget-Regular,brasilia
-21.90747320518916,-47.62143917310523,Budget-Regular,descalvado
-23.4545304711098,-46.73172460698832,Budget-Regular,sao paulo
-26.079695103182665,-53.052996266304255,Budget-Regular,francisco beltrao
-20.172524297724486,-42.27142912780111,Budget-Regular,caputira
-23.62399052207277,-46.566780988891495,Budget-Regular,sao caetano do sul
-23.4730199023025,-46.64124863281201,Budget-Regular,sao paulo
-19.8936672120434,-43.90399958797396,Budget-Regular,belo horizonte
-12.787896505110531,-38.393952535802995,Budget-Regular,simoes filho
-19.327463311559647,-41.25526233112589,Budget-Regular,resplendor
-29.793505549086312,-51.86255911841741,Budget-Regular,taquari
-25.101916363824376,-50.1449979089184,Budget-Regular,ponta grossa
-23.694382444918844,-46.6110036560868,Budget-Regular,diadema
-22.707410124912013,-46.03526215592884,Budget-Regular,sao mateus de minas
-23.211061972115367,-46.76376569389638,Budget-Regular,campo limpo paulista
-9.657605490640876,-35.70414440178576,Budget-Regular,maceio
-3.760065898088552,-40.81646942366048,Budget-Regular,frecheirinha
-23.47891930793756,-46.69750484110452,Budget-Regular,sao paulo
-19.4499026121446,-43.11414250427422,Budget-Regular,santa maria de itabira
-19.60437246547611,-46.9261106671303,Budget-Regular,araxa
-23.62003247100232,-46.56402747612388,Budget-Regular,sao caetano do sul
-23.518638450458763,-46.52792064931621,Budget-Regular,sao paulo
-17.879702959097486,-51.702779210856136,Budget-Regular,jatai
-16.015426860234413,-48.07377810379305,Budget-Regular,brasilia
-22.43068953453729,-46.57343370165055,Budget-Regular,monte siao
-22.955759025535215,-46.54161922266144,Budget-Regular,braganca paulista
-19.931520729672776,-43.93375589840736,Budget-Regular,belo horizonte
-29.921495301690822,-50.907241446015355,Budget-Regular,gravatai
-17.733479770995473,-49.11180619402263,Budget-Regular,morrinhos
-22.929697960571986,-43.1794021767896,Budget-Regular,rio de janeiro
-21.140472077057574,-48.97404095850885,Budget-Regular,catanduva
-22.854677050233725,-47.05197199708997,Budget-Regular,campinas
-22.964032519562604,-43.17619751998097,Budget-Regular,rio de janeiro
-19.87482809063998,-44.98560567343412,Budget-Regular,nova serrana
-28.829425250283204,-52.51027520830276,Budget-Regular,soledade
-22.741537389831542,-45.12653345616916,Budget-Regular,lorena
-23.5308241992758,-46.564551750224425,Budget-Regular,sao paulo
-23.56196060560334,-46.689287097005,Budget-Regular,sao paulo
-22.94144365084541,-43.19161318538299,Budget-Regular,rio de janeiro
-22.911676757399086,-47.047650129061104,Budget-Regular,campinas
-8.136443514570956,-34.90571245809048,Budget-Regular,recife
-20.660955301151265,-43.78585877930211,Budget-Regular,conselheiro lafaiete
-22.913903976123883,-43.59099140240968,Budget-Regular,rio de janeiro
-12.425706503878423,-38.32837310702847,Budget-Regular,pojuca
-22.786149701039733,-50.218924720930985,Budget-Regular,palmital
-25.54396702400601,-49.154679464395,Budget-Regular,sao jose dos pinhais
-18.975697629882532,-49.4636254611456,Budget-Regular,ituiutaba
-23.61877003052688,-46.77291653788447,Budget-Regular,taboao da serra
-22.211035197694002,-49.6557903984333,Budget-Regular,garca
-20.42056119503688,-49.9733386466907,Budget-Regular,votuporanga
-23.473713635581966,-46.687461197472444,Budget-Regular,sao paulo
-14.873938248896703,-40.859643895067535,Budget-Regular,vitoria da conquista
-6.666020950324467,-41.70789994927027,Budget-Regular,inhuma
-23.53874524042914,-46.19140770032851,Budget-Regular,mogi das cruzes
-23.53738472745108,-46.57701985457893,Budget-Regular,sao paulo
-23.951545509175908,-46.40624946611476,Budget-Regular,sao vicente
-23.17173613454132,-45.84039083611284,Budget-Regular,sao jose dos campos
-10.972180503953474,-37.06749380191188,Budget-Regular,aracaju
-23.54774980834696,-46.293749082625176,Budget-Regular,suzano
-19.879860634382204,-40.626739587261234,Budget-Regular,sao joao de petropolis
-21.73729242983738,-43.4017297456287,Budget-Regular,juiz de fora
-19.795936050676715,-43.916882291344905,Budget-Regular,santa luzia
-22.902462523457743,-43.179633471550574,Budget-Regular,rio de janeiro
-23.54905179739165,-46.54498452331353,Budget-Regular,sao paulo
-22.88052762753189,-47.0613905743696,Budget-Regular,campinas
-21.12853978652728,-42.355531641935514,Budget-Regular,muriae
-22.930412639848665,-43.34703978193807,Budget-Regular,rio de janeiro
-12.940865708040718,-38.43032026923069,Budget-Regular,salvador
-15.815976328611026,-47.907328086588976,Budget-Regular,brasilia
-29.58697668096932,-51.08815065070117,Budget-Regular,dois irmaos
-20.19817358578096,-40.25812157047212,Budget-Regular,serra
-23.46681894869581,-46.32457947955707,Budget-Regular,itaquaquecetuba
-7.058589982093075,-36.36311412903371,Budget-Regular,soledade
-32.03885036699184,-52.08397032474847,Budget-Regular,rio grande
-26.9220881675347,-49.06426984096028,Budget-Regular,blumenau
-23.48018497085809,-46.64212652622771,Budget-Regular,sao paulo
-4.564412775083775,-37.769058682001656,Budget-Regular,aracati
-23.502353609483983,-46.39311521787179,Budget-Regular,sao paulo
-22.45621548435729,-49.337771244659976,Budget-Regular,cabralia paulista
-8.081145669515044,-34.91104978795658,Budget-Regular,recife
-22.5103712387356,-43.17707706348803,Budget-Regular,petropolis
-16.440501985791833,-41.00889491142415,Budget-Regular,jequitinhonha
-25.48583568331987,-49.3274145254631,Budget-Regular,curitiba
-3.877238999999946,-38.60738899999996,Budget-Regular,maracanau
-23.742789663887148,-46.6949266239252,Budget-Regular,sao paulo
-23.531680729384323,-46.54299782292687,Budget-Regular,sao paulo
-29.77715250963297,-51.11512049199179,Budget-Regular,sao leopoldo
-23.83394350350837,-46.81523885752993,Budget-Regular,embu-guacu
-19.93015620368739,-44.12228703683506,Budget-Regular,contagem
-23.48929981320335,-46.622173221766936,Budget-Regular,sao paulo
-23.613795000000003,-46.59133702502042,Budget-Regular,sao paulo
-23.34577710041851,-51.17130676461459,Budget-Regular,londrina
-23.773181643697704,-46.59689761451517,Budget-Regular,sao bernardo do campo
-25.43338725644875,-49.298221241329536,Budget-Regular,curitiba
-19.882729231115004,-43.849755030561255,Budget-Regular,sabara
-13.00997646517395,-38.48644167800889,Budget-Regular,salvador
-23.613893748542907,-46.57446013641431,Budget-Regular,sao caetano do sul
-18.910824508076033,-50.65040795296374,Budget-Regular,paranaiguara
-22.783912380347,-43.39740129925383,Budget-Regular,sao joao de meriti
-27.543786658615705,-48.631972642506845,Budget-Regular,sao jose
-23.218175126565264,-45.90819425395292,Budget-Regular,sao jose dos campos
-23.547626832361928,-46.41823026242136,Budget-Regular,sao paulo
-27.471769878988987,-48.45727746043694,Budget-Regular,florianopolis
-22.72850761170585,-47.640815255900485,Budget-Regular,piracicaba
-24.014540409660096,-46.43840702622771,Budget-Regular,praia grande
-11.463288169670115,-39.52589655755805,Budget-Regular,sao domingos
-14.865555804684712,-40.8465854266467,Budget-Regular,vitoria da conquista
-23.60164891190283,-46.55831953205609,Budget-Regular,sao paulo
-23.744390900499138,-46.57069849638958,Budget-Regular,sao bernardo do campo
-23.641257992498176,-46.599395134595994,Budget-Regular,sao paulo
-29.692365255495957,-53.811816361435646,Budget-Regular,santa maria
-22.875755285587942,-47.23330478790003,Budget-Regular,hortolandia
-17.33826448350878,-39.22508482389326,Budget-Regular,prado
-22.749167982753818,-43.4288344775117,Budget-Regular,nova iguacu
-23.623320803220032,-46.6886157014975,Budget-Regular,sao paulo
-15.642024962596619,-55.97885897980344,Budget-Regular,cuiaba
-23.53920007011036,-46.97704706724933,Budget-Regular,itapevi
-22.889148401335888,-43.32770088481736,Budget-Regular,rio de janeiro
-22.725538911779402,-47.315300362466544,Budget-Regular,americana
-23.669093514022688,-46.60399971233188,Budget-Regular,diadema
-8.081145669515044,-34.91104978795658,Budget-Regular,recife
-28.970045688209577,-51.06940700731315,Budget-Regular,sao marcos
-23.85049216254596,-52.13206838053973,Budget-Regular,quinta do sol
-24.721286369469176,-53.72232671270729,Budget-Regular,toledo
-23.575325636966944,-46.64764110061168,Budget-Regular,sao paulo
-23.180229756498715,-46.85773745019897,Budget-Regular,jundiai
-22.61402477034372,-43.70566429135911,Budget-Regular,paracambi
-21.734910628368603,-43.34904139355993,Budget-Regular,juiz de fora
-26.03298226016748,-48.85257420912001,Budget-Regular,garuva
-22.6855437762638,-43.264604553370035,Budget-Regular,duque de caxias
-16.220008700233507,-45.99823751448437,Budget-Regular,riachinho
-25.495152849705136,-49.22083726781705,Budget-Regular,curitiba
-23.02450176951644,-46.84456636887421,Budget-Regular,itatiba
-23.64702435137628,-46.6663345453863,Budget-Regular,sao paulo
-27.03604193712156,-49.387248727298015,Budget-Regular,apiuna
-22.5864143119626,-44.96835018938253,Budget-Regular,cruzeiro
-22.41410776822521,-49.40452347554712,Budget-Regular,duartina
-23.555771764343227,-46.639553016612446,Budget-Regular,sao paulo
-14.540184874367917,-59.54035531959738,Budget-Regular,conquista d'oeste
-20.47194513518614,-45.123145499795335,Budget-Regular,itapecerica
-23.546065945322862,-46.63358224756194,Budget-Regular,sao paulo
-20.799694637009473,-49.41306980079776,Budget-Regular,sao jose do rio preto
-16.677638754839194,-49.24673394546085,Budget-Regular,goiania
-25.469928492094144,-49.24312450609138,Budget-Regular,curitiba
-19.9044708373536,-44.00363492418485,Budget-Regular,belo horizonte
-11.439247801294972,-61.443711199983895,Budget-Regular,cacoal
-1.4381175072133559,-48.46256080593268,Budget-Regular,belem
-23.51592981949865,-46.38442694097974,Budget-Regular,sao paulo
-7.332780646015498,-40.63693929501432,Budget-Regular,caldeirao grande do piaui
-12.08925543763249,-45.79618023024447,Budget-Regular,luis eduardo magalhaes
-23.54774980834696,-46.293749082625176,Budget-Regular,suzano
-23.826968878700722,-46.11866655620633,Budget-Regular,bertioga
-23.552032416180964,-46.537461445322876,Budget-Regular,sao paulo
-14.957243893175734,-39.30195378397593,Budget-Regular,buerarema
-3.7244741589308688,-38.55319695300771,Budget-Regular,fortaleza
-30.044893409766065,-51.16207813210423,Budget-Regular,porto alegre
-23.611663524150245,-46.681770121847734,Budget-Regular,sao paulo
-18.75756011835844,-44.43159029668814,Budget-Regular,curvelo
-12.710055772110447,-41.830122157825066,Budget-Regular,boninal
-23.562117534277785,-46.699161988891504,Budget-Regular,sao paulo
-23.399420671677397,-46.39418043550551,Budget-Regular,guarulhos
-23.712859098700683,-47.41623869785824,Budget-Regular,piedade
-23.19523611721517,-46.82105201382189,Budget-Regular,varzea paulista
-23.58677108062952,-46.7489837393856,Budget-Regular,sao paulo
-16.432305466129215,-39.07585856311037,Budget-Regular,porto seguro
-23.47846082653355,-46.74847335553123,Budget-Regular,sao paulo
-20.730967126331826,-46.599216077526805,Budget-Regular,passos
-21.788259192047157,-46.565584849600626,Budget-Regular,pocos de caldas
-23.575017565515587,-46.739824510602574,Budget-Regular,sao paulo
-23.659187600193324,-46.64897577713656,Budget-Regular,sao paulo
-23.684854601898024,-46.43806303592078,Budget-Regular,maua
-19.923338955306185,-43.9480192209302,Budget-Regular,belo horizonte
-19.74088541741059,-45.2564896750905,Budget-Regular,bom despacho
-32.186730304453576,-52.17201923679336,Budget-Regular,rio grande
-14.135623515336455,-47.51737168701058,Budget-Regular,alto paraiso de goias
-23.69029792389557,-46.6296561291374,Budget-Regular,diadema
-20.342467507877814,-40.28566821952616,Budget-Regular,vila velha
-23.445853155981297,-46.72047932979742,Budget-Regular,sao paulo
-12.993898656818015,-38.46577870601301,Budget-Regular,salvador
-22.436878792984327,-43.13974645848293,Budget-Regular,petropolis
-23.682082756592987,-46.747782769778944,Budget-Regular,sao paulo
-23.511506887875782,-46.56917911601936,Budget-Regular,sao paulo
-22.743238334049245,-47.3155351887966,Budget-Regular,americana
-22.28682849321536,-43.91990205018972,Budget-Regular,conservatoria
-19.74570399283904,-43.94251767343394,Budget-Regular,vespasiano
-19.93772138894958,-43.936025301690826,Budget-Regular,belo horizonte
-19.544299712790853,-40.63402247010336,Budget-Regular,colatina
-23.18300381820934,-46.96922804883066,Budget-Regular,jundiai
-21.11322254808119,-47.98765318184038,Budget-Regular,sertaozinho
-25.403871295866104,-51.469163019302805,Budget-Regular,guarapuava
-15.82452855495125,-47.919278250000005,Budget-Regular,brasilia
-23.582441147931224,-46.50717982944775,Budget-Regular,sao paulo
-22.91769260113128,-43.38826034580772,Budget-Regular,rio de janeiro
-21.319254656543787,-43.7505741970098,Budget-Regular,antonio carlos
-22.99909145264705,-44.30536607069136,Budget-Regular,angra dos reis
-30.0046847216227,-51.19766065849146,Budget-Regular,porto alegre
-22.894145203993325,-43.34717450779488,Budget-Regular,rio de janeiro
-7.225181442728761,-39.37610813571774,Budget-Regular,crato
-25.5173900237727,-49.26499598258857,Budget-Regular,curitiba
-5.102719190368183,-42.75224112654245,Budget-Regular,teresina
-5.110418101476588,-42.80685810454902,Budget-Regular,teresina
-23.58222488620234,-46.453172612805226,Budget-Regular,sao paulo
-29.572162305031974,-50.7954726762304,Budget-Regular,igrejinha
-23.480460863213892,-52.69852516237143,Budget-Regular,indianopolis
-23.02381377523277,-45.54999278866723,Budget-Regular,taubate
-30.048961945871135,-51.18911279156328,Budget-Regular,porto alegre
-18.914980232586977,-48.27813616348312,Budget-Regular,uberlandia
-22.897078768228702,-45.37898099631567,Budget-Regular,pindamonhangaba
-23.662566512592036,-46.52741092389908,Budget-Regular,santo andre
-29.76370205891245,-57.07911331516962,Budget-Regular,uruguaiana
-27.54240866084872,-48.49699966851308,Budget-Regular,florianopolis
-19.969010470858095,-43.96760867485142,Budget-Regular,belo horizonte
-20.342467507877814,-40.28566821952616,Budget-Regular,vila velha
-23.514079363378823,-46.76915582194592,Budget-Regular,osasco
-22.85799379114491,-47.06734168685443,Budget-Regular,campinas
-25.459870002221702,-49.23095511119618,Budget-Regular,curitiba
-25.42213690980432,-49.27820023841536,Budget-Regular,curitiba
-26.922232024142584,-49.79045816392109,Budget-Regular,witmarsum
-22.80572828112987,-43.42317527553308,Budget-Regular,nilopolis
-22.574181674738654,-47.166457717889685,Budget-Regular,artur nogueira
-19.9583550740955,-43.98066211088345,Budget-Regular,belo horizonte
-30.032570620030064,-51.18098288357661,Budget-Regular,porto alegre
-23.39989412672898,-47.002958093063846,Budget-Regular,pirapora do bom jesus
-20.336748576862288,-40.39887647964785,Budget-Regular,cariacica
-23.472728402995,-46.538989187344896,Budget-Regular,guarulhos
-15.807107713706078,-43.30849638319817,Budget-Regular,janauba
-15.78888908434432,-48.12509694080207,Budget-Regular,brasilia
-7.887754083032841,-40.08459948967437,Budget-Regular,ouricuri
-22.98252918806041,-46.98517392663516,Budget-Regular,valinhos
-23.538399296150907,-46.63297206480466,Budget-Regular,sao paulo
-15.772405499999998,-47.88338072273515,Budget-Regular,brasilia
-25.34647503115502,-54.24097236064912,Budget-Regular,sao miguel do iguacu
-22.873324823071552,-43.54420691023702,Budget-Regular,rio de janeiro
-28.447361138467933,-52.200140304573225,Budget-Regular,marau
-19.946934214683473,-43.95237299999999,Budget-Regular,belo horizonte
-23.547933502914184,-46.674594927145236,Budget-Regular,sao paulo
-23.39395199999999,-51.934415656470456,Budget-Regular,maringa
-16.288559180800885,-48.96908717822082,Budget-Regular,anapolis
-8.071547014849036,-39.12325027204929,Budget-Regular,salgueiro
-23.54797349999999,-46.631701306827225,Budget-Regular,sao paulo
-8.201538953372959,-34.92024377655964,Budget-Regular,jaboatao dos guararapes
-23.484015492642406,-46.69528157314321,Budget-Regular,sao paulo
-23.50141993643143,-46.50506210672887,Budget-Regular,sao paulo
-20.470089924781412,-45.96141713422533,Budget-Regular,piumhii
-19.940289517889173,-43.92000973218296,Budget-Regular,belo horizonte
-23.504061520399333,-46.71277668902495,Budget-Regular,sao paulo
-22.218766275068383,-54.81920697291642,Budget-Regular,dourados
-25.44913988952431,-49.28810433527613,Budget-Regular,curitiba
-22.88300855130404,-43.34976905180368,Budget-Regular,rio de janeiro
-20.431520240741765,-49.97639274555152,Budget-Regular,votuporanga
-23.69029792389557,-46.6296561291374,Budget-Regular,diadema
-23.535839005222797,-46.76097421100975,Budget-Regular,osasco
-20.00451182686455,-44.03188897391651,Budget-Regular,belo horizonte
-22.97264893936459,-43.18744696892487,Budget-Regular,rio de janeiro
-22.826827780713,-45.18977740321308,Budget-Regular,guaratingueta
-6.357789032984386,-39.29682179897089,Budget-Regular,iguatu
-23.03212227020024,-45.56942252654782,Budget-Regular,taubate
-12.971421806278457,-38.48766803941367,Budget-Regular,salvador
-23.562552949766264,-46.68414473910783,Budget-Regular,sao paulo
-15.840391573448764,-48.017797905764944,Budget-Regular,brasilia
-23.50924262107987,-46.88521688379154,Budget-Regular,barueri
-23.611654194010004,-46.63146857729816,Budget-Regular,sao paulo
-23.53315098723239,-46.684796607897155,Budget-Regular,sao paulo
-22.96535718452808,-43.17810675360669,Budget-Regular,rio de janeiro
-27.566501367924868,-48.62448683786694,Budget-Regular,sao jose
-29.21184161606116,-51.35706437523049,Budget-Regular,farroupilha
-8.133196541909513,-34.96602516275448,Budget-Regular,jaboatao dos guararapes
-16.7224226128167,-43.86324095489327,Budget-Regular,montes claros
-22.832241507183777,-42.09954018378407,Budget-Regular,sao pedro da aldeia
-22.338693000000003,-41.75556508869113,Budget-Regular,macae
-19.86675622621033,-43.989934541635385,Budget-Regular,belo horizonte
-22.895956030798377,-47.148743284205665,Budget-Regular,campinas
-23.58752807798937,-46.894395491927874,Budget-Regular,cotia
-19.932443287396424,-44.0525045309138,Budget-Regular,contagem
-23.548630987232386,-46.554234482312836,Budget-Regular,sao paulo
-24.179855538627187,-46.79049637055164,Budget-Regular,itanhaem
-18.999910278635895,-46.31220123561797,Budget-Regular,carmo do paranaiba
-12.89472449617752,-38.33875838605659,Budget-Regular,lauro de freitas
-23.193021300305844,-45.78954174326277,Budget-Regular,sao jose dos campos
-22.743238334049245,-47.3155351887966,Budget-Regular,americana
-23.002893025631405,-45.54920091232119,Budget-Regular,taubate
-23.34577710041851,-51.17130676461459,Budget-Regular,londrina
-22.530642695437614,-50.556634360334954,Budget-Regular,primavera
-26.728473095705898,-52.71890584500578,Budget-Regular,quilombo
-21.756112849319592,-41.331979873023,Budget-Regular,campos dos goytacazes
-23.93404790861016,-46.35638087225176,Budget-Regular,santos
-22.951672385322283,-47.04983432139767,Budget-Regular,campinas
-22.884763705782337,-43.31870424949519,Budget-Regular,rio de janeiro
-22.97574436886144,-47.127382628757495,Budget-Regular,campinas
-26.180479008177024,-50.39189059723588,Budget-Regular,canoinhas
-23.538023539179946,-46.88948064085956,Budget-Regular,barueri
-22.949477453257384,-43.18835583888282,Budget-Regular,rio de janeiro
-25.86728583631325,-50.38536447183937,Budget-Regular,sao mateus do sul
-22.704387287090093,-43.16229169592343,Budget-Regular,mage
-23.9552663782965,-46.33825949705917,Budget-Regular,santos
-21.757690120914923,-48.82976816265947,Budget-Regular,ibitinga
-27.65982068518517,-50.58051513995481,Budget-Regular,sao jose do cerrito
-25.43338725644875,-49.298221241329536,Budget-Regular,curitiba
-23.32858556348084,-46.71508217424424,Budget-Regular,franco da rocha
-16.60664931744931,-41.771695261384,Budget-Regular,itinga
-23.553451251327196,-46.80868874516693,Budget-Regular,osasco
-23.487188352501462,-46.69966864432453,Budget-Regular,sao paulo
-23.568992412166267,-46.6995636067863,Budget-Regular,sao paulo
-22.930412639848665,-43.34703978193807,Budget-Regular,rio de janeiro
-23.04819264002537,-46.56385349999999,Budget-Regular,atibaia
-8.055846235775293,-34.94241061552887,Budget-Regular,recife
-20.52573368082404,-54.59067238372216,Budget-Regular,campo grande
-29.16889891571565,-51.51588958880006,Budget-Regular,bento goncalves
-27.23047039028129,-52.00532985537679,Budget-Regular,concordia
-22.92541928296553,-43.232072863400354,Budget-Regular,rio de janeiro
-21.22534076272983,-43.78829897971849,Budget-Regular,barbacena
-23.5688472717122,-46.63517002345775,Budget-Regular,sao paulo
-23.68118030474924,-46.44412708563669,Budget-Regular,maua
-5.527955585660762,-47.4841123650027,Budget-Regular,imperatriz
-5.10169753583287,-42.82267858945411,Budget-Regular,timon
-6.094267018903175,-39.45301183641868,Budget-Regular,acopiara
-23.48792393366611,-46.471751565497165,Budget-Regular,sao paulo
-16.74163363711559,-49.328240531544765,Budget-Regular,goiania
-5.511695293656849,-47.472819701117395,Budget-Regular,imperatriz
-23.727267000000005,-46.53310780249619,Budget-Regular,sao bernardo do campo
-29.945061349741792,-50.97172829799547,Budget-Regular,gravatai
-23.54385853621104,-46.64825318186277,Budget-Regular,sao paulo
-23.63272085885393,-46.64053662698363,Budget-Regular,sao paulo
-25.439692437272786,-49.24536632027295,Budget-Regular,curitiba
-23.57808470774424,-46.651012156529546,Budget-Regular,sao paulo
-5.810642387044395,-35.21847412749212,Budget-Regular,natal
-8.005895740456253,-36.05762095408697,Budget-Regular,toritama
-23.64250107132555,-46.56140417485143,Budget-Regular,sao caetano do sul
-3.7727071606988307,-38.48435290785094,Budget-Regular,fortaleza
-7.997374612311021,-34.92549480035421,Budget-Regular,recife
-18.12755468934688,-40.36198462361434,Budget-Regular,montanha
-14.88003379383598,-40.83200304870452,Budget-Regular,vitoria da conquista
-25.459683543568623,-49.29405194171619,Budget-Regular,curitiba
-25.411359761036383,-49.27648772952856,Budget-Regular,curitiba
-1.1294227759055562,-47.62124810775538,Budget-Regular,igarape-acu
-24.179855538627187,-46.79049637055164,Budget-Regular,itanhaem
-19.88412914793119,-44.018138035188656,Budget-Regular,contagem
-12.994160965806937,-38.47952868408447,Budget-Regular,salvador
-30.093114308596984,-51.01861499536756,Budget-Regular,viamao
-25.424860600323225,-49.35933682584106,Budget-Regular,curitiba
-23.633218292780747,-46.63878061554644,Budget-Regular,sao paulo
-19.8339036154141,-44.0386118626111,Budget-Regular,ribeirao das neves
-23.50103547792722,-47.51798650996727,Budget-Regular,sorocaba
-22.984902366639727,-43.22424120122337,Budget-Regular,rio de janeiro
-23.457357426072672,-51.919526825427496,Budget-Regular,maringa
-29.6822656073322,-53.85224297155058,Budget-Regular,santa maria
-22.8935112964107,-47.0800242164147,Budget-Regular,campinas
-29.96150870112698,-51.62866453331365,Budget-Regular,charqueadas
-23.61088063474525,-46.68308474049283,Budget-Regular,sao paulo
-15.644158998954913,-47.78546177317624,Budget-Regular,brasilia
-15.038867068690836,-41.26112698999631,Budget-Regular,belo campo
-23.532058462021794,-46.88420792784153,Budget-Regular,barueri
-4.40931225651895,-40.404314020153706,Budget-Regular,hidrolandia
-23.56976284096028,-46.65677240798665,Budget-Regular,sao paulo
-18.874202907349748,-48.27171488412486,Budget-Regular,uberlandia
-21.77408122009684,-48.18062624562872,Budget-Regular,araraquara
-23.688011001933244,-46.68861021758333,Budget-Regular,sao paulo
-25.941166826552763,-52.17484476835637,Budget-Regular,mangueirinha
-16.7224226128167,-43.86324095489327,Budget-Regular,montes claros
-1.74729292287051,-47.063325141240405,Budget-Regular,capitao poco
-22.85193647517985,-43.39640120401403,Budget-Regular,rio de janeiro
-25.43691051067581,-49.333032,Budget-Regular,curitiba
-5.17750499999994,-42.775349812999934,Budget-Regular,teresina
-22.981969840368173,-43.21999670107915,Budget-Regular,rio de janeiro
-23.11980850582838,-47.23840103788447,Budget-Regular,indaiatuba
-22.763066865525133,-52.98784117454758,Budget-Regular,nova londrina
-18.617615461141405,-46.50673538404529,Budget-Regular,patos de minas
-22.81445142403528,-47.07071336742769,Budget-Regular,campinas
-20.029093470439737,-44.2271447817549,Budget-Regular,betim
-20.773647,-49.34454504130678,Budget-Regular,sao jose do rio preto
-24.726900901778198,-48.109871630496414,Budget-Regular,cajati
-20.27110455009337,-40.41523240211024,Budget-Regular,cariacica
-8.026497604953843,-34.993003180405665,Budget-Regular,camaragibe
-19.880219524927604,-43.903648813652694,Budget-Regular,sabara
-23.656709846317163,-47.21874050355154,Budget-Regular,ibiuna
-7.131505136765696,-34.84886146660392,Budget-Regular,joao pessoa
-20.347899242077062,-40.39601827458058,Budget-Regular,cariacica
-19.879522658895496,-43.943022502365935,Budget-Regular,belo horizonte
-22.873582278377302,-47.14331467055226,Budget-Regular,campinas
-22.734658511669025,-43.47722057036548,Budget-Regular,nova iguacu
-22.865561497085807,-43.28770275000001,Budget-Regular,rio de janeiro
-17.63561471912798,-47.77718848589839,Budget-Regular,campo alegre de goias
-10.434205391835228,-62.472690831765085,Budget-Regular,jaru
-21.156125975877337,-47.824942408203,Budget-Regular,ribeirao preto
-6.089348134670923,-37.9116564789656,Budget-Regular,martins
-21.788259192047157,-46.565584849600626,Budget-Regular,pocos de caldas
-19.46970149792253,-42.562507159587966,Budget-Regular,ipatinga
-15.585273369301735,-56.11641839416527,Budget-Regular,cuiaba
-23.50058422170504,-46.1484275495466,Budget-Regular,mogi das cruzes
-23.54109707522069,-46.51821578864909,Budget-Regular,sao paulo
-21.469019615660827,-49.22271248704437,Budget-Regular,novo horizonte
-22.93462058174156,-47.041053292439045,Budget-Regular,campinas
-7.999747102977617,-34.84255786011885,Budget-Regular,olinda
-20.31470069608748,-40.295681193173294,Budget-Regular,vitoria
-23.533474292941296,-46.82942465880205,Budget-Regular,carapicuiba
-3.7380498165359057,-38.50256787140024,Budget-Regular,fortaleza
-21.48960580466123,-41.61635081423651,Budget-Regular,cardoso moreira
-19.92772413405276,-43.94438902498696,Budget-Regular,belo horizonte
-19.173229195013285,-41.47247462220565,Budget-Regular,conselheiro pena
-23.54454935858908,-46.545724933394155,Budget-Regular,sao paulo
-20.29203888618801,-40.30602124291654,Budget-Regular,vitoria
-23.59662287793669,-46.78943079323671,Budget-Regular,sao paulo
-12.994160965806937,-38.47952868408447,Budget-Regular,salvador
-16.66498294969052,-49.28290099999997,Budget-Regular,goiania
-22.756350707508076,-43.42252899664987,Budget-Regular,nova iguacu
-3.785486993883152,-38.54748158381904,Budget-Regular,fortaleza
-19.757774179294827,-47.9553386619712,Budget-Regular,uberaba
-3.8784708002568,-38.46024015796462,Budget-Regular,eusebio
-20.270083822937394,-50.54646481535692,Budget-Regular,jales
-29.651808344542687,-51.171106090300064,Budget-Regular,estancia velha
-6.37025881458125,-39.290263823212776,Budget-Regular,iguatu
-23.98479796586644,-46.300849044480685,Budget-Regular,santos
-17.544127645072972,-39.731758611915545,Budget-Regular,teixeira de freitas
-23.99206040691,-51.818817999691085,Budget-Regular,sao joao do ivai
-29.793505549086312,-51.86255911841741,Budget-Regular,taquari
-28.25857565440532,-52.406503307382735,Budget-Regular,passo fundo
-13.353154205541037,-48.68993822630988,Budget-Regular,montividiu do norte
-23.48929981320335,-46.622173221766936,Budget-Regular,sao paulo
-19.97551649235395,-43.971936358914604,Budget-Regular,belo horizonte
-21.131263707744235,-47.98217651736377,Budget-Regular,sertaozinho
-19.93697065093891,-43.97550849990613,Budget-Regular,belo horizonte
-25.5173900237727,-49.26499598258857,Budget-Regular,curitiba
-22.90680859062836,-43.28821205966879,Budget-Regular,rio de janeiro
-22.76406479685973,-43.42965403699998,Budget-Regular,nova iguacu
-28.447361138467933,-52.200140304573225,Budget-Regular,marau
-22.984638967251417,-43.19340669830918,Budget-Regular,rio de janeiro
-23.52249520732588,-46.61693905285947,Budget-Regular,sao paulo
-22.43963659141131,-49.92032479498194,Budget-Regular,ocaucu
-23.9552663782965,-46.33825949705917,Budget-Regular,santos
-8.136443514570956,-34.90571245809048,Budget-Regular,recife
-7.142811779069782,-34.88815056119799,Budget-Regular,joao pessoa
-11.548337694262967,-41.158478210703606,Budget-Regular,morro do chapeu
-20.664291155105545,-40.50641609707141,Budget-Regular,guarapari
-23.51765825783373,-46.77034237428577,Budget-Regular,osasco
-28.38881031932184,-53.91661502287606,Budget-Regular,ijui
-30.028312561746255,-51.18882961547109,Budget-Regular,porto alegre
-23.63338453879497,-46.59160008604073,Budget-Regular,sao paulo
-21.18961659794096,-48.78730162216991,Budget-Regular,ariranha
-22.98083198763354,-43.49401087023982,Budget-Regular,rio de janeiro
-20.373626262192097,-43.41744554260202,Budget-Regular,mariana
-3.6076570614016217,-38.96771999999993,Budget-Regular,sao goncalo do amarante
-8.071547014849036,-39.12325027204929,Budget-Regular,salgueiro
-23.55780088675821,-46.76999067236991,Budget-Regular,osasco
-16.288559180800885,-48.96908717822082,Budget-Regular,anapolis
-23.47590536081135,-46.604512052599645,Budget-Regular,sao paulo
-26.249933818483477,-48.80571126263594,Budget-Regular,joinville
-23.761966359494547,-46.70736418870526,Budget-Regular,sao paulo
-25.417494796554926,-49.20573546681872,Budget-Regular,curitiba
-19.8595462052484,-43.95570128711987,Budget-Regular,belo horizonte
-23.68317870979484,-46.53611412753189,Budget-Regular,santo andre
-21.056445661910637,-44.079538705804026,Budget-Regular,prados
-28.514978216755537,-53.993940099935635,Budget-Regular,augusto pestana
-12.626027615308908,-38.677651012176845,Budget-Regular,sao francisco do conde
-23.679713503750907,-46.679135364418016,Budget-Regular,sao paulo
-22.14957226489784,-44.09392663206775,Budget-Regular,santa rita de jacutinga
-25.491008797391657,-49.28829274854292,Budget-Regular,curitiba
-23.513901747157924,-46.65897270330084,Budget-Regular,sao paulo
-22.918822238624934,-47.057363661877595,Budget-Regular,campinas
-12.920328378922338,-38.47646564915709,Budget-Regular,salvador
-23.467810945322867,-46.56159213197528,Budget-Regular,guarulhos
-15.845798834786912,-47.97383682690134,Budget-Regular,brasilia
-22.81418067607816,-43.40339575251751,Budget-Regular,nilopolis
-20.14068469699654,-44.88753081910666,Budget-Regular,divinopolis
-23.21087131779099,-45.85379743144441,Budget-Regular,sao jose dos campos
-25.532675392723217,-49.24723802403752,Budget-Regular,curitiba
-23.414213060660472,-51.927470791096226,Budget-Regular,maringa
-22.92356707409551,-43.21262803260434,Budget-Regular,rio de janeiro
-22.821112438059316,-43.066320273871206,Budget-Regular,sao goncalo
-21.923525568623283,-46.38694602736802,Budget-Regular,caldas
-23.478780458975653,-46.42653574909117,Budget-Regular,sao paulo
-22.51091159968586,-47.77609147989785,Budget-Regular,charqueada
-9.661555854290478,-35.75778088288411,Budget-Regular,maceio
-23.97221168082404,-46.314586513330205,Budget-Regular,santos
-22.408910952761868,-43.66414917568397,Budget-Regular,vassouras
-23.64843177172653,-46.64338862033126,Budget-Regular,sao paulo
-20.559393016629343,-44.86870713083341,Budget-Regular,carmo da mata
-23.605686615833427,-46.501887524638015,Budget-Regular,sao paulo
-23.558637305466345,-46.51966059291495,Budget-Regular,sao paulo
-27.589321906197647,-48.52212360618027,Budget-Regular,florianopolis
-22.542383931318344,-44.125133636938955,Budget-Regular,barra mansa
-16.71642484977056,-49.26696822737612,Budget-Regular,goiania
-31.76391140269849,-52.447366343316595,Budget-Regular,capao do leao
-19.8936672120434,-43.90399958797396,Budget-Regular,belo horizonte
-6.002216911595636,-40.29412199869469,Budget-Regular,taua
-23.02450176951644,-46.84456636887421,Budget-Regular,itatiba
-23.685158005382213,-46.65799433276703,Budget-Regular,sao paulo
-22.97574436886144,-47.127382628757495,Budget-Regular,campinas
-23.439417904524205,-47.46771412254022,Budget-Regular,sorocaba
-20.334777364608797,-47.786517466948176,Budget-Regular,ituverava
-22.07313272845746,-48.739404089229716,Budget-Regular,bariri
-22.84867929304844,-43.25642816139132,Budget-Regular,rio de janeiro
-22.480313365613505,-43.500169675827166,Budget-Regular,governador portela
-8.027415345547903,-34.87104240360928,Budget-Regular,olinda
-23.505066031363608,-46.67707049278663,Budget-Regular,sao paulo
-19.78940073534656,-42.140715891552524,Budget-Regular,caratinga
-23.60582484595194,-46.70470007937562,Budget-Regular,sao paulo
-5.854397720785974,-35.20850839596652,Budget-Regular,natal
-8.037988413636953,-50.03688313277065,Budget-Regular,redencao
-15.250302992080991,-40.24622186583831,Budget-Regular,itapetinga
-20.431520240741765,-49.97639274555152,Budget-Regular,votuporanga
-19.831877699784197,-43.95335343627039,Budget-Regular,belo horizonte
-19.87482809063998,-44.98560567343412,Budget-Regular,nova serrana
-19.931520729672776,-43.93375589840736,Budget-Regular,belo horizonte
-20.147679943375422,-40.2636063973323,Budget-Regular,serra
-23.57224645520286,-46.65187074424375,Budget-Regular,sao paulo
-28.38881031932184,-53.91661502287606,Budget-Regular,ijui
-23.57224645520286,-46.65187074424375,Budget-Regular,sao paulo
-27.1011280158612,-52.611417110946064,Budget-Regular,chapeco
-22.92356707409551,-43.21262803260434,Budget-Regular,rio de janeiro
-19.937512508468437,-44.17352748286109,Budget-Regular,betim
-19.55030577919237,-42.12184508092337,Budget-Regular,inhapim
-23.763423083008632,-53.87901228987831,Budget-Regular,sao jorge do patrocinio
-13.411194948089578,-41.28437091630435,Budget-Regular,ibicoara
-24.112863197007357,-46.667482359857104,Budget-Regular,mongagua
-29.684071732021668,-53.81278270760001,Budget-Regular,santa maria
-19.80023738321712,-41.71471502051792,Budget-Regular,ipanema
-22.972498753993328,-45.545758329101865,Budget-Regular,tremembe
-23.4543169067459,-46.550612946779964,Budget-Regular,guarulhos
-31.740664337497822,-52.39268706633389,Budget-Regular,pelotas
-21.140005637724776,-47.81446950289819,Budget-Regular,ribeirao preto
-29.109735060662505,-49.63468000483127,Budget-Regular,sombrio
-23.531973879580764,-46.77858409027181,Budget-Regular,osasco
-22.7577375,-43.30890252337607,Budget-Regular,duque de caxias
-23.317650533181272,-51.15768994561134,Budget-Regular,londrina
-6.640243467734186,-51.97888176371889,Budget-Regular,sao felix do xingu
-23.65216141326678,-46.60282828795658,Budget-Regular,sao paulo
-22.773137845995556,-42.93361416465884,Budget-Regular,itaborai
-22.7577375,-43.30890252337607,Budget-Regular,duque de caxias
-25.442791128284213,-49.276760102140905,Budget-Regular,curitiba
-22.74216834976678,-43.48309576958585,Budget-Regular,nova iguacu
-20.557402554582165,-48.57069693228112,Budget-Regular,barretos
-19.946934214683473,-43.95237299999999,Budget-Regular,belo horizonte
-22.876653901964033,-46.79325865446836,Budget-Regular,morungaba
-22.90479794532287,-47.05693855329215,Budget-Regular,campinas
-15.807270259247648,-48.109213508099636,Budget-Regular,brasilia
-22.781514193726554,-43.425908742413874,Budget-Regular,mesquita
-22.869815753171125,-42.329823876168525,Budget-Regular,araruama
-20.71706301120797,-47.878333086473205,Budget-Regular,orlandia
-22.98598325783374,-43.19186641534424,Budget-Regular,rio de janeiro
-23.526450404724507,-46.8459747507432,Budget-Regular,carapicuiba
-20.91530329073143,-46.98467076257852,Budget-Regular,sao sebastiao do paraiso
-22.43767152117306,-46.82978827787511,Budget-Regular,itapira
-23.96402867998731,-46.33334224132954,Budget-Regular,santos
-30.03340533185367,-51.113721312275615,Budget-Regular,porto alegre
-23.563814008050084,-46.43270917051042,Budget-Regular,sao paulo
-9.9863541104064,-67.84345650615455,Budget-Regular,rio branco
-21.892295943841503,-45.59208199999995,Budget-Regular,sao goncalo do sapucai
-22.647023785470278,-43.23532380731939,Budget-Regular,duque de caxias
-22.92541928296553,-43.232072863400354,Budget-Regular,rio de janeiro
-16.740979757471482,-43.84815993588782,Budget-Regular,montes claros
-22.919479294300192,-47.087033806308355,Budget-Regular,campinas
-23.450746610046743,-46.59817363780368,Budget-Regular,sao paulo
-23.22230412572855,-45.88797225437128,Budget-Regular,sao jose dos campos
-22.80385751045796,-43.37526659276007,Budget-Regular,sao joao de meriti
-23.000643279177964,-43.55315755479796,Budget-Regular,rio de janeiro
-20.81664803818188,-49.386547493961466,Budget-Regular,sao jose do rio preto
-27.94043937233576,-52.92407776868056,Budget-Regular,sarandi
-23.484744245568784,-46.7347960830412,Budget-Regular,sao paulo
-22.01674449653755,-47.87514124655031,Budget-Regular,sao carlos
-23.590132931444405,-46.39907699999999,Budget-Regular,sao paulo
-23.009617598517572,-46.853418489894764,Budget-Regular,itatiba
-24.041133267279328,-52.37129282080416,Budget-Regular,campo mourao
-22.885395485429044,-43.45480061310515,Budget-Regular,rio de janeiro
-22.920193361648064,-43.62502374326279,Budget-Regular,rio de janeiro
-19.92772413405276,-43.94438902498696,Budget-Regular,belo horizonte
-23.257968554601742,-51.15655491016128,Budget-Regular,londrina
-22.065295430652395,-48.17913790448453,Budget-Regular,ribeirao bonito
-23.19740509658665,-45.8889238709389,Budget-Regular,sao jose dos campos
-14.468654381928491,-48.45892788920529,Budget-Regular,niquelandia
-23.504182313073454,-46.582139046226104,Budget-Regular,sao paulo
-23.66156781308637,-46.73595095774424,Budget-Regular,sao paulo
-22.741045192206663,-45.110031602905494,Budget-Regular,lorena
-23.527748663310227,-46.802069511945206,Budget-Regular,osasco
-22.740517490717608,-46.8958585777586,Budget-Regular,pedreira
-12.08925543763249,-45.79618023024447,Budget-Regular,luis eduardo magalhaes
-16.7224226128167,-43.86324095489327,Budget-Regular,montes claros
-27.60409288190317,-48.52489391599454,Budget-Regular,florianopolis
-21.044337571676227,-41.973743180047386,Budget-Regular,natividade
-22.786149701039733,-50.218924720930985,Budget-Regular,palmital
-7.105297405803405,-34.834205382971234,Budget-Regular,joao pessoa
-23.709006513460096,-46.42764497831902,Budget-Regular,ribeirao pires
-20.03560403606659,-44.140318215754,Budget-Regular,sarzedo
-23.502687742022033,-46.46431842918368,Budget-Regular,sao paulo
-22.906870719638384,-43.05408348725251,Budget-Regular,niteroi
-30.248098682028512,-50.24114961313911,Budget-Regular,balneario pinhal
-23.621035924231045,-46.78475176824975,Budget-Regular,taboao da serra
-16.459985431300172,-54.64923116625308,Budget-Regular,rondonopolis
-27.57707899362336,-48.5366366740147,Budget-Regular,florianopolis
-21.17084670666525,-43.02114374237569,Budget-Regular,tocantins
-22.942726521524516,-43.33383599333488,Budget-Regular,rio de janeiro
-22.66963752178432,-50.42678261175557,Budget-Regular,assis
-23.325838947847068,-46.71854639389734,Budget-Regular,franco da rocha
-19.87874816625308,-43.9310537134284,Budget-Regular,belo horizonte
-23.57956909512453,-46.64194095745629,Budget-Regular,sao paulo
-23.527214475445724,-46.7315398082117,Budget-Regular,sao paulo
-23.97221168082404,-46.314586513330205,Budget-Regular,santos
-22.85213169630646,-43.09176174278653,Budget-Regular,sao goncalo
-28.783017300613224,-51.60930864778699,Budget-Regular,nova prata
-26.99910110837357,-51.41145578186359,Budget-Regular,treze tilias
-9.737135756095125,-36.66319132854252,Budget-Regular,arapiraca
-25.434276554737586,-49.059658784680735,Budget-Regular,piraquara
-22.64512246080536,-43.29131748871743,Budget-Regular,duque de caxias
-22.858040775193498,-46.0302749870184,Budget-Regular,monte verde
-23.631231677765612,-46.49590477892556,Budget-Regular,santo andre
-23.48007159616828,-46.53831785429048,Budget-Regular,guarulhos
-23.54919071579432,-46.64818240521669,Budget-Regular,sao paulo
-3.7244741589308688,-38.55319695300771,Budget-Regular,fortaleza
-22.87886160115994,-43.31554198185101,Budget-Regular,rio de janeiro
-19.979423575086685,-43.94002821445109,Budget-Regular,nova lima
-24.036557731057755,-46.50460594678711,Budget-Regular,praia grande
-20.284603009435063,-40.29512303471047,Budget-Regular,vitoria
-23.49189491395926,-46.54629394463038,Budget-Regular,guarulhos
-19.947433295314173,-43.928925768249734,Budget-Regular,belo horizonte
-7.239725999999996,-35.928495,Budget-Regular,campina grande
-24.6186285873495,-53.32171363389954,Budget-Regular,cafelandia
-25.669302958763204,-53.80729151689831,Budget-Regular,capanema
-15.583442679407526,-56.072150601543775,Budget-Regular,cuiaba
-20.31470069608748,-40.295681193173294,Budget-Regular,vitoria
-23.61084776686477,-46.659910117952606,Budget-Regular,sao paulo
-21.93367420400954,-45.9263801644232,Budget-Regular,sao joao da mata
-11.418498479917067,-58.762016312315296,Budget-Regular,juina
-15.774815956743687,-48.0468055012082,Budget-Regular,brasilia
-29.45485848637996,-49.92016911227456,Budget-Regular,tres cachoeiras
-25.45864601817763,-49.286236905292554,Budget-Regular,curitiba
-21.213234471002323,-50.45541999999995,Budget-Regular,aracatuba
-22.40992251985108,-47.56321483192925,Budget-Regular,rio claro
-29.579680533484552,-50.06325255042327,Budget-Regular,terra de areia
-23.50122948542905,-46.644282319320205,Budget-Regular,sao paulo
-22.740517490717608,-46.8958585777586,Budget-Regular,pedreira
-4.326302354051709,-40.71060856702224,Budget-Regular,ipu
-22.19419359430747,-46.75089374999999,Budget-Regular,espirito santo do pinhal
-23.18300381820934,-46.96922804883066,Budget-Regular,jundiai
-28.783017300613224,-51.60930864778699,Budget-Regular,nova prata
-23.488782265335555,-46.62064292353855,Budget-Regular,sao paulo
-23.58144166556059,-46.676905669441396,Budget-Regular,sao paulo
-23.63569182600555,-46.62856488464982,Budget-Regular,sao paulo
-23.483501478643703,-46.622527827513466,Budget-Regular,sao paulo
-28.291132840240245,-49.93378018274397,Budget-Regular,sao joaquim
-12.617354289559659,-47.8785944198539,Budget-Regular,parana
-23.618947479751093,-46.641195026227706,Budget-Regular,sao paulo
-22.954521478763947,-43.185702100207656,Budget-Regular,rio de janeiro
-22.9826818073893,-43.22430948127411,Budget-Regular,rio de janeiro
-27.03604193712156,-49.387248727298015,Budget-Regular,apiuna
-19.92878416430552,-43.91727058979163,Budget-Regular,belo horizonte
-23.449531173705275,-51.977822688494996,Budget-Regular,maringa
-8.774210204018221,-48.93520450581853,Budget-Regular,goianorte
-12.959897101303804,-38.49302822484423,Budget-Regular,salvador
-22.22993501262289,-50.89381440529928,Budget-Regular,rancharia
-21.37617510196632,-42.31413117217626,Budget-Regular,palma
-23.01491589766684,-49.47585929050263,Budget-Regular,bernardino de campos
-23.51677547628342,-46.33643354559392,Budget-Regular,poa
-22.881152314602136,-47.05060719525074,Budget-Regular,campinas
-23.758929481404014,-46.60012438270614,Budget-Regular,sao bernardo do campo
-28.643589040933513,-53.6064557694012,Budget-Regular,cruz alta
-23.633015143776277,-46.70689364807545,Budget-Regular,sao paulo
-23.56410597890817,-46.655402039413694,Budget-Regular,sao paulo
-21.6007537006066,-46.89379332908108,Budget-Regular,sao jose do rio pardo
-19.931520729672776,-43.93375589840736,Budget-Regular,belo horizonte
-15.162916110955186,-49.80336922000167,Budget-Regular,rubiataba
-29.18931886171497,-54.86751986111217,Budget-Regular,santiago
-20.34762221735915,-41.532601235023876,Budget-Regular,iuna
-8.037919435195315,-34.89972837468979,Budget-Regular,recife
-21.12717351623222,-56.485972478116985,Budget-Regular,bonito
-7.156006825244468,-34.83788562135726,Budget-Regular,joao pessoa
-23.54769739716661,-46.519144185117774,Budget-Regular,sao paulo
-23.575449467943912,-46.54265940605341,Budget-Regular,sao paulo
-6.074258046829258,-49.897436959141274,Budget-Regular,parauapebas
-20.108316866106662,-43.05751404000867,Budget-Regular,alvinopolis
-18.979821439638712,-48.27088206917875,Budget-Regular,uberlandia
-26.180479008177024,-50.39189059723588,Budget-Regular,canoinhas
-30.103638977523197,-51.25245549916327,Budget-Regular,porto alegre
-19.924151122684457,-43.91153207369148,Budget-Regular,belo horizonte
-23.004214031623405,-43.335593643632045,Budget-Regular,rio de janeiro
-16.037120766932098,-48.03021796660325,Budget-Regular,brasilia
-19.993724611644524,-43.926805828894295,Budget-Regular,nova lima
-19.78940073534656,-42.140715891552524,Budget-Regular,caratinga
-3.771628291202318,-38.55710838106051,Budget-Regular,fortaleza
-23.563294082982303,-46.64348420621503,Budget-Regular,sao paulo
-18.9239008462404,-48.25008947100231,Budget-Regular,uberlandia
-23.52691955092622,-46.53532113197527,Budget-Regular,sao paulo
-20.252532778774647,-43.80286849754644,Budget-Regular,itabirito
-23.2361705381131,-51.66638010627717,Budget-Regular,astorga
-30.00191787642484,-51.1204693990003,Budget-Regular,porto alegre
-1.444996720209064,-48.48452464695026,Budget-Regular,belem
-23.5528355903399,-46.65316948972822,Budget-Regular,sao paulo
-21.181012061890485,-47.78952007431185,Budget-Regular,ribeirao preto
-23.5847030291419,-46.66555997204106,Budget-Regular,sao paulo
-22.92258733473174,-43.24244568124239,Budget-Regular,rio de janeiro
-12.257739451595253,-38.94567159048412,Budget-Regular,feira de santana
-23.413212832143632,-51.97968642017854,Budget-Regular,maringa
-5.102719190368183,-42.75224112654245,Budget-Regular,teresina
-27.608581341104504,-48.53317062994712,Budget-Regular,florianopolis
-23.70785448456366,-46.556180165898496,Budget-Regular,sao bernardo do campo
-22.8935112964107,-47.0800242164147,Budget-Regular,campinas
-23.44908169962935,-51.95458349046689,Budget-Regular,maringa
-25.542502722960037,-48.53407534959617,Budget-Regular,paranagua
-30.032570620030064,-51.18098288357661,Budget-Regular,porto alegre
-29.67745825880729,-51.05918890980452,Budget-Regular,campo bom
-5.922713389679101,-35.27636054664462,Budget-Regular,parnamirim
-11.304735278402209,-41.854195577796325,Budget-Regular,irece
-22.81445142403528,-47.07071336742769,Budget-Regular,campinas
-27.431134779999688,-48.465089369986615,Budget-Regular,florianopolis
-19.970868116609125,-43.93993252477061,Budget-Regular,belo horizonte
-9.673820737744125,-37.12697488383944,Budget-Regular,batalha
-22.786149701039733,-50.218924720930985,Budget-Regular,palmital
-22.92956749083907,-43.17681133722368,Budget-Regular,rio de janeiro
-28.831913323844148,-49.63180879032156,Budget-Regular,meleiro
-21.06171922205094,-41.36313505093294,Budget-Regular,mimoso do sul
-23.74556817384167,-46.39608699347911,Budget-Regular,rio grande da serra
-23.761966359494547,-46.70736418870526,Budget-Regular,sao paulo
-11.35810386900948,-38.327480822336746,Budget-Regular,olindina
-23.533396822924292,-46.90732391513105,Budget-Regular,jandira
-3.8784708002568,-38.46024015796462,Budget-Regular,eusebio
-22.715186701475943,-46.77627374427469,Budget-Regular,amparo
-15.704046672603576,-48.27479638901498,Budget-Regular,aguas lindas de goias
-22.828092168355855,-43.06877229137192,Budget-Regular,sao goncalo
-29.960143953084494,-51.16426715569284,Budget-Regular,canoas
-12.709261092944883,-38.3339228755306,Budget-Regular,camacari
-6.101670821311124,-37.63896832855385,Budget-Regular,patu
-24.28999221482884,-47.17449909179466,Budget-Regular,itariri
-22.682725505794764,-43.28051434759774,Budget-Regular,duque de caxias
-9.388579693317508,-40.48809048162074,Budget-Regular,petrolina
-23.534514366639733,-46.417455631084266,Budget-Regular,sao paulo
-25.37729404556022,-49.23385197625914,Budget-Regular,curitiba
-23.53450945807633,-46.89703557958681,Budget-Regular,jandira
-25.4418509866698,-49.311134222815554,Budget-Regular,curitiba
-23.685835327226048,-46.70060490660166,Budget-Regular,sao paulo
-25.458112983115143,-49.20651053941369,Budget-Regular,curitiba
-30.13064882653355,-51.2200832278551,Budget-Regular,porto alegre
-23.46681741410349,-46.6752345925616,Budget-Regular,sao paulo
-14.85233724753589,-40.80917893318782,Budget-Regular,vitoria da conquista
-23.014294742166268,-43.46413167283893,Budget-Regular,rio de janeiro
-23.49166859722086,-46.7297613836344,Budget-Regular,sao paulo
-22.91408114285877,-43.22386956688216,Budget-Regular,rio de janeiro
-4.828398401457909,-42.16785305098257,Budget-Regular,campo maior
-1.2975210000000033,-48.47028615999202,Budget-Regular,belem
-22.28164999999996,-42.53188506035592,Budget-Regular,nova friburgo
-20.8341513779744,-49.33576427031176,Budget-Regular,sao jose do rio preto
-21.592708800144862,-48.35639467929482,Budget-Regular,matao
-3.687740905283781,-40.351584297332586,Budget-Regular,sobral
-22.836436732168615,-43.2755566090658,Budget-Regular,rio de janeiro
-8.136443514570956,-34.90571245809048,Budget-Regular,recife
-17.18751028611988,-41.69750846759068,Budget-Regular,carai
-22.53151771345283,-43.20916963910768,Budget-Regular,petropolis
-28.5217906310622,-49.32054792692998,Budget-Regular,urussanga
-19.930871148479472,-43.93471710629582,Budget-Regular,belo horizonte
-23.693527980841417,-46.7819587507646,Budget-Regular,sao paulo
-27.57707899362336,-48.5366366740147,Budget-Regular,florianopolis
-23.624257693591645,-46.51504239570952,Budget-Regular,santo andre
-22.88722375926633,-47.20093703649303,Budget-Regular,hortolandia
-29.75026324856615,-52.42402288061865,Budget-Regular,santa cruz do sul
-22.80572828112987,-43.42317527553308,Budget-Regular,nilopolis
-23.57865694118888,-46.660826554315584,Budget-Regular,sao paulo
-23.539675631138568,-46.44437114131387,Budget-Regular,sao paulo
-22.887081387183287,-43.55767681002937,Budget-Regular,rio de janeiro
-23.650316530870214,-46.86156314376194,Budget-Regular,embu das artes
-22.918606538302836,-43.256743384472216,Budget-Regular,rio de janeiro
-15.753091500000004,-47.885211,Budget-Regular,brasilia
-9.669588992878237,-35.724788830068135,Budget-Regular,maceio
-25.424423867053655,-49.32525121149514,Budget-Regular,curitiba
-22.213608516792643,-49.94562551936614,Budget-Regular,marilia
-10.978033500000004,-39.62724520163413,Budget-Regular,queimadas
-19.898786955306186,-43.95635999999999,Budget-Regular,belo horizonte
-23.506110744861555,-46.53073952715679,Budget-Regular,sao paulo
-19.924151122684457,-43.91153207369148,Budget-Regular,belo horizonte
-19.979423575086685,-43.94002821445109,Budget-Regular,nova lima
-16.476211867582563,-54.61662321288012,Budget-Regular,rondonopolis
-20.792257181787022,-49.43307183912644,Budget-Regular,sao jose do rio preto
-23.502687742022033,-46.46431842918368,Budget-Regular,sao paulo
-2.499473226500051,-44.29157450865727,Budget-Regular,sao luis
-20.1379005,-40.18867515952251,Budget-Regular,serra
-20.519076442778164,-43.70624063811853,Budget-Regular,ouro branco
-18.4760791367949,-47.19905203561228,Budget-Regular,coromandel
-22.86657990047305,-43.09822064501702,Budget-Regular,niteroi
-23.59067150136992,-46.61342743217374,Budget-Regular,sao paulo
-23.51171068412915,-46.4244273274933,Budget-Regular,sao paulo
-18.548645207655657,-42.76616956765656,Budget-Regular,sao joao evangelista
-23.46658982202164,-46.63928171838316,Budget-Regular,sao paulo
-23.63580786663679,-46.71368647000955,Budget-Regular,sao paulo
-7.105297405803405,-34.834205382971234,Budget-Regular,joao pessoa
-23.52021935456461,-46.70566419525074,Budget-Regular,sao paulo
-22.93106051096427,-47.111613736896366,Budget-Regular,campinas
-28.30435881574406,-54.26350495310216,Budget-Regular,santo angelo
-19.22451979434427,-45.00063407953552,Budget-Regular,pompeu
-20.09103088290889,-45.29043321794628,Budget-Regular,santo antonio do monte
-27.290209139974166,-50.57755286955393,Budget-Regular,curitibanos
-22.702962757883093,-43.27286441147397,Budget-Regular,duque de caxias
-23.669766843326205,-46.744889175688144,Budget-Regular,sao paulo
-23.63098517277395,-46.78896203400367,Budget-Regular,taboao da serra
-6.101670821311124,-37.63896832855385,Budget-Regular,patu
-22.888843406616004,-43.06812275944768,Budget-Regular,niteroi
-23.180924811785815,-50.64953431443574,Budget-Regular,cornelio procopio
-25.46616240687581,-49.20850331446409,Budget-Regular,curitiba
-11.85498053913942,-55.5037086677415,Budget-Regular,sinop
-8.027430125870072,-34.90024079822835,Budget-Regular,recife
-12.991820354146247,-38.51525363641868,Budget-Regular,salvador
-23.597426126839395,-46.63496154717532,Budget-Regular,sao paulo
-30.032570620030064,-51.18098288357661,Budget-Regular,porto alegre
-23.453148190259093,-46.43368988368669,Budget-Regular,guarulhos
-21.50861849999999,-43.3226870668653,Budget-Regular,piau
-22.90892765758392,-43.202272231695225,Budget-Regular,rio de janeiro
-23.203641583674795,-46.87221486532687,Budget-Regular,jundiai
-7.016174809326362,-42.12535055257861,Budget-Regular,oeiras
-18.371649251195823,-40.83173649905782,Budget-Regular,ecoporanga
-21.326252348603077,-46.368093498940254,Budget-Regular,monte belo
-21.77966410851753,-48.159891922009336,Budget-Regular,araraquara
-22.904496094639068,-43.175896816261776,Budget-Regular,rio de janeiro
-11.717812276013843,-49.07989332994299,Budget-Regular,gurupi
-24.179855538627187,-46.79049637055164,Budget-Regular,itanhaem
-10.992398990874058,-37.05845347246438,Budget-Regular,aracaju
-23.67041401054591,-46.65428499796924,Budget-Regular,sao paulo
-27.635960058702167,-52.27291009294059,Budget-Regular,erechim
-23.618396640025374,-46.55132033264193,Budget-Regular,sao caetano do sul
-10.941635372612339,-37.0834877925295,Budget-Regular,aracaju
-23.524037769634724,-46.54991496468348,Budget-Regular,sao paulo
-23.4622595903399,-46.594256181372295,Budget-Regular,sao paulo
-5.522166198874023,-47.487309059746515,Budget-Regular,imperatriz
-18.775054711119516,-42.93346666970913,Budget-Regular,guanhaes
-22.420436051270105,-45.4536585590926,Budget-Regular,itajuba
-22.938116465015383,-43.34624991498367,Budget-Regular,rio de janeiro
-21.85773487539476,-47.479547009279315,Budget-Regular,porto ferreira
-4.564412775083775,-37.769058682001656,Budget-Regular,aracati
-23.51745974355125,-47.50419526344921,Budget-Regular,sorocaba
-22.2492531099986,-45.70557966603161,Budget-Regular,santa rita do sapucai
-22.902127847625383,-43.12463807063305,Budget-Regular,niteroi
-23.385781657436016,-48.72521095117318,Budget-Regular,paranapanema
-23.489980441936638,-46.88927054690033,Budget-Regular,barueri
-22.85799379114491,-47.06734168685443,Budget-Regular,campinas
-20.660955301151265,-43.78585877930211,Budget-Regular,conselheiro lafaiete
-22.927911349702853,-43.23215035152053,Budget-Regular,rio de janeiro
-22.861960983625707,-47.152460362340555,Budget-Regular,campinas
-27.25715480415264,-49.93294827666639,Budget-Regular,pouso redondo
-23.48799769415712,-46.630488719401,Budget-Regular,sao paulo
-19.98569209534215,-43.85984617256524,Budget-Regular,nova lima
-23.38824960976521,-51.909365110515886,Budget-Regular,maringa
-23.9284341639139,-46.410112111257504,Budget-Regular,cubatao
-23.62112665860704,-46.695271263402304,Budget-Regular,sao paulo
-12.989080027800075,-38.48769070705173,Budget-Regular,salvador
-26.78803471779214,-51.02059376410528,Budget-Regular,cacador
-23.534939907164265,-46.785833280483416,Budget-Regular,osasco
-23.97221168082404,-46.314586513330205,Budget-Regular,santos
-19.91886726504709,-43.94073422551395,Budget-Regular,belo horizonte
-25.39994638870621,-49.24113271149516,Budget-Regular,curitiba
-23.53409172300768,-46.55545912741061,Budget-Regular,sao paulo
-3.506735865765622,-42.19278846124722,Budget-Regular,joaquim pires
-23.70319449942903,-46.38796006499638,Budget-Regular,ribeirao pires
-29.716594442448084,-52.419388860072374,Budget-Regular,santa cruz do sul
-22.754406993046437,-47.618840968273744,Budget-Regular,piracicaba
-21.79651124143253,-50.8792022587087,Budget-Regular,osvaldo cruz
-19.90258048016325,-44.016092653903826,Budget-Regular,belo horizonte
-22.435067799468968,-45.45549066188823,Budget-Regular,itajuba
-23.66666607132555,-46.549536747980305,Budget-Regular,santo andre
-23.712859098700683,-47.41623869785824,Budget-Regular,piedade
-22.91769260113128,-43.38826034580772,Budget-Regular,rio de janeiro
-8.034095566478115,-34.91097620080501,Budget-Regular,recife
-23.59208208710409,-46.30462202649456,Budget-Regular,suzano
-7.213259309244208,-34.8478167200832,Budget-Regular,joao pessoa
-22.930452979874794,-47.035929675986,Budget-Regular,campinas
-23.533271512767612,-46.64940663613022,Budget-Regular,sao paulo
-19.970868116609125,-43.93993252477061,Bulk-Buyer,belo horizonte
-23.447309060505503,-46.50225707576894,Bulk-Buyer,guarulhos
-16.684466854632912,-49.314289374850205,Bulk-Buyer,goiania
-23.600935959201337,-46.6443131493162,Bulk-Buyer,sao paulo
-23.295260668789506,-50.07713999340842,Bulk-Buyer,santo antonio da platina
-20.154449604793754,-40.26902634463907,Bulk-Buyer,serra
-22.540072452709943,-44.227682093672456,Bulk-Buyer,barra mansa
-23.56075261449015,-46.67910014042939,Bulk-Buyer,sao paulo
-23.42843316855792,-51.91774739994137,Bulk-Buyer,maringa
-23.95688438718329,-46.32677018694087,Bulk-Buyer,santos
-22.916833051618703,-43.21798092630852,Bulk-Buyer,rio de janeiro
-23.52005353621103,-46.72486946087478,Bulk-Buyer,sao paulo
-29.673304463020955,-51.15321212387317,Bulk-Buyer,novo hamburgo
-26.731781999999995,-53.518667424888754,Bulk-Buyer,sao miguel do oeste
-12.964843391404514,-38.49575313374533,Bulk-Buyer,salvador
-21.36006189551128,-48.072412538636975,Bulk-Buyer,pradopolis
-28.363365,-54.27198756701471,Bulk-Buyer,entre-ijuis
-23.17939241909515,-45.855546946025314,Bulk-Buyer,sao jose dos campos
-12.530544151256535,-38.29707501748269,Bulk-Buyer,mata de sao joao
-22.34522920037048,-47.36997514377627,Bulk-Buyer,araras
-22.8961984228604,-43.35568746796124,Bulk-Buyer,rio de janeiro
-23.568853347221356,-46.78225045146837,Bulk-Buyer,osasco
-22.854677050233725,-47.05197199708997,Bulk-Buyer,campinas
-17.733479770995473,-49.11180619402263,Bulk-Buyer,morrinhos
-28.63083023402565,-53.09511159180065,Bulk-Buyer,ibiruba
-22.78986752622771,-43.17266372299474,Bulk-Buyer,rio de janeiro
-22.389147671787534,-41.78608335605058,Bulk-Buyer,macae
-23.04819264002537,-46.56385349999999,Bulk-Buyer,atibaia
-30.151173122944257,-51.218439543713735,Bulk-Buyer,porto alegre
-5.072404128818928,-42.755354573205146,Bulk-Buyer,teresina
-22.368782136966257,-48.3850446236578,Bulk-Buyer,dois corregos
-20.67253110835668,-40.50012331865935,Bulk-Buyer,guarapari
-15.743474999999991,-47.88803337184773,Bulk-Buyer,brasilia
-19.74570399283904,-43.94251767343394,Bulk-Buyer,vespasiano
-22.914275055434835,-47.03957069095158,Bulk-Buyer,campinas
-29.651808344542687,-51.171106090300064,Bulk-Buyer,estancia velha
-15.901495749736227,-47.778564253746495,Bulk-Buyer,brasilia
-17.84602073837803,-42.07921679795352,Bulk-Buyer,malacacheta
-23.559990663338887,-46.667473674851415,Bulk-Buyer,sao paulo
-22.890628869698148,-43.43111892658264,Bulk-Buyer,rio de janeiro
-19.88665694532287,-43.92389634081604,Bulk-Buyer,belo horizonte
-16.364410104468934,-42.51587004900935,Bulk-Buyer,padre carvalho
-13.002814446015355,-38.46387616648835,Bulk-Buyer,salvador
-19.877727652086158,-43.995110704830054,Bulk-Buyer,belo horizonte
-22.768842390945508,-47.34061147091706,Bulk-Buyer,americana
-5.8331894727598455,-35.2177632343903,Bulk-Buyer,natal
-30.013486701079135,-51.19073788307298,Bulk-Buyer,porto alegre
-21.11819394490749,-42.943705743717146,Bulk-Buyer,uba
-26.22580808081601,-52.67412588626672,Bulk-Buyer,pato branco
-22.003518593672453,-47.85611683645909,Bulk-Buyer,sao carlos
-21.165370022730333,-47.79714447071386,Bulk-Buyer,ribeirao preto
-21.6007537006066,-46.89379332908108,Bulk-Buyer,sao jose do rio pardo
-22.93528073550116,-43.18165906085174,Bulk-Buyer,rio de janeiro
-21.770324704218737,-52.11229275,Bulk-Buyer,presidente epitacio
-22.895956030798377,-47.148743284205665,Bulk-Buyer,campinas
-22.86819,-43.47809670455591,Bulk-Buyer,rio de janeiro
-22.39021116847478,-47.54999151399537,Bulk-Buyer,rio claro
-22.95073136280994,-43.26245802309719,Bulk-Buyer,rio de janeiro
-23.532719186359824,-46.66665820552254,Bulk-Buyer,sao paulo
-23.54385853621104,-46.64825318186277,Bulk-Buyer,sao paulo
-23.551946399745763,-46.5959258641528,Bulk-Buyer,sao paulo
-12.182476084478994,-43.21593491552102,Bulk-Buyer,ibotirama
-19.46970149792253,-42.562507159587966,Bulk-Buyer,ipatinga
-28.71452758648514,-49.30006950142965,Bulk-Buyer,icara
-21.624848211615983,-55.16264905910546,Bulk-Buyer,maracaju
-22.93827739912851,-43.19678775327477,Bulk-Buyer,rio de janeiro
-17.85839668980789,-41.50907055156256,Bulk-Buyer,teofilo otoni
-19.863121316406,-43.90741456855559,Bulk-Buyer,belo horizonte
-23.570810444514542,-46.69077501106554,Bulk-Buyer,sao paulo
-22.906153508194315,-43.55299177116393,Bulk-Buyer,rio de janeiro
-18.40955524760118,-49.20540379221638,Bulk-Buyer,itumbiara
-23.545780852365983,-46.83847829836412,Bulk-Buyer,carapicuiba
-23.388042258670453,-47.33979079961335,Bulk-Buyer,itu
-20.25624491956578,-42.03398861864435,Bulk-Buyer,manhuacu
-30.167283547839197,-53.568312538432494,Bulk-Buyer,sao sepe
-4.130555657879916,-38.24159017762982,Bulk-Buyer,cascavel
-23.502394833746912,-46.739281462404,Bulk-Buyer,sao paulo
-23.673134661117185,-46.73431152943036,Bulk-Buyer,sao paulo
-23.694788870664773,-46.59812772716261,Bulk-Buyer,diadema
-23.188848119337575,-46.85195184945988,Bulk-Buyer,jundiai
-22.98054817929483,-49.86716656334554,Bulk-Buyer,ourinhos
-23.56614114360004,-46.59333482153361,Bulk-Buyer,sao paulo
-22.979479425356224,-43.694505256592976,Bulk-Buyer,rio de janeiro
-19.39263722644093,-54.57819155553403,Bulk-Buyer,sao gabriel do oeste
-23.451715079375624,-46.54380488412488,Bulk-Buyer,guarulhos
-15.835981282471963,-47.876112048834536,Bulk-Buyer,brasilia
-16.16690142735075,-42.29265478337428,Bulk-Buyer,salinas
-22.92541928296553,-43.232072863400354,Bulk-Buyer,rio de janeiro
-22.428966541766155,-45.47319168617206,Bulk-Buyer,itajuba
-22.574181674738654,-47.166457717889685,Bulk-Buyer,artur nogueira
-22.412161929589875,-47.579265975561306,Bulk-Buyer,rio claro
-22.98283043825374,-43.201593115182646,Bulk-Buyer,rio de janeiro
-24.807240211648068,-50.00086877809995,Bulk-Buyer,castro
-23.96237820964202,-46.38108193166076,Bulk-Buyer,sao vicente
-22.984312987232386,-43.21999298167813,Bulk-Buyer,rio de janeiro
-23.659187600193324,-46.64897577713656,Bulk-Buyer,sao paulo
-22.436760384124867,-46.96442091571881,Bulk-Buyer,mogi mirim
-22.984902366639727,-43.22424120122337,Bulk-Buyer,rio de janeiro
-19.92127936886143,-43.90621815015291,Bulk-Buyer,belo horizonte
-22.40251417902456,-41.81479351477589,Bulk-Buyer,macae
-25.941166826552763,-52.17484476835637,Bulk-Buyer,mangueirinha
-3.719253874282301,-53.740713158615925,Bulk-Buyer,uruara
-23.575921313347585,-46.68516203220032,Bulk-Buyer,sao paulo
-23.609758620318527,-46.47006352553521,Bulk-Buyer,sao paulo
-29.69354732415027,-53.84853238656184,Bulk-Buyer,santa maria
-16.714533214905956,-49.31073557499528,Bulk-Buyer,goiania
-23.414213060660472,-51.927470791096226,Bulk-Buyer,maringa
-24.014540409660096,-46.43840702622771,Bulk-Buyer,praia grande
-28.848044934370005,-51.891284428635885,Bulk-Buyer,guapore
-10.938310395907221,-37.0570585587165,Bulk-Buyer,aracaju
-23.658943725229378,-46.69178753635527,Bulk-Buyer,sao paulo
-20.61507722599609,-46.04727483479504,Bulk-Buyer,capitolio
-5.072404128818928,-42.755354573205146,Bulk-Buyer,teresina
-22.882376409414437,-43.363361678169646,Bulk-Buyer,rio de janeiro
-29.131012996281413,-56.55329060394041,Bulk-Buyer,itaqui
-20.386870311646724,-43.506711008289,Bulk-Buyer,ouro preto
-18.975697629882532,-49.4636254611456,Bulk-Buyer,ituiutaba
-1.4280537705001086,-48.46444616013624,Bulk-Buyer,belem
-20.844735542369015,-41.10935777504867,Bulk-Buyer,cachoeiro de itapemirim
-30.04915427754058,-51.20163464829179,Bulk-Buyer,porto alegre
-16.632597450432748,-49.25399565540349,Bulk-Buyer,goiania
-8.598494330847378,-38.57645984099435,Bulk-Buyer,floresta
-30.130953170696486,-51.23302606522303,Bulk-Buyer,porto alegre
-10.938310395907221,-37.0570585587165,Bulk-Buyer,aracaju
-21.26666105408586,-48.687322931652744,Bulk-Buyer,fernando prestes
-15.845798834786912,-47.97383682690134,Bulk-Buyer,brasilia
-19.76833407712183,-44.085725471810086,Bulk-Buyer,ribeirao das neves
-23.089810358589645,-48.93071652484272,Bulk-Buyer,avare
-23.55404227061568,-46.59485318913384,Bulk-Buyer,sao paulo
-21.22534076272983,-43.78829897971849,Bulk-Buyer,barbacena
-23.710979053292142,-46.85103183305166,Bulk-Buyer,itapecerica da serra
-13.274311423804331,-50.16302848445971,Bulk-Buyer,sao miguel do araguaia
-22.862794044174205,-42.00221303155615,Bulk-Buyer,cabo frio
-25.38485852748279,-51.47902048655421,Bulk-Buyer,guarapuava
-23.526908245080445,-46.65089423910785,Bulk-Buyer,sao paulo
-22.91071717984308,-47.09176803823096,Bulk-Buyer,campinas
-15.583442679407526,-56.072150601543775,Bulk-Buyer,cuiaba
-23.658486644189768,-46.46481850776928,Bulk-Buyer,maua
-19.39783256179756,-40.067626658499954,Bulk-Buyer,linhares
-28.68830647062041,-49.38670203027518,Bulk-Buyer,criciuma
-22.87813544936224,-43.42601681885324,Bulk-Buyer,rio de janeiro
-22.817940349921532,-47.24004385158533,Bulk-Buyer,sumare
-19.898302133086133,-43.96987270885509,Bulk-Buyer,belo horizonte
-23.56442600742329,-46.65680586903512,Bulk-Buyer,sao paulo
-22.954521478763947,-43.185702100207656,Bulk-Buyer,rio de janeiro
-21.20058447432055,-47.7758794015108,Bulk-Buyer,ribeirao preto
-20.26416981761624,-40.296486089935854,Bulk-Buyer,vitoria
-30.03336443104038,-51.23063954079865,Bulk-Buyer,porto alegre
-24.71454598873831,-47.88222264042576,Bulk-Buyer,pariquera-acu
-15.841450954140925,-48.024025688112914,Bulk-Buyer,brasilia
-18.563584511947653,-51.135329424711195,Bulk-Buyer,cacu
-23.536014182613048,-46.66888585042401,Bulk-Buyer,sao paulo
-22.919878227018398,-43.21553184638462,Bulk-Buyer,rio de janeiro
-20.18978947831589,-40.26236116823132,Bulk-Buyer,serra
-22.742563367390392,-45.11541069830917,Bulk-Buyer,lorena
-22.827719800210637,-43.36298572771183,Bulk-Buyer,rio de janeiro
-23.74981810254469,-46.70140755620633,Bulk-Buyer,sao paulo
-19.899256181228065,-43.896013821397645,Bulk-Buyer,belo horizonte
-22.94626088444423,-43.162111365586654,Bulk-Buyer,rio de janeiro
-22.873582278377302,-47.14331467055226,Bulk-Buyer,campinas
-19.797599917436052,-43.974118699766265,Bulk-Buyer,belo horizonte
-23.404473932555263,-46.7628010299911,Bulk-Buyer,sao paulo
-23.678104522967278,-46.60230578963004,Bulk-Buyer,diadema
-26.91430206272721,-49.06109329477589,Bulk-Buyer,blumenau
-25.98209858280038,-52.565943889424354,Bulk-Buyer,coronel vivida
-22.820346451007023,-43.17759774785043,Bulk-Buyer,rio de janeiro
-23.98841078045477,-46.27151082894726,Bulk-Buyer,guaruja
-1.4630158658030092,-48.48808887193567,Bulk-Buyer,belem
-15.810912202155444,-47.8963626555716,Bulk-Buyer,brasilia
-21.12448854224665,-42.92793184295009,Bulk-Buyer,uba
-23.243923986336238,-45.88750177901217,Bulk-Buyer,sao jose dos campos
-22.80943323970382,-47.227060795124615,Bulk-Buyer,sumare
-20.81664803818188,-49.386547493961466,Bulk-Buyer,sao jose do rio preto
-23.977349602176066,-48.88665858318136,Bulk-Buyer,itapeva
-23.553451251327196,-46.80868874516693,Bulk-Buyer,osasco
-19.910530419821725,-44.03422867245252,Bulk-Buyer,contagem
-23.594790614490144,-46.68693037996994,Bulk-Buyer,sao paulo
-13.00438696935016,-38.51780742117263,Bulk-Buyer,salvador
-21.983463191709557,-42.362375370999054,Bulk-Buyer,cantagalo
-20.83329949035003,-41.15487754492568,Bulk-Buyer,cachoeiro de itapemirim
-23.52326624957938,-46.194662263967,Bulk-Buyer,mogi das cruzes
-22.546892221752604,-47.38891605110458,Bulk-Buyer,limeira
-21.854505508958752,-45.29603321832828,Bulk-Buyer,cambuquira
-23.26759467852091,-45.902682654870446,Bulk-Buyer,sao jose dos campos
-23.56341601748514,-46.49597141909516,Bulk-Buyer,sao paulo
-19.363717608764453,-40.05300916133554,Bulk-Buyer,linhares
-22.912000889260764,-43.37752140605343,Bulk-Buyer,rio de janeiro
-19.629852923974376,-43.22384359497725,Bulk-Buyer,itabira
-21.804834153759604,-48.16143351888332,Bulk-Buyer,araraquara
-18.75756011835844,-44.43159029668814,Bulk-Buyer,curvelo
-23.6052583580414,-46.668910957863645,Bulk-Buyer,sao paulo
-22.523736780962032,-44.18587635574729,Bulk-Buyer,barra mansa
-22.89427492911236,-43.120283203407965,Bulk-Buyer,niteroi
-23.70785448456366,-46.556180165898496,Bulk-Buyer,sao bernardo do campo
-23.59148162142938,-46.720587494445745,Bulk-Buyer,sao paulo
-22.36989565390383,-47.36265300000001,Bulk-Buyer,araras
-23.5510656877807,-46.91473581506333,Bulk-Buyer,itapevi
-18.960626425032004,-46.99281595380266,Bulk-Buyer,patrocinio
-10.953121535951231,-37.07137233919993,Bulk-Buyer,aracaju
-22.92541928296553,-43.232072863400354,Bulk-Buyer,rio de janeiro
-22.87813544936224,-43.42601681885324,Bulk-Buyer,rio de janeiro
-23.528691,-46.76564239159804,Bulk-Buyer,osasco
-8.270306173177984,-35.974869890635134,Bulk-Buyer,caruaru
-23.527214475445724,-46.7315398082117,Bulk-Buyer,sao paulo
-23.43450089235793,-46.52520261795259,Bulk-Buyer,guarulhos
-27.607423868732678,-48.5936448106241,Bulk-Buyer,florianopolis
-23.44564326340232,-46.58667151803339,Bulk-Buyer,sao paulo
-23.464964013224613,-46.88075290768879,Bulk-Buyer,santana de parnaiba
-22.86133078663342,-48.44175110407413,Bulk-Buyer,botucatu
-7.989405615028411,-38.28810670054775,Bulk-Buyer,serra talhada
-19.760453851069386,-42.07633240711027,Bulk-Buyer,piedade de caratinga
-23.594421562582976,-46.57222007369148,Bulk-Buyer,sao paulo
-21.206442743128537,-50.466135164031385,Bulk-Buyer,aracatuba
-23.565145794279665,-46.537832223772284,Bulk-Buyer,sao paulo
-23.9552663782965,-46.33825949705917,Bulk-Buyer,santos
-22.65655265720332,-43.04169557066254,Bulk-Buyer,mage
-23.59516667882669,-46.65939695004039,Bulk-Buyer,sao paulo
-9.657605490640876,-35.70414440178576,Bulk-Buyer,maceio
-23.72650754342439,-46.57996607380704,Bulk-Buyer,sao bernardo do campo
-23.49189491395926,-46.54629394463038,Bulk-Buyer,guarulhos
-18.914610478215685,-48.19068677031267,Bulk-Buyer,uberlandia
-21.27943778454704,-49.40941619971977,Bulk-Buyer,irapua
-19.75768482345129,-47.93090132751451,Bulk-Buyer,uberaba
-22.97979454731953,-49.860314911045066,Bulk-Buyer,ourinhos
-14.313360067559042,-49.152861129106086,Bulk-Buyer,campinorte
-22.870421822638413,-43.34239072828781,Bulk-Buyer,rio de janeiro
-23.968041517066787,-46.305236791707486,Bulk-Buyer,santos
-30.111994456561273,-51.246301850409665,Bulk-Buyer,porto alegre
-25.406795584024778,-49.25942853605031,Bulk-Buyer,curitiba
-26.790714198403236,-48.63372228909931,Bulk-Buyer,penha
-15.715299999999957,-48.26347204399997,Bulk-Buyer,aguas lindas de goias
-23.54361420483005,-46.68766584999129,Bulk-Buyer,sao paulo
-23.645438424086816,-46.52022905966877,Bulk-Buyer,santo andre
-23.526094568959618,-46.6757904657222,Bulk-Buyer,sao paulo
-23.335410622054336,-46.8304366965758,Bulk-Buyer,cajamar
-23.626458,-46.463922,Bulk-Buyer,sao paulo
-23.486165301424297,-46.61410660283337,Bulk-Buyer,sao paulo
-26.22580808081601,-52.67412588626672,Bulk-Buyer,pato branco
-23.51763116858942,-46.45973057216227,Bulk-Buyer,sao paulo
-29.131012996281413,-56.55329060394041,Bulk-Buyer,itaqui
-23.54561360866176,-46.6571419730798,Bulk-Buyer,sao paulo
-22.826413437605595,-43.053180037616045,Bulk-Buyer,sao goncalo
-23.30395324646543,-45.96258897068984,Bulk-Buyer,jacarei
-5.848012519014349,-35.24228964674826,Bulk-Buyer,natal
-22.33506570635925,-47.38206561948476,Bulk-Buyer,araras
-21.79590968708376,-43.348087912444356,Bulk-Buyer,juiz de fora
-19.629852923974376,-43.22384359497725,Bulk-Buyer,itabira
-23.54361066874891,-46.42699216299266,Bulk-Buyer,sao paulo
-22.984120204830045,-43.20837199952438,Bulk-Buyer,rio de janeiro
-25.094231884269107,-50.160896859396686,Bulk-Buyer,ponta grossa
-22.80665497328469,-45.19282695136803,Bulk-Buyer,guaratingueta
-22.7772508740944,-43.43592281898102,Bulk-Buyer,mesquita
-23.69435956040603,-46.523333577785976,Bulk-Buyer,santo andre
-23.591121621703508,-46.60669181126804,Bulk-Buyer,sao paulo
-23.45656494754457,-46.70076466916728,Bulk-Buyer,sao paulo
-20.026829505872037,-40.74280786938749,Bulk-Buyer,santa maria de jetiba
-23.077215739513687,-52.468096546229056,Bulk-Buyer,paranavai
-25.86728583631325,-50.38536447183937,Bulk-Buyer,sao mateus do sul
-22.96437525339033,-43.21631140723638,Bulk-Buyer,rio de janeiro
-23.514143065690625,-46.71387053941367,Bulk-Buyer,sao paulo
-23.555771764343227,-46.639553016612446,Bulk-Buyer,sao paulo
-23.408354127113526,-46.4554290650788,Bulk-Buyer,guarulhos
-23.50103547792722,-47.51798650996727,Bulk-Buyer,sorocaba
-22.81445142403528,-47.07071336742769,Bulk-Buyer,campinas
-23.502729436580296,-46.42199569191893,Bulk-Buyer,sao paulo
-16.326599015525844,-48.9536402948751,Bulk-Buyer,anapolis
-22.956723203993917,-43.60495639532564,Bulk-Buyer,rio de janeiro
-10.177553519725851,-48.32033421065061,Bulk-Buyer,palmas
-23.52569478573488,-46.70180169223215,Bulk-Buyer,sao paulo
-29.72065489562418,-53.80267145850883,Bulk-Buyer,santa maria
-12.998435077060314,-38.52297111073924,Bulk-Buyer,salvador
-23.20414980599,-45.89810482431184,Bulk-Buyer,sao jose dos campos
-22.93528073550116,-43.18165906085174,Bulk-Buyer,rio de janeiro
-22.91636848208446,-43.69510355886576,Bulk-Buyer,rio de janeiro
-25.365851732303263,-49.18582840154509,Bulk-Buyer,colombo
-25.439692437272786,-49.24536632027295,Bulk-Buyer,curitiba
-26.89048937246811,-49.073038582735435,Bulk-Buyer,blumenau
-23.49470125757394,-46.60712741215593,Bulk-Buyer,sao paulo
-22.89890265243414,-47.23665916349968,Bulk-Buyer,hortolandia
-23.01048058728148,-43.334463714813374,Bulk-Buyer,rio de janeiro
-22.466181774996222,-42.65473933987149,Bulk-Buyer,cachoeiras de macacu
-20.084496634250105,-51.10230003473335,Bulk-Buyer,aparecida do taboado
-23.5827745037509,-46.6204825896474,Bulk-Buyer,sao paulo
-22.38012701861032,-47.56430175480397,Bulk-Buyer,rio claro
-5.838238648352185,-35.21894953205609,Bulk-Buyer,natal
-20.554950968499107,-47.38769088301032,Bulk-Buyer,franca
-22.889148401335888,-43.32770088481736,Bulk-Buyer,rio de janeiro
-19.844965681790654,-43.94046065557728,Bulk-Buyer,belo horizonte
-22.83448266224237,-43.2964392423105,Bulk-Buyer,rio de janeiro
-22.591393983345917,-43.30284914706465,Bulk-Buyer,duque de caxias
-22.906132323071105,-43.21885879808414,Bulk-Buyer,rio de janeiro
-23.528271456575595,-46.81277264501702,Bulk-Buyer,osasco
-5.8806094098508295,-35.21451002267931,Bulk-Buyer,parnamirim
-23.621399040105096,-46.6036482835132,Bulk-Buyer,sao paulo
-23.658239367476444,-46.56640282529279,Bulk-Buyer,sao bernardo do campo
-15.60872169897605,-57.92086327720421,Bulk-Buyer,curvelandia
-22.574181674738654,-47.166457717889685,Bulk-Buyer,artur nogueira
-22.918822238624934,-47.057363661877595,Bulk-Buyer,campinas
-31.75457286326405,-52.341941330702824,Bulk-Buyer,pelotas
-20.25624491956578,-42.03398861864435,Bulk-Buyer,manhuacu
-23.657452634995465,-46.612405838882815,Bulk-Buyer,sao paulo
-23.52713237607479,-46.69617149999999,Bulk-Buyer,sao paulo
-19.731742980556643,-47.9231912514571,Bulk-Buyer,uberaba
-21.549597094674127,-45.73502135869359,Bulk-Buyer,paraguacu
-5.292004300794145,-36.762060545388096,Bulk-Buyer,alto do rodrigues
-16.754775617058538,-43.874533349082476,Bulk-Buyer,montes claros
-19.940673920133687,-44.01920608312653,Bulk-Buyer,belo horizonte
-19.8380295527176,-43.17989781281398,Bulk-Buyer,joao monlevade
-19.929184326374482,-44.11320547867971,Bulk-Buyer,contagem
-23.96611160958031,-46.32897579365818,Bulk-Buyer,santos
-22.507622727039813,-41.93111845636348,Bulk-Buyer,rio das ostras
-23.56114267470719,-46.77778566388714,Bulk-Buyer,osasco
-14.806637736009382,-39.060313269552616,Bulk-Buyer,ilheus
-23.96611160958031,-46.32897579365818,Bulk-Buyer,santos
-20.27612263059031,-40.32674530558595,Bulk-Buyer,vitoria
-21.010243162724723,-42.83848394836745,Bulk-Buyer,visconde do rio branco
-23.435127670552248,-46.517259009507185,Bulk-Buyer,guarulhos
-18.574160963690236,-46.51316490528759,Bulk-Buyer,patos de minas
-23.54175424071731,-46.71901756512136,Bulk-Buyer,sao paulo
-23.48807447760504,-46.35751602664146,Bulk-Buyer,itaquaquecetuba
-27.42147641216773,-48.42632113725541,Bulk-Buyer,florianopolis
-15.662816583156864,-56.13396916780732,Bulk-Buyer,varzea grande
-20.829359182194747,-49.379270257390985,Bulk-Buyer,sao jose do rio preto
-23.72450522592188,-46.69493934677728,Bulk-Buyer,sao paulo
-19.88174280762465,-44.00906911296093,Bulk-Buyer,belo horizonte
-19.762642749927885,-44.14252283552888,Bulk-Buyer,ribeirao das neves
-19.98729548014893,-43.992063869005655,Bulk-Buyer,belo horizonte
-23.48638939689248,-46.71073145184375,Bulk-Buyer,sao paulo
-20.298303175717855,-40.30936202974305,Bulk-Buyer,vitoria
-26.99910110837357,-51.41145578186359,Bulk-Buyer,treze tilias
-22.436878792984327,-43.13974645848293,Bulk-Buyer,petropolis
-24.179855538627187,-46.79049637055164,Bulk-Buyer,itanhaem
-23.650244312827898,-47.5761217787836,Bulk-Buyer,salto de pirapora
-18.9239008462404,-48.25008947100231,Bulk-Buyer,uberlandia
-23.556273212880125,-46.382393978114976,Bulk-Buyer,ferraz de vasconcelos
-20.479527469698198,-49.77650312564299,Bulk-Buyer,cosmorama
-23.498320340608274,-47.501808045516185,Bulk-Buyer,sorocaba
-23.61730623282576,-46.62907259236607,Bulk-Buyer,sao paulo
-20.252532778774647,-43.80286849754644,Bulk-Buyer,itabirito
-19.46970149792253,-42.562507159587966,Bulk-Buyer,ipatinga
-23.480858551070448,-46.723131769778966,Bulk-Buyer,sao paulo
-22.417271242792935,-54.2318204882266,Bulk-Buyer,gloria de dourados
-22.507622727039813,-41.93111845636348,Bulk-Buyer,rio das ostras
-23.6437446307084,-46.75975796382578,Bulk-Buyer,sao paulo
-23.488594654804253,-46.45920586865417,Bulk-Buyer,sao paulo
-23.553907271163933,-46.62908140313922,Bulk-Buyer,sao paulo
-23.57564904599956,-46.80155392181534,Bulk-Buyer,osasco
-20.917668148523294,-49.449962691110834,Bulk-Buyer,bady bassitt
-23.530297044405348,-46.7222793312522,Bulk-Buyer,sao paulo
-22.33506570635925,-47.38206561948476,Bulk-Buyer,araras
-20.934902310601238,-54.963469737652545,Bulk-Buyer,sidrolandia
-23.156299066198635,-47.04923371339494,Bulk-Buyer,itupeva
-19.80240576537453,-40.85599824877698,Bulk-Buyer,itaguacu
-23.47924069386577,-46.62555937795024,Bulk-Buyer,sao paulo
-7.1985094407354575,-39.31943366198981,Bulk-Buyer,juazeiro do norte
-25.447667005378037,-49.05182842818327,Bulk-Buyer,piraquara
-6.519803580142404,-38.41330023559146,Bulk-Buyer,uirauna
-23.45126297415809,-46.68031632820698,Bulk-Buyer,sao paulo
-23.56104831556928,-46.59509146335628,Bulk-Buyer,sao paulo
-23.67174256969234,-46.43021965194192,Bulk-Buyer,maua
-23.59896367055225,-46.735974015955925,Bulk-Buyer,sao paulo
-26.313388752986302,-48.85602003497027,Bulk-Buyer,joinville
-15.794401499999992,-47.93561999999999,Bulk-Buyer,brasilia
-23.47745354954124,-46.65968328420568,Bulk-Buyer,sao paulo
-22.918818206215025,-47.06784794206877,Bulk-Buyer,campinas
-23.54446292977097,-46.56591579892085,Bulk-Buyer,sao paulo
-28.273759010123406,-49.16619644738513,Bulk-Buyer,braco do norte
-24.306217522621033,-46.99171352379555,Bulk-Buyer,peruibe
-16.710609537046928,-49.24181812467197,Bulk-Buyer,goiania
-23.624914227725213,-46.6501955540418,Bulk-Buyer,sao paulo
-22.942726521524516,-43.33383599333488,Bulk-Buyer,rio de janeiro
-23.96003450332996,-46.37232995814135,Bulk-Buyer,sao vicente
-31.76513031457981,-52.325879334074024,Bulk-Buyer,pelotas
-22.93904555398464,-47.0948806120887,Bulk-Buyer,campinas
-6.268004657260526,-35.20886031557196,Bulk-Buyer,goianinha
-23.19740509658665,-45.8889238709389,Bulk-Buyer,sao jose dos campos
-26.322560402446737,-48.82973394754458,Bulk-Buyer,joinville
-15.838541298222948,-48.05311331669846,Bulk-Buyer,brasilia
-23.186380013590007,-46.88651921120668,Bulk-Buyer,jundiai
-22.611795176881117,-46.05759647560996,Bulk-Buyer,cambui
-19.46970149792253,-42.562507159587966,Bulk-Buyer,ipatinga
-23.601594489035723,-46.630412077990655,Bulk-Buyer,sao paulo
-23.619501000000003,-46.67681249999998,Bulk-Buyer,sao paulo
-22.78108963113536,-47.176758956647866,Bulk-Buyer,paulinia
-24.306217522621033,-46.99171352379555,Bulk-Buyer,peruibe
-19.940289517889173,-43.92000973218296,Bulk-Buyer,belo horizonte
-23.528271456575595,-46.81277264501702,Bulk-Buyer,osasco
-23.597860271150555,-46.59939648144286,Bulk-Buyer,sao paulo
-23.63998379003406,-46.71505610462239,Bulk-Buyer,sao paulo
-20.0019394282266,-50.37558054591818,Bulk-Buyer,ouroeste
-18.32521738778909,-53.71047007931891,Bulk-Buyer,alcinopolis
-23.716239876526252,-46.779741816504696,Bulk-Buyer,sao paulo
-29.18931886171497,-54.86751986111217,Bulk-Buyer,santiago
-29.700709289919917,-53.73234115417634,Bulk-Buyer,santa maria
-22.82315308035935,-43.00198608019335,Bulk-Buyer,sao goncalo
-23.68434819011487,-46.76706281848348,Bulk-Buyer,sao paulo
-22.8787704883016,-47.02998962476191,Bulk-Buyer,campinas
-21.770324704218737,-52.11229275,Bulk-Buyer,presidente epitacio
-22.740517490717608,-46.8958585777586,Bulk-Buyer,pedreira
-21.11819394490749,-42.943705743717146,Bulk-Buyer,uba
-23.19878141814114,-49.38206353932333,Bulk-Buyer,piraju
-22.85077682410913,-43.270083990146574,Bulk-Buyer,rio de janeiro
-18.85493044328778,-41.94674978137405,Bulk-Buyer,governador valadares
-23.55768183319866,-46.67439878253224,Bulk-Buyer,sao paulo
-23.55592764706284,-46.36166815555334,Bulk-Buyer,ferraz de vasconcelos
-8.89366338039416,-36.49417129281567,Bulk-Buyer,garanhuns
-19.906328088497496,-43.97059561711588,Bulk-Buyer,belo horizonte
-22.28306850583577,-44.87042902299854,Bulk-Buyer,itamonte
-15.66715392402028,-56.09211032405524,Bulk-Buyer,varzea grande
-26.893226130061613,-49.239770100159475,Bulk-Buyer,indaial
-23.20077849347913,-45.90838825090883,Bulk-Buyer,sao jose dos campos
-23.61728238995326,-46.5965604590571,Bulk-Buyer,sao paulo
-4.482653054337623,-46.854421070909225,Bulk-Buyer,bom jesus das selvas
-23.54828759920475,-46.227118407388105,Bulk-Buyer,mogi das cruzes
-20.850692214321114,-41.10727725000001,Bulk-Buyer,cachoeiro de itapemirim
-20.398121680873132,-49.97325402994742,Bulk-Buyer,votuporanga
-22.65917693976674,-45.855910762319894,Bulk-Buyer,goncalves
-14.2055173523883,-41.67101534752584,Bulk-Buyer,brumado
-23.506049208479613,-46.71737739541604,Bulk-Buyer,sao paulo
-25.471849391397924,-49.54061374914315,Bulk-Buyer,campo largo
-27.57707899362336,-48.5366366740147,Bulk-Buyer,florianopolis
-21.999924303364267,-47.88714090474978,Bulk-Buyer,sao carlos
-23.56813738775153,-46.86475312596206,Bulk-Buyer,carapicuiba
-23.535839005222797,-46.76097421100975,Bulk-Buyer,osasco
-21.271112012256644,-43.17844630062484,Bulk-Buyer,rio pomba
-30.040957613105167,-51.21296971002372,Bulk-Buyer,porto alegre
-30.15916061055097,-51.197648417421725,Bulk-Buyer,porto alegre
-20.904888960312192,-51.382706228143576,Bulk-Buyer,andradina
-26.219151390625395,-52.66677147637772,Bulk-Buyer,pato branco
-23.554264840412014,-46.640592583242125,Bulk-Buyer,sao paulo
-24.860543130075577,-54.33545250008981,Bulk-Buyer,santa helena
-21.58582787262547,-45.43880902824687,Bulk-Buyer,varginha
-22.77784960941257,-43.40250909953689,Bulk-Buyer,mesquita
-22.95640160921003,-43.19436326643208,Bulk-Buyer,rio de janeiro
-23.579240742105014,-46.55755933262392,Bulk-Buyer,sao paulo
-21.429031196061736,-45.94694713946253,Bulk-Buyer,alfenas
-23.59342860727678,-46.68575510560334,Bulk-Buyer,sao paulo
-8.073046456182583,-34.994051789580816,Bulk-Buyer,jaboatao dos guararapes
-23.474888099082467,-46.68013230544173,Bulk-Buyer,sao paulo
-23.47260965306711,-46.69670125867047,Bulk-Buyer,sao paulo
-23.439417904524205,-47.46771412254022,Bulk-Buyer,sorocaba
-19.940673920133687,-44.01920608312653,Bulk-Buyer,belo horizonte
-23.5169505,-46.75356000000001,Bulk-Buyer,sao paulo
-12.991832706633389,-38.45284250734317,Bulk-Buyer,salvador
-16.728164999999933,-49.208647499999984,Bulk-Buyer,goiania
-23.56988230054742,-46.566431124761934,Bulk-Buyer,sao paulo
-22.636016818226437,-43.02534331618508,Bulk-Buyer,mage
-8.912359538758729,-35.7237523678724,Bulk-Buyer,colonia leopoldina
-23.28069898465243,-46.753894847759874,Bulk-Buyer,francisco morato
-23.53874524042914,-46.19140770032851,Bulk-Buyer,mogi das cruzes
-14.056283170288877,-52.16181500350606,Bulk-Buyer,agua boa
-23.98479796586644,-46.300849044480685,Bulk-Buyer,santos
-23.6198447460794,-45.400765882380654,Bulk-Buyer,caraguatatuba
-20.442435025246763,-54.65519105813958,Bulk-Buyer,campo grande
-17.741854541742683,-46.17642834624476,Bulk-Buyer,joao pinheiro
-23.526617178330397,-46.82301702701104,Bulk-Buyer,carapicuiba
-23.58474495679707,-46.58430283693359,Bulk-Buyer,sao paulo
-23.53194196947312,-46.58144783458363,Bulk-Buyer,sao paulo
-22.65504389199998,-43.27248049999997,Bulk-Buyer,duque de caxias
-7.903172180539447,-36.04877204751547,Bulk-Buyer,taquaritinga do norte
-27.59651850814751,-48.610147304148356,Bulk-Buyer,sao jose
-6.7521594588432094,-51.078762,Bulk-Buyer,ourilandia do norte
-25.51749022370017,-49.24106513500504,Bulk-Buyer,curitiba
-23.578090951987967,-46.58834868460416,Bulk-Buyer,sao paulo
-21.625096478502417,-48.3494965705225,Bulk-Buyer,matao
-18.03399211744409,-41.67729995613481,Bulk-Buyer,itambacuri
-23.04260417553177,-47.37178514210533,Bulk-Buyer,elias fausto
-22.897514536211027,-43.184015450040405,Bulk-Buyer,rio de janeiro
-22.90600354640406,-43.10546782889948,Bulk-Buyer,niteroi
-23.539690634196997,-46.6462616555486,Bulk-Buyer,sao paulo
-23.758929481404014,-46.60012438270614,Bulk-Buyer,sao bernardo do campo
-19.91382055842804,-43.96041526152686,Bulk-Buyer,belo horizonte
-20.422767933483087,-49.971725710857996,Bulk-Buyer,votuporanga
-23.35543505863184,-47.82274418060707,Bulk-Buyer,tatui
-6.343654697932321,-37.74648684780528,Bulk-Buyer,catole do rocha
-22.90316625284208,-43.10713068500763,Bulk-Buyer,niteroi
-22.84867929304844,-43.25642816139132,Bulk-Buyer,rio de janeiro
-6.025444000746216,-37.98790589616509,Bulk-Buyer,portalegre
-21.11819394490749,-42.943705743717146,Bulk-Buyer,uba
-19.032693216364144,-43.425634802063584,Bulk-Buyer,conceicao do mato dentro
-19.97551649235395,-43.971936358914604,Bulk-Buyer,belo horizonte
-23.550262507213354,-46.71478603692625,Bulk-Buyer,sao paulo
-23.07838578217041,-52.45778248906223,Bulk-Buyer,paranavai
-15.5500905431646,-47.33028068376134,Bulk-Buyer,formosa
-23.62740729531417,-46.73926123120198,Bulk-Buyer,sao paulo
-22.943344137606253,-47.07891662170351,Bulk-Buyer,campinas
-21.258651614764283,-47.81394639862495,Bulk-Buyer,bonfim paulista
-22.59110169212468,-46.52629570814344,Bulk-Buyer,socorro
-22.734658511669025,-43.47722057036548,Bulk-Buyer,nova iguacu
-18.873822670519623,-41.972537027282655,Bulk-Buyer,governador valadares
-30.513505852060874,-53.49008110237234,Bulk-Buyer,cacapava do sul
-22.814348940331204,-43.20267075284208,Bulk-Buyer,rio de janeiro
-23.156299066198635,-47.04923371339494,Bulk-Buyer,itupeva
-23.680375868168944,-46.64846064002537,Bulk-Buyer,sao paulo
-23.657452634995465,-46.612405838882815,Bulk-Buyer,sao paulo
-26.779777308618385,-49.36550744980381,Bulk-Buyer,benedito novo
-21.876176339641987,-51.84472775967921,Bulk-Buyer,presidente venceslau
-22.762075117952588,-47.6279050700848,Bulk-Buyer,piracicaba
-23.56114267470719,-46.77778566388714,Bulk-Buyer,osasco
-20.245931545279472,-42.89746258976762,Bulk-Buyer,rio doce
-3.771628291202318,-38.55710838106051,Bulk-Buyer,fortaleza
-23.030236661503555,-45.59165958078147,Bulk-Buyer,taubate
-21.30522569193254,-46.71333059214322,Bulk-Buyer,guaxupe
-21.680280267709847,-45.92160843709808,Bulk-Buyer,machado
-20.09103088290889,-45.29043321794628,Bulk-Buyer,santo antonio do monte
-17.045780895299654,-50.14789944775264,Bulk-Buyer,jandaia
-22.919878227018398,-43.21553184638462,Bulk-Buyer,rio de janeiro
-22.922355824860112,-43.24398668180498,Bulk-Buyer,rio de janeiro
-23.645178399315803,-46.7076332880898,Bulk-Buyer,sao paulo
-22.764672985804573,-43.42057626055512,Bulk-Buyer,nova iguacu
-23.136282,-45.72167624999999,Bulk-Buyer,cacapava
-20.342467507877814,-40.28566821952616,Bulk-Buyer,vila velha
-22.961017550926208,-43.21522898932418,Bulk-Buyer,rio de janeiro
-24.453407512521622,-54.16408974776349,Bulk-Buyer,mercedes
-23.59256254912288,-46.62530502331353,Bulk-Buyer,sao paulo
-22.00677102222562,-47.87163111073924,Bulk-Buyer,sao carlos
-22.468748867332224,-44.45044052830518,Bulk-Buyer,resende
-22.761630009255462,-43.48837584173781,Bulk-Buyer,nova iguacu
-8.28606907206765,-35.970872835421964,Bulk-Buyer,caruaru
-22.539577740911184,-44.07047839148248,Bulk-Buyer,volta redonda
-22.38244032638749,-46.947605466481896,Bulk-Buyer,mogi-guacu
-26.48402876894224,-49.098645800543906,Bulk-Buyer,jaragua do sul
-23.44306691199995,-46.70817499999998,Bulk-Buyer,sao paulo
-23.52326624957938,-46.194662263967,Bulk-Buyer,mogi das cruzes
-23.39319400203128,-51.41858668061829,Bulk-Buyer,arapongas
-22.90600354640406,-43.10546782889948,Bulk-Buyer,niteroi
-29.905231919829404,-51.07023971662365,Bulk-Buyer,cachoeirinha
-16.69494644451846,-49.27709414677224,Bulk-Buyer,goiania
-29.938780909771495,-51.71786001844873,Bulk-Buyer,triunfo
-26.907299926452744,-49.099065061746266,Bulk-Buyer,blumenau
-20.72736899345714,-42.280216908647645,Bulk-Buyer,fervedouro
-27.079432218875073,-52.62985041143316,Bulk-Buyer,chapeco
-22.9961882714524,-43.25844145073268,Bulk-Buyer,rio de janeiro
-22.386065124504977,-43.10525359733829,Bulk-Buyer,petropolis
-23.54785986816893,-46.658684483755614,Bulk-Buyer,sao paulo
-22.924865635924128,-42.8525491691742,Bulk-Buyer,marica
-22.95459806717061,-43.17731169269164,Bulk-Buyer,rio de janeiro
-22.81445142403528,-47.07071336742769,Bulk-Buyer,campinas
-22.43767152117306,-46.82978827787511,Bulk-Buyer,itapira
-17.342303063567126,-44.93370877307213,Bulk-Buyer,pirapora
-15.754466133306952,-47.881082250000006,Bulk-Buyer,brasilia
-23.47875552248587,-46.72301714862372,Bulk-Buyer,sao paulo
-23.477742047319534,-46.651629287191994,Bulk-Buyer,sao paulo
-23.532052383938815,-46.47661155008949,Bulk-Buyer,sao paulo
-22.922738625147183,-42.88789487860715,Bulk-Buyer,marica
-23.564759877604,-46.635579188729885,Bulk-Buyer,sao paulo
-30.028312561746255,-51.18882961547109,Bulk-Buyer,porto alegre
-30.029218072162266,-51.20302983609852,Bulk-Buyer,porto alegre
-23.656342642475988,-52.60977281399602,Bulk-Buyer,cianorte
-8.117923820416719,-35.097260008050085,Bulk-Buyer,moreno
-7.103066814876796,-34.85380449256186,Bulk-Buyer,joao pessoa
-26.33963554380196,-49.90758634852748,Bulk-Buyer,itaiopolis
-23.72720451154119,-46.55985059750278,Bulk-Buyer,sao bernardo do campo
-11.503451853032374,-54.87503814637198,Bulk-Buyer,claudia
-22.505694901916865,-44.08955630755467,Bulk-Buyer,volta redonda
-22.91154216180968,-47.07547752994448,Bulk-Buyer,campinas
-23.522871478215684,-46.7027556905266,Bulk-Buyer,sao paulo
-23.44182118385888,-51.927242053937,Bulk-Buyer,maringa
-23.398125134471115,-46.437990399042064,Bulk-Buyer,guarulhos
-22.33526676300697,-46.94970543686336,Bulk-Buyer,mogi-guacu
-9.953949068166207,-67.85151076599993,Bulk-Buyer,rio branco
-28.273759010123406,-49.16619644738513,Bulk-Buyer,braco do norte
-25.37037591171133,-49.075822956597584,Bulk-Buyer,quatro barras
-23.894746463211717,-46.423611084576685,Bulk-Buyer,cubatao
-22.914400672773947,-43.24563020413756,Bulk-Buyer,rio de janeiro
-10.508537399129107,-40.32008016329232,Bulk-Buyer,campo formoso
-22.927911349702853,-43.23215035152053,Bulk-Buyer,rio de janeiro
-23.553932290870787,-46.64978128795658,Bulk-Buyer,sao paulo
-23.689534201223363,-46.76193780030584,Bulk-Buyer,sao paulo
-23.727633532200315,-45.42451876879801,Bulk-Buyer,sao sebastiao
-23.579277873160592,-46.606032729240106,Bulk-Buyer,sao paulo
-30.024385564256416,-51.18147401927414,Bulk-Buyer,porto alegre
-28.85648763439629,-51.28188201464856,Bulk-Buyer,antonio prado
-23.50848482185577,-46.29060608346027,Bulk-Buyer,suzano
-27.290209139974166,-50.57755286955393,Bulk-Buyer,curitibanos
-20.537686764158725,-47.432176672899125,Bulk-Buyer,franca
2.8129965381058715,-60.70111707720853,Bulk-Buyer,boa vista
-17.98981724056601,-46.90471793291344,Bulk-Buyer,vazante
-6.537883186689459,-39.49637123164362,Bulk-Buyer,carius
-29.6822656073322,-53.85224297155058,Bulk-Buyer,santa maria
-23.662683403413354,-46.559027665722,Bulk-Buyer,sao bernardo do campo
-23.6054986239252,-46.83910428065681,Bulk-Buyer,cotia
-21.20817428198398,-50.439614636971626,Bulk-Buyer,aracatuba
-24.179855538627187,-46.79049637055164,Bulk-Buyer,itanhaem
-23.398125134471115,-46.437990399042064,Bulk-Buyer,guarulhos
-23.408533299194993,-46.40339203673558,Bulk-Buyer,guarulhos
-19.828030626317943,-44.14888971317962,Bulk-Buyer,contagem
-12.722597312756836,-38.33126425137248,Bulk-Buyer,camacari
-20.252532778774647,-43.80286849754644,Bulk-Buyer,itabirito
-19.94272166420496,-50.5382881803198,Bulk-Buyer,populina
-22.93904555398464,-47.0948806120887,Bulk-Buyer,campinas
-1.399689882965613,-48.480283235645395,Bulk-Buyer,belem
-23.22754226513965,-46.84432210192777,Bulk-Buyer,varzea paulista
-23.014294742166268,-43.46413167283893,Bulk-Buyer,rio de janeiro
-23.60344231779098,-46.72237317816965,Bulk-Buyer,sao paulo
-4.293983473382651,-47.554234751573055,Bulk-Buyer,dom eliseu
-23.7409648815278,-46.55499681266943,Bulk-Buyer,sao bernardo do campo
-19.94742047100232,-43.946622000000005,Bulk-Buyer,belo horizonte
-19.94742047100232,-43.946622000000005,Bulk-Buyer,belo horizonte
-23.575921313347585,-46.68516203220032,Bulk-Buyer,sao paulo
-23.17965058485729,-46.90576352862229,Bulk-Buyer,jundiai
-23.472557889401585,-47.43485917490944,Bulk-Buyer,sorocaba
-23.406196667638067,-46.32233310279111,Bulk-Buyer,aruja
-23.545780852365983,-46.83847829836412,Bulk-Buyer,carapicuiba
-16.728164999999933,-49.208647499999984,Bulk-Buyer,goiania
-23.604240981678146,-46.693814186508185,Bulk-Buyer,sao paulo
-23.487946511800995,-46.75216519643371,Bulk-Buyer,sao paulo
-22.957250259507173,-43.20047981389583,Bulk-Buyer,rio de janeiro
-23.156299066198635,-47.04923371339494,Bulk-Buyer,itupeva
-16.68830415468728,-49.268024446243125,Bulk-Buyer,goiania
-18.97712364892772,-49.480276559797645,Bulk-Buyer,ituiutaba
-20.53000701432394,-47.411023731252,Bulk-Buyer,franca
-20.10242056472146,-42.45350252809693,Bulk-Buyer,raul soares
-21.930852048164894,-50.49756182976886,Bulk-Buyer,tupa
-22.236989601295058,-54.78560037479206,Bulk-Buyer,dourados
-26.28646547821569,-48.87256331620417,Bulk-Buyer,joinville
-12.286721336453995,-55.29664870547656,Bulk-Buyer,vera
-24.49815873105776,-47.844494347330354,Bulk-Buyer,registro
-24.00920985345376,-46.41937090980433,Bulk-Buyer,praia grande
-12.91605989501449,-38.41999200000001,Bulk-Buyer,salvador
-22.92064250036787,-43.36913945550598,Bulk-Buyer,rio de janeiro
-22.869815753171125,-42.329823876168525,Bulk-Buyer,araruama
-23.010010522621027,-43.31960105704306,Bulk-Buyer,rio de janeiro
-22.967573222733552,-43.19036122807145,Bulk-Buyer,rio de janeiro
-22.78149969138461,-46.59025263142381,Bulk-Buyer,pinhalzinho
-21.403128631351965,-50.47494406044296,Bulk-Buyer,bilac
-7.952516811120946,-36.20365683961683,Bulk-Buyer,santa cruz do capibaribe
-12.931292592979961,-38.49938493053976,Bulk-Buyer,salvador
-18.16781917905284,-42.76691340869475,Bulk-Buyer,frei lagonegro
-21.132255496367456,-42.36636076158465,Bulk-Buyer,muriae
-23.571570021603165,-46.51335015168214,Bulk-Buyer,sao paulo
-23.56183531095864,-46.72746582199959,Bulk-Buyer,sao paulo
-23.515794754371285,-47.45735176076508,Bulk-Buyer,sorocaba
-22.665329308733316,-44.85276587536519,Bulk-Buyer,silveiras
-23.624257693591645,-46.51504239570952,Bulk-Buyer,santo andre
-23.56336681736947,-46.58312135789717,Bulk-Buyer,sao paulo
-19.970868116609125,-43.93993252477061,Bulk-Buyer,belo horizonte
-22.894201085809595,-43.22436132361935,Bulk-Buyer,rio de janeiro
-21.53139691635985,-42.64068767726689,Bulk-Buyer,leopoldina
-22.749167982753818,-43.4288344775117,Bulk-Buyer,nova iguacu
-22.902127847625383,-43.12463807063305,Bulk-Buyer,niteroi
-15.65820877970397,-47.857523178680964,Bulk-Buyer,brasilia
-19.996714686652417,-44.13491787261235,Bulk-Buyer,betim
-20.0696262119937,-44.30525216439034,Bulk-Buyer,igarape
-22.902127847625383,-43.12463807063305,Bulk-Buyer,niteroi
-22.29344505272213,-48.56812850652086,Bulk-Buyer,jau
-22.91408114285877,-43.22386956688216,Bulk-Buyer,rio de janeiro
-26.935604327569276,-48.93871513383137,Bulk-Buyer,gaspar
-23.56601913891452,-46.78701591891262,Bulk-Buyer,osasco
-22.87813544936224,-43.42601681885324,Bulk-Buyer,rio de janeiro
-23.69055262724342,-46.71083250000001,Bulk-Buyer,sao paulo
-22.91167752899767,-43.19814225437128,Bulk-Buyer,rio de janeiro
-23.578989461977965,-48.02129376307742,Bulk-Buyer,itapetininga
-5.676580228529606,-39.19440203164771,Bulk-Buyer,milha
-23.81971569027226,-45.36485252840012,Bulk-Buyer,ilhabela
-22.918606538302836,-43.256743384472216,Bulk-Buyer,rio de janeiro
-22.91154216180968,-47.07547752994448,Bulk-Buyer,campinas
-23.727298829866104,-46.5426312027365,Bulk-Buyer,sao bernardo do campo
-23.44648612142797,-46.412993571364034,Bulk-Buyer,guarulhos
-23.52005353621103,-46.72486946087478,Bulk-Buyer,sao paulo
-6.774876918206049,-39.98784401478098,Bulk-Buyer,antonina do norte
-23.277593536983716,-46.7583268425073,Bulk-Buyer,francisco morato
-23.02450176951644,-46.84456636887421,Bulk-Buyer,itatiba
-19.46633403079394,-45.60104977049797,Bulk-Buyer,dores do indaia
-20.77939641723061,-49.393314368353714,Bulk-Buyer,sao jose do rio preto
-20.829359182194747,-49.379270257390985,Bulk-Buyer,sao jose do rio preto
-22.84401958001996,-47.18833583213561,Bulk-Buyer,sumare
-19.846563799218984,-44.02754145235257,Bulk-Buyer,contagem
-23.88071154548398,-46.41644242338826,Bulk-Buyer,cubatao
-19.81138429808414,-44.01334541296184,Bulk-Buyer,ribeirao das neves
-21.40575900554004,-48.5036568684573,Bulk-Buyer,taquaritinga
-23.65467019706636,-46.73159211253092,Bulk-Buyer,sao paulo
-20.52804807780614,-47.38827901323783,Bulk-Buyer,franca
-23.97221168082404,-46.314586513330205,Bulk-Buyer,santos
-21.48080481674529,-47.00529674464372,Bulk-Buyer,mococa
-22.31298125015008,-41.72221641038342,Bulk-Buyer,macae
-21.490219999999965,-41.10327839542529,Bulk-Buyer,sao francisco de itabapoana
-23.58011336955392,-46.49829718040567,Bulk-Buyer,sao paulo
-20.921972004746983,-42.83358255122555,Bulk-Buyer,sao geraldo
-23.67975053121937,-46.550843307166375,Bulk-Buyer,santo andre
-23.49490464363204,-46.703253313419694,Bulk-Buyer,sao paulo
-23.00318716432015,-45.55886552732611,Bulk-Buyer,taubate
-21.025501448535998,-48.03704675279472,Bulk-Buyer,pontal
-20.781470240806357,-47.09841255003029,Bulk-Buyer,sao tomas de aquino
-23.47865381848347,-46.58874372300767,Bulk-Buyer,sao paulo
-26.079695103182665,-53.052996266304255,Bulk-Buyer,francisco beltrao
-23.594043310577625,-46.67037432001268,Bulk-Buyer,sao paulo
-23.34577710041851,-51.17130676461459,Bulk-Buyer,londrina
-19.761008558237197,-47.92261700652086,Bulk-Buyer,uberaba
-12.952189049112675,-38.40456767638062,Bulk-Buyer,salvador
-23.485482000000005,-46.643816048242265,Bulk-Buyer,sao paulo
-11.008821270686092,-68.74819146362037,Bulk-Buyer,brasileia
-19.947433295314173,-43.928925768249734,Bulk-Buyer,belo horizonte
-19.45930795389748,-44.24801919373313,Bulk-Buyer,sete lagoas
-30.067100056898823,-51.16609047690222,Bulk-Buyer,porto alegre
-19.9492387277593,-44.18412155398462,Bulk-Buyer,betim
-23.9559889780488,-46.38113361864712,Bulk-Buyer,sao vicente
-23.218175126565264,-45.90819425395292,Bulk-Buyer,sao jose dos campos
-23.521612107132555,-46.45173418220901,Bulk-Buyer,sao paulo
-15.71436086441803,-47.88530312064304,Bulk-Buyer,brasilia
-23.4865890753816,-46.89306864040721,Bulk-Buyer,barueri
-1.424274947256112,-48.473887637919226,Bulk-Buyer,belem
-20.540642399429228,-44.63537487047108,Bulk-Buyer,carmopolis de minas
-23.435127670552248,-46.517259009507185,Bulk-Buyer,guarulhos
-23.613795000000003,-46.59133702502042,Bulk-Buyer,sao paulo
-23.203641583674795,-46.87221486532687,Bulk-Buyer,jundiai
-19.857822485620517,-44.03583849811466,Bulk-Buyer,contagem
-23.460435484510118,-46.584478621915466,Bulk-Buyer,sao paulo
-22.75416336358131,-47.347509410352586,Bulk-Buyer,americana
-8.03274050652087,-34.92155369963419,Bulk-Buyer,recife
-18.758456161655783,-50.94622636796692,Bulk-Buyer,cachoeira alta
-23.570695838401225,-51.42935690754975,Bulk-Buyer,apucarana
-23.21666721397665,-46.86029699388317,Bulk-Buyer,jundiai
-19.97551649235395,-43.971936358914604,Bulk-Buyer,belo horizonte
-20.77038376027234,-49.38747113776605,Bulk-Buyer,sao jose do rio preto
-20.09195860059736,-43.96623729763782,Bulk-Buyer,nova lima
-23.135513896252853,-49.054808553069606,Bulk-Buyer,arandu
-29.63760126795937,-51.00682848756556,Bulk-Buyer,sapiranga
-23.484229918795755,-51.79720835040352,Bulk-Buyer,marialva
-25.406238331943577,-49.25329413820771,Bulk-Buyer,curitiba
-20.342467507877814,-40.28566821952616,Bulk-Buyer,vila velha
-23.71627032001268,-46.53725160684408,Bulk-Buyer,sao bernardo do campo
-27.20380723605087,-49.65373282018891,Bulk-Buyer,rio do sul
-20.98706816471372,-47.65557417620856,Bulk-Buyer,brodowski
-20.310550677139673,-40.35198407069083,Bulk-Buyer,vitoria
-23.52428051276761,-46.52994296169716,Bulk-Buyer,sao paulo
-23.71627032001268,-46.53725160684408,Bulk-Buyer,sao bernardo do campo
-16.684184999999946,-49.240859086081485,Bulk-Buyer,goiania
-23.510427444341925,-46.60117949988444,Bulk-Buyer,sao paulo
-24.95227026422471,-53.46660168653684,Bulk-Buyer,cascavel
-19.931520729672776,-43.93375589840736,Bulk-Buyer,belo horizonte
-23.186380013590007,-46.88651921120668,Bulk-Buyer,jundiai
-23.00032259397384,-43.3316464124193,Bulk-Buyer,rio de janeiro
-19.946934214683473,-43.95237299999999,Bulk-Buyer,belo horizonte
-23.685733850901705,-46.56158498222641,Bulk-Buyer,sao bernardo do campo
-23.677339557591324,-46.77201204815625,Bulk-Buyer,sao paulo
-23.41464835527768,-51.94228360784475,Bulk-Buyer,maringa
-22.522864316107068,-46.64756741512481,Bulk-Buyer,lindoia
-22.39021116847478,-47.54999151399537,Bulk-Buyer,rio claro
-30.103638977523197,-51.25245549916327,Bulk-Buyer,porto alegre
-15.605625448782362,-56.04506479552152,Bulk-Buyer,cuiaba
-23.57146358639663,-46.510949028791615,Bulk-Buyer,sao paulo
-25.527475136418683,-49.28805852352398,Bulk-Buyer,curitiba
-23.502558665325736,-46.509970285590654,Bulk-Buyer,sao paulo
-16.05626398741774,-48.00412467903493,Bulk-Buyer,valparaiso de goias
-23.693594297161816,-46.43795035481379,Bulk-Buyer,ribeirao pires
-20.29414246598201,-40.297596816117554,Bulk-Buyer,vitoria
-26.847643015419337,-52.987054241020594,Bulk-Buyer,pinhalzinho
-22.894145203993325,-43.34717450779488,Bulk-Buyer,rio de janeiro
-19.22451979434427,-45.00063407953552,Bulk-Buyer,pompeu
-8.74806526700877,-63.85918024193474,Bulk-Buyer,porto velho
-23.54142641046816,-46.77556079199594,Bulk-Buyer,osasco
-16.375001735487714,-39.58761524556456,Bulk-Buyer,eunapolis
-22.952838782676466,-43.18857414986445,Bulk-Buyer,rio de janeiro
-22.78870358437883,-43.03206127712376,Bulk-Buyer,sao goncalo
-22.817940349921532,-47.24004385158533,Bulk-Buyer,sumare
-22.614609568752904,-43.17393185278834,Bulk-Buyer,mage
-5.522166198874023,-47.487309059746515,Bulk-Buyer,imperatriz
-18.631010623896863,-48.18994090543094,Bulk-Buyer,araguari
-25.051440394396657,-50.17261769248079,Bulk-Buyer,ponta grossa
-28.673542028585658,-49.361140249447985,Bulk-Buyer,criciuma
-22.967573222733552,-43.19036122807145,Bulk-Buyer,rio de janeiro
-21.756492272000656,-43.34013932445608,Bulk-Buyer,juiz de fora
-16.7224226128167,-43.86324095489327,Bulk-Buyer,montes claros
-8.088127951791035,-37.64288462782425,Bulk-Buyer,custodia
-25.411359761036383,-49.27648772952856,Bulk-Buyer,curitiba
-22.423482000000003,-44.30673502146157,Bulk-Buyer,porto real
-23.039112535080964,-45.58112222425052,Bulk-Buyer,taubate
-23.656342642475988,-52.60977281399602,Bulk-Buyer,cianorte
-22.88300855130404,-43.34976905180368,Bulk-Buyer,rio de janeiro
-19.414569548618264,-42.41584571438497,Bulk-Buyer,ipaba
-22.355312427145236,-47.38524196280801,Bulk-Buyer,araras
-20.031993188803344,-50.727482412172,Bulk-Buyer,santa albertina
-28.69227219236889,-49.37198403562716,Bulk-Buyer,criciuma
-23.57146358639663,-46.510949028791615,Bulk-Buyer,sao paulo
-23.74940847644901,-46.79107615445491,Bulk-Buyer,itapecerica da serra
-28.47872374430677,-48.78243520831508,Bulk-Buyer,laguna
-20.374072683597397,-40.30532998337161,Bulk-Buyer,vila velha
-27.102098999999946,-48.62961349999995,Bulk-Buyer,itapema
-25.312615214580084,-49.292967929044536,Bulk-Buyer,almirante tamandare
-23.483867305921667,-46.61969869664368,Bulk-Buyer,sao paulo
-22.729710228761107,-43.383021322110125,Bulk-Buyer,belford roxo
-19.925952958647354,-43.94511432722604,Bulk-Buyer,belo horizonte
-23.587340805153268,-46.79203581141435,Bulk-Buyer,sao paulo
-23.693098243407007,-46.672517029632374,Bulk-Buyer,sao paulo
-25.404808855812814,-49.34650105482136,Bulk-Buyer,curitiba
-25.86728583631325,-50.38536447183937,Bulk-Buyer,sao mateus do sul
-21.38558569053625,-51.573010618817506,Bulk-Buyer,tupi paulista
-22.918606538302836,-43.256743384472216,Bulk-Buyer,rio de janeiro
-22.297529794943134,-44.93729916346488,Bulk-Buyer,itanhandu
-15.845798834786912,-47.97383682690134,Bulk-Buyer,brasilia
-23.623098658773564,-46.79132310990251,Bulk-Buyer,taboao da serra
-27.214762141686712,-49.640232592201016,Bulk-Buyer,rio do sul
-23.76157050513589,-46.67263416388716,Bulk-Buyer,sao paulo
-22.809297520823172,-43.02533695174372,Bulk-Buyer,sao goncalo
-24.010703002741373,-46.4061962395147,Bulk-Buyer,praia grande
-20.47625529045242,-54.650133371794766,Bulk-Buyer,campo grande
-23.21124348136533,-47.52249609927289,Bulk-Buyer,porto feliz
-23.64250107132555,-46.56140417485143,Bulk-Buyer,sao caetano do sul
-24.976536072689957,-53.44503622566207,Bulk-Buyer,cascavel
-19.35089032531405,-47.29559663804816,Bulk-Buyer,perdizes
-23.742470419695472,-46.577834449492144,Bulk-Buyer,sao bernardo do campo
-23.60270549235395,-46.64476282944776,Bulk-Buyer,sao paulo
-23.10247099514172,-47.71298250000001,Bulk-Buyer,tiete
-23.561264556754605,-46.6565542389636,Bulk-Buyer,sao paulo
-23.54731974271452,-46.23516282509048,Bulk-Buyer,mogi das cruzes
-8.045726699694159,-34.90834724999999,Bulk-Buyer,recife
-23.5209535937098,-46.84705979145426,Bulk-Buyer,carapicuiba
-25.695483177625615,-51.65973263131541,Bulk-Buyer,pinhao
-23.45482760199666,-46.45676935206879,Bulk-Buyer,guarulhos
-22.815872853453754,-43.22428740146579,Bulk-Buyer,rio de janeiro
-14.81960123333446,-39.0299974843736,Bulk-Buyer,ilheus
-23.568143647786982,-46.66117892867444,Bulk-Buyer,sao paulo
-19.925952958647354,-43.94511432722604,Bulk-Buyer,belo horizonte
-23.487795917788624,-46.300889771707205,Bulk-Buyer,itaquaquecetuba
-13.402789200822284,-44.19575097996335,Bulk-Buyer,sao felix do coribe
-23.54623202109181,-46.48308666694558,Bulk-Buyer,sao paulo
-23.555998947833032,-46.75842660574758,Bulk-Buyer,sao paulo
-21.141247378190126,-47.9746658634118,Bulk-Buyer,sertaozinho
-23.618209103073223,-46.5705445594859,Bulk-Buyer,sao caetano do sul
-23.579549413266776,-46.760906875526544,Bulk-Buyer,sao paulo
-22.54421223085241,-44.11501629637128,Bulk-Buyer,barra mansa
-22.943344137606253,-47.07891662170351,Bulk-Buyer,campinas
-23.58795312851283,-46.57736332404515,Bulk-Buyer,sao paulo
-23.285339138631286,-47.67122744308,Bulk-Buyer,boituva
-23.62740729531417,-46.73926123120198,Bulk-Buyer,sao paulo
-22.355312427145236,-47.38524196280801,Bulk-Buyer,araras
-23.547397159587977,-46.502572217179306,Bulk-Buyer,sao paulo
-4.542478153235954,-40.71600182937311,Bulk-Buyer,ipueiras
-7.093317077729385,-39.67899770804151,Bulk-Buyer,nova olinda
-19.31467881193368,-46.05001823735698,Bulk-Buyer,sao gotardo
-30.013486701079135,-51.19073788307298,Bulk-Buyer,porto alegre
-30.067100056898823,-51.16609047690222,Bulk-Buyer,porto alegre
-23.50226589550408,-46.69773042903546,Bulk-Buyer,sao paulo
-25.442791128284213,-49.276760102140905,Bulk-Buyer,curitiba
-13.002908622456596,-38.52046482106276,Bulk-Buyer,salvador
-29.76675511843083,-51.14646136219634,Bulk-Buyer,sao leopoldo
-20.24795806800733,-40.271542735284825,Bulk-Buyer,vitoria
-22.99707174894662,-43.24256341701778,Bulk-Buyer,rio de janeiro
-27.60033750241225,-48.50631021864472,Bulk-Buyer,florianopolis
-26.04712240654954,-53.05466810926139,Bulk-Buyer,francisco beltrao
-18.914980232586977,-48.27813616348312,Bulk-Buyer,uberlandia
-21.745266985212435,-41.31918962029725,Bulk-Buyer,campos dos goytacazes
-23.81221708129019,-50.14040134826855,Bulk-Buyer,japira
-23.60878343464706,-46.66118566171381,Bulk-Buyer,sao paulo
-23.60964985168592,-46.66277207203489,Bulk-Buyer,sao paulo
-23.966109471002326,-46.342983916995166,Bulk-Buyer,santos
-20.66115628432712,-40.49941656311269,Bulk-Buyer,guarapari
-25.41536880599,-49.2908988090484,Bulk-Buyer,curitiba
-7.115501145241208,-34.85512308090483,Bulk-Buyer,joao pessoa
-23.83394350350837,-46.81523885752993,Bulk-Buyer,embu-guacu
-23.62523291035258,-46.67562467469493,Bulk-Buyer,sao paulo
-20.133631952864427,-44.90227328320033,Bulk-Buyer,divinopolis
-22.933631577298154,-43.37647022788376,Bulk-Buyer,rio de janeiro
-8.357789041981444,-42.252412079480735,Bulk-Buyer,sao joao do piaui
-23.502687742022033,-46.46431842918368,Bulk-Buyer,sao paulo
-23.527477382739896,-46.67602609937092,Bulk-Buyer,sao paulo
-23.29721862753189,-45.95617773772286,Bulk-Buyer,jacarei
-15.40304906434246,-42.30777211075845,Bulk-Buyer,vargem grande do rio pardo
-25.32780120056642,-49.148116776725246,Bulk-Buyer,colombo
-23.57297189117152,-46.79301217659699,Bulk-Buyer,osasco
-19.87874816625308,-43.9310537134284,Bulk-Buyer,belo horizonte
-12.612797045607262,-38.30149629456411,Bulk-Buyer,dias d'avila
-20.53000701432394,-47.411023731252,Bulk-Buyer,franca
-23.546266606440067,-46.74784046863638,Bulk-Buyer,sao paulo
-23.491132514477943,-46.75068032638332,Bulk-Buyer,sao paulo
-9.628213353727885,-35.74076119463038,Bulk-Buyer,maceio
-19.173229195013285,-41.47247462220565,Bulk-Buyer,conselheiro pena
-4.264320591430269,-55.98576923978518,Bulk-Buyer,itaituba
-23.555200641958606,-46.66050841271853,Bulk-Buyer,sao paulo
-23.194530383237616,-46.896837001804485,Bulk-Buyer,jundiai
-8.037919435195315,-34.89972837468979,Bulk-Buyer,recife
-21.976550724657617,-51.65331351431385,Bulk-Buyer,santo anastacio
-16.324776011673574,-43.71188965676209,Bulk-Buyer,capitao eneas
-29.131012996281413,-56.55329060394041,Bulk-Buyer,itaqui
-23.445137635163608,-46.59323281626177,Bulk-Buyer,sao paulo
-30.030201334179605,-51.22766868774895,Bulk-Buyer,porto alegre
-22.0846005,-41.86779799739642,Bulk-Buyer,conceicao de macabu
-19.915545410078458,-43.916183156673796,Bulk-Buyer,belo horizonte
-20.252532778774647,-43.80286849754644,Bulk-Buyer,itabirito
-20.305123624183807,-40.369478501452036,Bulk-Buyer,cariacica
-23.037764311074657,-46.978860300854095,Bulk-Buyer,vinhedo
-23.559990663338887,-46.667473674851415,Bulk-Buyer,sao paulo
-18.16972792951116,-47.94635901554309,Bulk-Buyer,catalao
-30.02388549334374,-51.200045867203016,Bulk-Buyer,porto alegre
-22.893804195996008,-42.03375999999997,Bulk-Buyer,cabo frio
-23.18300381820934,-46.96922804883066,Bulk-Buyer,jundiai
-12.918374957905142,-38.371045510712605,Bulk-Buyer,salvador
-14.2055173523883,-41.67101534752584,Bulk-Buyer,brumado
-20.85730344893213,-41.10644779138196,Bulk-Buyer,cachoeiro de itapemirim
-20.815284251516896,-49.50746551808157,Bulk-Buyer,mirassol
-19.930871148479472,-43.93471710629582,Bulk-Buyer,belo horizonte
-12.841820999999996,-38.47036689513174,Bulk-Buyer,salvador
-24.112989428946435,-49.33153304217702,Bulk-Buyer,itarare
-22.104972987025352,-50.178282023539516,Bulk-Buyer,pompeia
-21.202463469109176,-50.4574561941399,Bulk-Buyer,aracatuba
-22.70974784549507,-43.431107235865014,Bulk-Buyer,nova iguacu
-23.26206608381903,-51.14624200916092,Bulk-Buyer,londrina
-22.84867929304844,-43.25642816139132,Bulk-Buyer,rio de janeiro
-23.610819133596802,-46.7075400074163,Bulk-Buyer,sao paulo
-22.900391576043084,-43.201487564184305,Bulk-Buyer,rio de janeiro
-12.151113500477829,-38.429124166894425,Bulk-Buyer,alagoinhas
-21.19029913483173,-43.974192836964185,Bulk-Buyer,barroso
-3.735473636966949,-38.48243889731577,Bulk-Buyer,fortaleza
-29.83108209421195,-50.520622262972815,Bulk-Buyer,santo antonio da patrulha
-23.61165787122736,-46.69375334984707,Bulk-Buyer,sao paulo
-22.96760967934045,-42.0274215,Bulk-Buyer,arraial do cabo
-23.492479159587976,-46.639056231894486,Bulk-Buyer,sao paulo
-27.566501367924868,-48.62448683786694,Bulk-Buyer,sao jose
-23.661310401047427,-46.42192988382407,Bulk-Buyer,maua
-23.541952776588285,-46.79886992812618,Bulk-Buyer,osasco
-21.750000684430717,-43.36544222745106,Bulk-Buyer,juiz de fora
-19.992208515133537,-44.01636425512896,Bulk-Buyer,belo horizonte
-8.068680262003001,-34.928193738131284,Bulk-Buyer,recife
-25.819017540003703,-48.53977422405385,Bulk-Buyer,matinhos
-22.692848813238403,-43.45846837047127,Bulk-Buyer,nova iguacu
-23.69026354731953,-46.77884987831734,Bulk-Buyer,sao paulo
-29.337366441758217,-49.73646890978941,Bulk-Buyer,torres
-23.656342642475988,-52.60977281399602,Bulk-Buyer,cianorte
-22.288946116642418,-42.53129847072045,Bulk-Buyer,nova friburgo
-23.633015143776277,-46.70689364807545,Bulk-Buyer,sao paulo
-19.870106184913464,-43.91871377032721,Bulk-Buyer,belo horizonte
-26.825784077702185,-49.26999071426511,Bulk-Buyer,timbo
-22.9826818073893,-43.22430948127411,Bulk-Buyer,rio de janeiro
-28.25857565440532,-52.406503307382735,Bulk-Buyer,passo fundo
-22.93655500369961,-42.88783827716344,Bulk-Buyer,marica
-21.133109435887818,-44.26152608819031,Bulk-Buyer,sao joao del rei
-3.116443196314572,-59.996414200386646,Bulk-Buyer,manaus
-21.84566586507617,-46.56275581632215,Bulk-Buyer,pocos de caldas
-20.260231292259995,-40.268254195560345,Bulk-Buyer,vitoria
-27.07954411230609,-52.61562225,Bulk-Buyer,chapeco
-19.872362427086507,-40.87500121675279,Bulk-Buyer,itarana
-25.41673572265192,-49.26880058283808,Bulk-Buyer,curitiba
-21.791334493897494,-48.18274155588276,Bulk-Buyer,araraquara
-22.180398575592847,-49.95672899994832,Bulk-Buyer,marilia
-23.495491646811058,-46.84718581311382,Bulk-Buyer,barueri
-23.519571487645177,-46.59507353094523,Bulk-Buyer,sao paulo
-21.782409239033026,-50.79137335892627,Bulk-Buyer,parapua
-20.65273822962052,-43.797378821429405,Bulk-Buyer,conselheiro lafaiete
-19.813069492842576,-43.1739175118738,Bulk-Buyer,joao monlevade
-29.75452832443038,-50.017691069847736,Bulk-Buyer,capao da canoa
-21.791334493897494,-48.18274155588276,Bulk-Buyer,araraquara
-22.869815753171125,-42.329823876168525,Bulk-Buyer,araruama
-21.989247051174054,-47.92770277178562,Bulk-Buyer,sao carlos
-26.731781999999995,-53.518667424888754,Bulk-Buyer,sao miguel do oeste
-23.521753957390764,-46.57073324793829,Bulk-Buyer,sao paulo
-22.941046165690945,-43.17617823078362,Bulk-Buyer,rio de janeiro
-23.609547884772958,-46.47980673001902,Bulk-Buyer,sao paulo
-23.65788244662666,-46.57016527226045,Bulk-Buyer,sao bernardo do campo
-23.525103133365025,-46.517596219721725,Bulk-Buyer,sao paulo
-23.6198447460794,-45.400765882380654,Bulk-Buyer,caraguatatuba
-23.49026363140068,-46.63322417485143,Bulk-Buyer,sao paulo
-5.883279199078862,-35.211082702941724,Bulk-Buyer,parnamirim
-3.7350770605055024,-38.50027949125743,Bulk-Buyer,fortaleza
-23.57472455453289,-46.605902285734885,Bulk-Buyer,sao paulo
-23.2670288307198,-46.72441393626199,Bulk-Buyer,francisco morato
-22.72941717024144,-47.16973983875547,Bulk-Buyer,paulinia
-22.89221457285476,-47.05538112679289,Bulk-Buyer,campinas
-22.574181674738654,-47.166457717889685,Bulk-Buyer,artur nogueira
-25.573434790304532,-49.40709318134698,Bulk-Buyer,araucaria
-23.576848899945936,-46.623665693534306,Bulk-Buyer,sao paulo
-23.037764311074657,-46.978860300854095,Bulk-Buyer,vinhedo
-19.93624791006412,-43.95773026201734,Bulk-Buyer,belo horizonte
-7.231421210919773,-39.41841992797815,Bulk-Buyer,crato
-7.994484907505029,-34.85928034885568,Bulk-Buyer,olinda
-20.50038767026379,-54.58451356733091,Bulk-Buyer,campo grande
-23.57594343075192,-46.63867868341863,Bulk-Buyer,sao paulo
-23.535391579231398,-46.66753623925207,Bulk-Buyer,sao paulo
-22.911723408275112,-43.18627522693397,Bulk-Buyer,rio de janeiro
-29.99864680777968,-50.147826985388306,Bulk-Buyer,tramandai
-25.425232732442744,-49.1892961563067,Bulk-Buyer,pinhais
-23.498320340608274,-47.501808045516185,Bulk-Buyer,sorocaba
-19.953983389390658,-43.93287034041202,Bulk-Buyer,belo horizonte
-23.44843717635322,-46.60868152553522,Bulk-Buyer,sao paulo
-19.503928571469782,-42.54855180544174,Bulk-Buyer,ipatinga
-21.55594829732844,-45.42238142183088,Bulk-Buyer,varginha
-12.96068584830142,-38.48158003806598,Bulk-Buyer,salvador
-29.378080970566504,-50.874708555254045,Bulk-Buyer,gramado
-22.856885588983584,-43.2631632202377,Bulk-Buyer,rio de janeiro
-6.357789032984386,-39.29682179897089,Bulk-Buyer,iguatu
-15.587485472499448,-56.10734250451941,Bulk-Buyer,cuiaba
-3.876901582798255,-38.620220977188524,Bulk-Buyer,maracanau
-21.20319223140619,-49.29214315577372,Bulk-Buyer,urupes
-15.68761799500826,-40.73975040908559,Bulk-Buyer,mata verde
-18.617615461141405,-46.50673538404529,Bulk-Buyer,patos de minas
-26.229883105621173,-51.08886365150068,Bulk-Buyer,uniao da vitoria
-23.670206634456783,-46.61668249999997,Bulk-Buyer,diadema
-20.027073228628055,-48.93246450185934,Bulk-Buyer,frutal
-23.565483574860437,-46.84254510130874,Bulk-Buyer,carapicuiba
-4.572645932708786,-44.59909288112787,Bulk-Buyer,pedreiras
-23.68979615459632,-46.78495137621901,Bulk-Buyer,sao paulo
-22.78986752622771,-43.17266372299474,Bulk-Buyer,rio de janeiro
-30.030201334179605,-51.22766868774895,Bulk-Buyer,porto alegre
-23.203641583674795,-46.87221486532687,Bulk-Buyer,jundiai
-14.610819689943284,-41.1370342650641,Bulk-Buyer,anage
-21.79651124143253,-50.8792022587087,Bulk-Buyer,osvaldo cruz
-17.342303063567126,-44.93370877307213,Bulk-Buyer,pirapora
-23.57956031334339,-46.64316695421285,Bulk-Buyer,sao paulo
-22.8622029888915,-43.35407126686476,Bulk-Buyer,rio de janeiro
-1.36348899786207,-48.37545212840183,Bulk-Buyer,ananindeua
-22.986114974864595,-43.4561553524591,Bulk-Buyer,rio de janeiro
-23.5677241043626,-46.61119233625707,Bulk-Buyer,sao paulo
-23.572592234507137,-46.64684880586169,Bulk-Buyer,sao paulo
-7.962319078827367,-34.851818124417605,Bulk-Buyer,olinda
-22.9961882714524,-43.25844145073268,Bulk-Buyer,rio de janeiro
-23.005376376350846,-45.53011503621718,Bulk-Buyer,taubate
-23.254550463796555,-45.694161765258556,Bulk-Buyer,jambeiro
-26.935604327569276,-48.93871513383137,Bulk-Buyer,gaspar
-8.03274050652087,-34.92155369963419,Bulk-Buyer,recife
-28.29127509034286,-53.50140090980917,Bulk-Buyer,panambi
-23.607693000000005,-46.75265774999998,Bulk-Buyer,taboao da serra
-23.535839005222797,-46.76097421100975,Bulk-Buyer,osasco
-23.678104522967278,-46.60230578963004,Bulk-Buyer,diadema
-21.788259192047157,-46.565584849600626,Bulk-Buyer,pocos de caldas
-23.5528355903399,-46.65316948972822,Bulk-Buyer,sao paulo
-22.814348940331204,-43.20267075284208,Bulk-Buyer,rio de janeiro
-23.22535998592825,-45.913975816261775,Bulk-Buyer,sao jose dos campos
-23.428553764786308,-46.82672952193262,Bulk-Buyer,santana de parnaiba
-23.72450522592188,-46.69493934677728,Bulk-Buyer,sao paulo
-24.145393018791605,-49.82196537010345,Bulk-Buyer,arapoti
-20.23750661693996,-40.27106778721477,Bulk-Buyer,serra
-4.939452174037927,-37.97332670543816,Bulk-Buyer,russas
-22.574181674738654,-47.166457717889685,Bulk-Buyer,artur nogueira
-23.428044100216525,-51.95907151638488,Bulk-Buyer,maringa
-30.029218072162266,-51.20302983609852,Bulk-Buyer,porto alegre
-23.552058363033048,-46.690092529141914,Bulk-Buyer,sao paulo
-22.984638967251417,-43.19340669830918,Bulk-Buyer,rio de janeiro
-23.95688438718329,-46.32677018694087,Bulk-Buyer,santos
-24.49815873105776,-47.844494347330354,Bulk-Buyer,registro
-26.893226130061613,-49.239770100159475,Bulk-Buyer,indaial
-23.641257992498176,-46.599395134595994,Bulk-Buyer,sao paulo
-23.550246,-46.622536459849165,Bulk-Buyer,sao paulo
-23.653300317228396,-46.81557229759366,Bulk-Buyer,embu das artes
-21.558612549400785,-45.445383520202675,Bulk-Buyer,varginha
-23.39370548478192,-51.424410974802846,Bulk-Buyer,arapongas
-20.470089924781412,-45.96141713422533,Bulk-Buyer,piumhi
-20.047946200290113,-44.262463674959385,Bulk-Buyer,sao joaquim de bicas
-27.59498544240868,-48.54438165070117,Bulk-Buyer,florianopolis
-23.540983825979165,-46.64256855760085,Bulk-Buyer,sao paulo
-21.116139642521198,-48.024579022219,Bulk-Buyer,sertaozinho
-22.807903515407663,-43.19893621357261,Bulk-Buyer,rio de janeiro
-23.96327031444611,-46.25277195075146,Bulk-Buyer,guaruja
-26.47122175783341,-49.09410988715464,Bulk-Buyer,jaragua do sul
-22.25165386074497,-45.93133905475374,Bulk-Buyer,pouso alegre
-23.628909762132903,-46.63567373036528,Bulk-Buyer,sao paulo
-20.29948099526813,-40.295279312809534,Bulk-Buyer,vitoria
-22.938556678817257,-43.06189295407768,Bulk-Buyer,niteroi
-23.61877003052688,-46.77291653788447,Bulk-Buyer,taboao da serra
-27.080648036053038,-53.00522828396128,Bulk-Buyer,sao carlos
-23.663992368861425,-46.5384039775232,Bulk-Buyer,santo andre
-23.50913554249601,-46.44622241035259,Bulk-Buyer,sao paulo
-15.794401499999992,-47.93561999999999,Bulk-Buyer,brasilia
-25.38485852748279,-51.47902048655421,Bulk-Buyer,guarapuava
-29.793505549086312,-51.86255911841741,Bulk-Buyer,taquari
-23.661003174851423,-46.566641060072826,Bulk-Buyer,sao bernardo do campo
-30.030201334179605,-51.22766868774895,Bulk-Buyer,porto alegre
-22.67520371158985,-43.255360174881844,Bulk-Buyer,duque de caxias
-29.706404537705414,-53.71720315182636,Bulk-Buyer,santa maria
-23.53423596276133,-46.68364901664843,Bulk-Buyer,sao paulo
-18.595368562768865,-48.70006983691838,Bulk-Buyer,tupaciguara
-27.680708913122544,-48.50690613087877,Bulk-Buyer,florianopolis
-23.64151681425172,-46.54210469718399,Bulk-Buyer,santo andre
-19.924151122684457,-43.91153207369148,Bulk-Buyer,belo horizonte
-22.98574189148247,-43.231288641410345,Bulk-Buyer,rio de janeiro
-22.014427485140583,-47.9076801448728,Bulk-Buyer,sao carlos
-18.9239008462404,-48.25008947100231,Bulk-Buyer,uberlandia
-22.321867318050785,-49.04627042704694,Bulk-Buyer,bauru
-22.89221457285476,-47.05538112679289,Bulk-Buyer,campinas
-3.086213133427183,-60.01020551636287,Bulk-Buyer,manaus
-22.614051120084035,-46.36205083370973,Bulk-Buyer,munhoz
-25.44705916143232,-49.17742951409481,Bulk-Buyer,pinhais
-29.40959645171018,-54.82812856593894,Bulk-Buyer,nova esperanca do sul
-20.832275800688222,-49.40256817501567,Bulk-Buyer,sao jose do rio preto
-15.592148162196253,-56.0852372782572,Bulk-Buyer,cuiaba
-15.815976328611026,-47.907328086588976,Bulk-Buyer,brasilia
-22.62631471428204,-43.90141215047634,Bulk-Buyer,pirai
-27.585641089814075,-50.36420395294007,Bulk-Buyer,correia pinto
-23.939632951294477,-46.18282139548727,Bulk-Buyer,guaruja
-19.750950170779383,-47.967902651477225,Bulk-Buyer,uberaba
-24.38529996652231,-47.92755828722434,Bulk-Buyer,sete barras
-23.441645336112845,-45.077753319947206,Bulk-Buyer,ubatuba
-22.97261425561204,-43.190423239944565,Bulk-Buyer,rio de janeiro
-15.65820877970397,-47.857523178680964,Bulk-Buyer,brasilia
-23.72650754342439,-46.57996607380704,Bulk-Buyer,sao bernardo do campo
-23.10453286011886,-48.92456450193324,Bulk-Buyer,avare
-23.535391579231398,-46.66753623925207,Bulk-Buyer,sao paulo
-25.469979548156257,-49.306212701915854,Bulk-Buyer,curitiba
-25.41673572265192,-49.26880058283808,Bulk-Buyer,curitiba
-22.489557434009633,-48.5608452682853,Bulk-Buyer,barra bonita
-22.92956749083907,-43.17681133722368,Bulk-Buyer,rio de janeiro
-21.788259192047157,-46.565584849600626,Bulk-Buyer,pocos de caldas
-23.45061806466045,-46.746333427073125,Bulk-Buyer,sao paulo
-23.54875465139367,-46.4392114417162,Bulk-Buyer,sao paulo
-22.964288895954525,-43.402024304605,Bulk-Buyer,rio de janeiro
-26.320998530671112,-48.8157210678631,Bulk-Buyer,joinville
-22.940468488458805,-43.57703776735761,Bulk-Buyer,rio de janeiro
-23.932149549927907,-47.06910713384551,Bulk-Buyer,juquitiba
-22.2835805047368,-42.53537225497943,Bulk-Buyer,nova friburgo
-23.54721463737398,-46.50324897562567,Bulk-Buyer,sao paulo
-22.970894018595992,-43.38784233625709,Bulk-Buyer,rio de janeiro
-23.615041514859417,-46.57163855292867,Bulk-Buyer,sao caetano do sul
-23.52821078782871,-46.35386295920134,Bulk-Buyer,poa
-22.984312987232386,-43.21999298167813,Bulk-Buyer,rio de janeiro
-17.79517280352074,-50.93135623141325,Bulk-Buyer,rio verde
-21.20309099954143,-41.89141172373199,Bulk-Buyer,itaperuna
-22.96437525339033,-43.21631140723638,Bulk-Buyer,rio de janeiro
-23.001664514859417,-43.40383953802869,Bulk-Buyer,rio de janeiro
-23.00318716432015,-45.55886552732611,Bulk-Buyer,taubate
-23.243923986336238,-45.88750177901217,Bulk-Buyer,sao jose dos campos
-23.435049027756925,-46.400103869005655,Bulk-Buyer,guarulhos
-23.047083359540483,-45.516382361664576,Bulk-Buyer,taubate
-20.764371804469796,-49.403373197419036,Bulk-Buyer,sao jose do rio preto
-20.108316866106662,-43.05751404000867,Bulk-Buyer,alvinopolis
-22.489557434009633,-48.5608452682853,Bulk-Buyer,barra bonita
-23.327617077933787,-51.22440199506264,Bulk-Buyer,londrina
-23.549487057158625,-47.46168978827011,Bulk-Buyer,votorantim
-25.469979548156257,-49.306212701915854,Bulk-Buyer,curitiba
-15.840391573448764,-48.017797905764944,Bulk-Buyer,brasilia
-28.80057223529704,-49.71750954612176,Bulk-Buyer,morro grande
-20.91775744324502,-44.07414299999999,Bulk-Buyer,lagoa dourada
-22.8961984228604,-43.35568746796124,Bulk-Buyer,rio de janeiro
-24.03377804676809,-52.37626746763636,Bulk-Buyer,campo mourao
-22.957250259507173,-43.20047981389583,Bulk-Buyer,rio de janeiro
-22.984902366639727,-43.22424120122337,Bulk-Buyer,rio de janeiro
-21.1242815973938,-44.24866664599798,Bulk-Buyer,sao joao del rei
-22.970894018595992,-43.38784233625709,Bulk-Buyer,rio de janeiro
-23.322352248071105,-46.58973137816835,Bulk-Buyer,mairipora
-23.605676512767605,-46.659546000000006,Bulk-Buyer,sao paulo
-16.8260826766934,-49.289444931470314,Bulk-Buyer,aparecida de goiania
-19.923338955306185,-43.9480192209302,Bulk-Buyer,belo horizonte
-7.179223923073215,-34.86887804079865,Bulk-Buyer,joao pessoa
-22.944152786057888,-43.03479115358205,Bulk-Buyer,niteroi
-23.030236661503555,-45.59165958078147,Bulk-Buyer,taubate
-17.85839668980789,-41.50907055156256,Bulk-Buyer,teofilo otoni
-21.755614190035484,-48.15879931389357,Bulk-Buyer,araraquara
-14.85089291928732,-40.830332254371285,Bulk-Buyer,vitoria da conquista
-23.580107266720532,-46.58347552706445,Bulk-Buyer,sao paulo
-29.18931886171497,-54.86751986111217,Bulk-Buyer,santiago
-12.710055772110447,-41.830122157825066,Bulk-Buyer,boninal
-16.468072584799973,-54.63185070288171,Bulk-Buyer,rondonopolis
-23.03212227020024,-45.56942252654782,Bulk-Buyer,taubate
-22.949477453257384,-43.18835583888282,Bulk-Buyer,rio de janeiro
-23.968041517066787,-46.305236791707486,Bulk-Buyer,santos
-19.91567272522938,-43.976732227595306,Bulk-Buyer,belo horizonte
-19.94064859533156,-43.99270642884566,Bulk-Buyer,belo horizonte
-23.6212805703204,-47.01055566117187,Bulk-Buyer,vargem grande paulista
-22.7352059141212,-43.450468178245586,Bulk-Buyer,nova iguacu
-23.41679287970404,-52.77325178178859,Bulk-Buyer,rondon
-18.914980232586977,-48.27813616348312,Bulk-Buyer,uberlandia
-18.65158486656263,-48.19241119054979,Bulk-Buyer,araguari
-22.869815753171125,-42.329823876168525,Bulk-Buyer,araruama
-23.575325636966944,-46.64764110061168,Bulk-Buyer,sao paulo
-22.9826818073893,-43.22430948127411,Bulk-Buyer,rio de janeiro
-22.984902366639727,-43.22424120122337,Bulk-Buyer,rio de janeiro
-21.22665535720467,-50.43628367652801,Bulk-Buyer,aracatuba
-28.38881031932184,-53.91661502287606,Bulk-Buyer,ijui
-22.696926809354984,-46.98786249930696,Bulk-Buyer,jaguariuna
-25.45421048994716,-52.91000635199182,Bulk-Buyer,quedas do iguacu
-19.920474241185318,-44.00428264334358,Bulk-Buyer,belo horizonte
-1.3966454480720782,-48.48741902563791,Bulk-Buyer,belem
-21.764199268942235,-43.346325855675445,Bulk-Buyer,juiz de fora
-23.694382444918844,-46.6110036560868,Bulk-Buyer,diadema
-23.55780088675821,-46.76999067236991,Bulk-Buyer,osasco
-23.50132697716146,-46.87414575675412,Bulk-Buyer,barueri
-1.4280537705001086,-48.46444616013624,Bulk-Buyer,belem
-19.977292608128177,-44.01939357517345,Bulk-Buyer,belo horizonte
-23.57241932843741,-46.81889442976561,Bulk-Buyer,carapicuiba
-1.2998814205764289,-48.16014012499999,Bulk-Buyer,santa isabel do para
-23.669919328035405,-46.802391524496485,Bulk-Buyer,embu das artes
-31.764857610739234,-52.33860395288248,Bulk-Buyer,pelotas
-19.839018195669112,-43.9149948738531,Bulk-Buyer,belo horizonte
-23.634063,-46.56286594670784,Bulk-Buyer,sao caetano do sul
-23.07433526119847,-44.958662696600726,Bulk-Buyer,cunha
-20.346217936088813,-46.850844176062644,Bulk-Buyer,delfinopolis
-12.98338898724672,-38.45987947050183,Bulk-Buyer,salvador
-21.710189295025717,-43.43869667998732,Bulk-Buyer,juiz de fora
-21.60420797769884,-48.36489314654624,Bulk-Buyer,matao
-19.839445873578956,-43.985416151061756,Bulk-Buyer,belo horizonte
-18.893222999999992,-48.28989571204341,Bulk-Buyer,uberlandia
-12.694823464879885,-38.32240938473974,Bulk-Buyer,camacari
-25.290070568367298,-49.22478843062761,Bulk-Buyer,colombo
-20.809635857008267,-48.80710917954491,Bulk-Buyer,severinia
-23.48442049209415,-46.72117437010219,Bulk-Buyer,sao paulo
-24.306217522621033,-46.99171352379555,Bulk-Buyer,peruibe
-20.31470069608748,-40.295681193173294,Bulk-Buyer,vitoria
-19.795936050676715,-43.916882291344905,Bulk-Buyer,santa luzia
-22.91154216180968,-47.07547752994448,Bulk-Buyer,campinas
-22.90316625284208,-43.10713068500763,Bulk-Buyer,niteroi
-19.923338955306185,-43.9480192209302,Bulk-Buyer,belo horizonte
-22.89456108964741,-47.062379993857334,Bulk-Buyer,campinas
-22.92167385596392,-43.36033117000399,Bulk-Buyer,rio de janeiro
-21.11819394490749,-42.943705743717146,Bulk-Buyer,uba
-23.295260668789506,-50.07713999340842,Bulk-Buyer,santo antonio da platina
-10.33361416984474,-40.15152490130054,Bulk-Buyer,nucleo residencial pilar
-23.193021300305844,-45.78954174326277,Bulk-Buyer,sao jose dos campos
-16.620811476996337,-54.47379441988548,Bulk-Buyer,pedra preta
-29.69295829087078,-53.82700278573489,Bulk-Buyer,santa maria
-23.54919071579432,-46.64818240521669,Bulk-Buyer,sao paulo
-10.172726999999997,-54.92944250846988,Bulk-Buyer,matupa
-27.627142234371274,-52.2596975267667,Bulk-Buyer,erechim
-24.01364035428057,-48.342247238923875,Bulk-Buyer,capao bonito
-28.717877781147656,-49.35654964817335,Bulk-Buyer,criciuma
-23.56531014516125,-46.752511185815685,Bulk-Buyer,sao paulo
-23.47245438500304,-46.84936849791564,Bulk-Buyer,santana de parnaiba
-23.570667481822365,-46.711637013811334,Bulk-Buyer,sao paulo
-29.692365255495957,-53.811816361435646,Bulk-Buyer,santa maria
-21.69506411550893,-45.257499190163706,Bulk-Buyer,tres coracoes
-23.480616568678517,-46.65801149999999,Bulk-Buyer,sao paulo
-23.69435956040603,-46.523333577785976,Bulk-Buyer,santo andre
-15.625450927531777,-46.42370590672895,Bulk-Buyer,buritis
-23.563294082982303,-46.64348420621503,Bulk-Buyer,sao paulo
-23.640331499999995,-46.69735049999999,Bulk-Buyer,sao paulo
-22.633463550008123,-47.05158214661835,Bulk-Buyer,holambra
-30.014557459893823,-51.14874284110451,Bulk-Buyer,porto alegre
-22.22181514285516,-45.92892116653769,Bulk-Buyer,pouso alegre
-20.19270569926364,-40.233621188602434,Bulk-Buyer,serra
-25.77085055337259,-53.533228313034165,Bulk-Buyer,realeza
-22.98574189148247,-43.231288641410345,Bulk-Buyer,rio de janeiro
-24.952811771056595,-53.42541532731249,Bulk-Buyer,cascavel
-21.690354186350497,-49.74587198014892,Bulk-Buyer,lins
-26.993432999999943,-48.634162435885465,Bulk-Buyer,balneario camboriu
-15.792503453812104,-47.84512683563065,Bulk-Buyer,brasilia
-5.072913656697066,-42.789779192748114,Bulk-Buyer,teresina
-22.901833414103496,-43.18080246058632,Bulk-Buyer,rio de janeiro
-23.551832860118857,-46.48618244171618,Bulk-Buyer,sao paulo
-23.59564955453289,-46.64234378864907,Bulk-Buyer,sao paulo
-30.04915427754058,-51.20163464829179,Bulk-Buyer,porto alegre
-21.999924303364267,-47.88714090474978,Bulk-Buyer,sao carlos
-23.628057657652796,-46.66890683305442,Bulk-Buyer,sao paulo
-22.117806682472157,-45.05460113360568,Bulk-Buyer,sao lourenco
-5.190036147235065,-37.33975388667656,Bulk-Buyer,mossoro
-21.09025773440797,-43.41830706862214,Bulk-Buyer,santa luzia
-23.789683131282796,-45.560348370191335,Bulk-Buyer,sao sebastiao
-24.316571888585685,-47.63511222435076,Bulk-Buyer,juquia
-23.549251053963594,-46.632135517086056,Bulk-Buyer,sao paulo
-23.53970166694557,-46.53183299049282,Bulk-Buyer,sao paulo
-23.565974071325552,-46.64484410309317,Bulk-Buyer,sao paulo
-22.768842390945508,-47.34061147091706,Bulk-Buyer,americana
-22.725538911779402,-47.315300362466544,Bulk-Buyer,americana
-22.949477453257384,-43.18835583888282,Bulk-Buyer,rio de janeiro
-21.36803251989009,-46.52423987024633,Bulk-Buyer,muzambinho
-23.555909891482465,-46.65324841993188,Bulk-Buyer,sao paulo
-23.53178278562272,-46.33532689737445,Bulk-Buyer,poa
-12.926373114029886,-38.439559902544985,Bulk-Buyer,salvador
-22.507622727039813,-41.93111845636348,Bulk-Buyer,rio das ostras
-22.93106051096427,-47.111613736896366,Bulk-Buyer,campinas
-29.717175968713285,-52.429568373086376,Bulk-Buyer,santa cruz do sul
-22.743238334049245,-47.3155351887966,Bulk-Buyer,americana
-23.640331499999995,-46.69735049999999,Bulk-Buyer,sao paulo
-26.498224561198,-49.106232000000006,Bulk-Buyer,jaragua do sul
-21.77408122009684,-48.18062624562872,Bulk-Buyer,araraquara
-29.67745825880729,-51.05918890980452,Bulk-Buyer,campo bom
-23.68698516287448,-46.552552123595405,Bulk-Buyer,sao bernardo do campo
-23.389296708442476,-49.510745022228086,Bulk-Buyer,fartura
-22.97574436886144,-47.127382628757495,Bulk-Buyer,campinas
-22.79185955763493,-42.980089689955776,Bulk-Buyer,sao goncalo
-23.526450404724507,-46.8459747507432,Bulk-Buyer,carapicuiba
-22.70974784549507,-43.431107235865014,Bulk-Buyer,nova iguacu
-29.166609911666264,-51.1797340200537,Bulk-Buyer,caxias do sul
-22.75756675966071,-47.416027840450326,Bulk-Buyer,santa barbara d'oeste
-15.395424173430523,-42.86038949999999,Bulk-Buyer,mato verde
-23.533145287264094,-46.71661485858965,Bulk-Buyer,sao paulo
-21.6736142894858,-49.75706520613485,Bulk-Buyer,lins
-22.78108963113536,-47.176758956647866,Bulk-Buyer,paulinia
-20.804814610345108,-51.67953719317788,Bulk-Buyer,tres lagoas
-15.587485472499448,-56.10734250451941,Bulk-Buyer,cuiaba
-23.556273212880125,-46.382393978114976,Bulk-Buyer,ferraz de vasconcelos
-23.597426126839395,-46.63496154717532,Bulk-Buyer,sao paulo
-24.026457185123206,-46.47784669233656,Bulk-Buyer,praia grande
-16.773017212224374,-49.3460723181286,Bulk-Buyer,aparecida de goiania
-23.5397205,-46.43633556480467,Bulk-Buyer,sao paulo
-23.98479796586644,-46.300849044480685,Bulk-Buyer,santos
-23.02187989307062,-43.46365439966753,Bulk-Buyer,rio de janeiro
-22.982145063413963,-47.10193953710478,Bulk-Buyer,campinas
-22.781609144364303,-47.29447635337095,Bulk-Buyer,nova odessa
-19.877727652086158,-43.995110704830054,Bulk-Buyer,belo horizonte
-23.761966359494547,-46.70736418870526,Bulk-Buyer,sao paulo
-16.66816349999997,-49.235260855741814,Bulk-Buyer,goiania
-19.93697065093891,-43.97550849990613,Bulk-Buyer,belo horizonte
-22.768365198591823,-41.9039568032206,Bulk-Buyer,armacao dos buzios
-7.093317077729385,-39.67899770804151,Bulk-Buyer,nova olinda
-23.678743908783414,-46.50281468519531,Bulk-Buyer,santo andre
-21.791334493897494,-48.18274155588276,Bulk-Buyer,araraquara
-22.93528073550116,-43.18165906085174,Bulk-Buyer,rio de janeiro
-7.16745781265509,-34.85721340361036,Bulk-Buyer,joao pessoa
-20.519076442778164,-43.70624063811853,Bulk-Buyer,ouro branco
-22.95459806717061,-43.17731169269164,Bulk-Buyer,rio de janeiro
-20.28839600731144,-45.54066538803468,Bulk-Buyer,arcos
-23.49480380786534,-46.735467139881145,Bulk-Buyer,sao paulo
-12.92557863786548,-38.506838185169244,Bulk-Buyer,salvador
-21.69506411550893,-45.257499190163706,Bulk-Buyer,tres coracoes
-23.564652963204427,-46.51778432292687,Bulk-Buyer,sao paulo
-22.4115372316683,-42.96648135101439,Bulk-Buyer,teresopolis
-22.986114974864595,-43.4561553524591,Bulk-Buyer,rio de janeiro
-21.185276376000548,-45.05981806218175,Bulk-Buyer,ribeirao vermelho
-21.996077229850343,-49.456480228247415,Bulk-Buyer,pirajui
-19.925930595654158,-43.92704679072655,Bulk-Buyer,belo horizonte
-24.940912499999996,-53.41046295253623,Bulk-Buyer,cascavel
-23.615084598389984,-46.766986071614,Bulk-Buyer,taboao da serra
-30.073399822534427,-51.20902697215613,Bulk-Buyer,porto alegre
-23.70391676910317,-46.566332140061476,Bulk-Buyer,sao bernardo do campo
-23.4835303297362,-46.48645524400917,Bulk-Buyer,sao paulo
-23.604383702536747,-46.596313672813665,Bulk-Buyer,sao paulo
-23.53634523978303,-46.604670459475464,Bulk-Buyer,sao paulo
-23.010010522621027,-43.31960105704306,Bulk-Buyer,rio de janeiro
-20.535126774583134,-49.32157569604032,Bulk-Buyer,nova granada
-9.622801998508574,-35.7338768837065,Bulk-Buyer,maceio
-23.60913161896049,-46.61258745259877,Bulk-Buyer,sao paulo
-21.12853978652728,-42.355531641935514,Bulk-Buyer,muriae
-23.494285082872555,-46.87045613339008,Bulk-Buyer,barueri
-22.551360312684533,-45.778868948597626,Bulk-Buyer,paraisopolis
-22.58204546710693,-47.37624988343239,Bulk-Buyer,limeira
-16.59133956779187,-39.10092480039819,Bulk-Buyer,trancoso
-23.657452634995465,-46.612405838882815,Bulk-Buyer,sao paulo
-28.47872374430677,-48.78243520831508,Bulk-Buyer,laguna
-21.02949913574436,-40.8173252110489,Bulk-Buyer,marataizes
-22.180398575592847,-49.95672899994832,Bulk-Buyer,marilia
-23.47245438500304,-46.84936849791564,Bulk-Buyer,santana de parnaiba
-23.6598992288005,-46.44217136817417,Bulk-Buyer,maua
-23.45368695730606,-46.8821892773317,Bulk-Buyer,santana de parnaiba
-20.443060789779977,-54.608772708231605,Bulk-Buyer,campo grande
-22.91553294448616,-43.40164068762021,Bulk-Buyer,rio de janeiro
-23.498262,-46.629210109008,Bulk-Buyer,sao paulo
-28.94509413071347,-49.4829148105977,Bulk-Buyer,ararangua
-23.585063593220163,-46.76573031099623,Bulk-Buyer,sao paulo
-21.140005637724776,-47.81446950289819,Bulk-Buyer,ribeirao preto
-23.575635922557613,-46.62076735720466,Bulk-Buyer,sao paulo
-23.63074293282939,-46.70644903926945,Bulk-Buyer,sao paulo
-26.9220881675347,-49.06426984096028,Bulk-Buyer,blumenau
-17.223373086135236,-46.87518788782276,Bulk-Buyer,paracatu
-23.5295707260661,-46.665109917017695,Bulk-Buyer,sao paulo
-22.67126597723474,-47.69558614028518,Bulk-Buyer,piracicaba
-20.482572710225732,-54.55340426270982,Bulk-Buyer,campo grande
-23.60162631917597,-46.55363287330484,Bulk-Buyer,sao paulo
-15.624468982185459,-47.64765252997054,Bulk-Buyer,brasilia
-23.5080288545646,-46.75085952386176,Bulk-Buyer,sao paulo
-27.621309493061485,-48.63917934343361,Bulk-Buyer,sao jose
-22.61402477034372,-43.70566429135911,Bulk-Buyer,paracambi
-22.8961984228604,-43.35568746796124,Bulk-Buyer,rio de janeiro
-21.20303590598236,-47.80187851542229,Bulk-Buyer,ribeirao preto
-23.826968878700722,-46.11866655620633,Bulk-Buyer,bertioga
-22.78149969138461,-46.59025263142381,Bulk-Buyer,pinhalzinho
-22.191611364418023,-49.96298504256548,Bulk-Buyer,marilia
-20.46093116515656,-54.61124017353395,Bulk-Buyer,campo grande
-22.914400672773947,-43.24563020413756,Bulk-Buyer,rio de janeiro
-22.85937941003356,-47.03799906805251,Bulk-Buyer,campinas
-25.492601106295837,-49.23659835472503,Bulk-Buyer,curitiba
-23.69073583236193,-46.74466060567546,Bulk-Buyer,sao paulo
-23.70001329225576,-46.76578890452421,Bulk-Buyer,sao paulo
-23.52119957092964,-47.13951957009586,Bulk-Buyer,sao roque
-7.239284976792452,-35.87920789669237,Bulk-Buyer,campina grande
-19.857822485620517,-44.03583849811466,Bulk-Buyer,contagem
-22.936923942837232,-43.02393151551399,Bulk-Buyer,niteroi
-22.413544521173897,-44.25979552602462,Bulk-Buyer,quatis
-15.810787664428949,-48.11947373081528,Bulk-Buyer,brasilia
-22.49016442089259,-44.562961979844616,Bulk-Buyer,itatiaia
-8.285350546610537,-35.98953645822038,Bulk-Buyer,caruaru
-8.26931719900166,-35.965222021726525,Bulk-Buyer,caruaru
-23.54728786526333,-46.45407726810551,Bulk-Buyer,sao paulo
-23.670473877878134,-46.49108185675612,Bulk-Buyer,santo andre
-12.930893902924096,-38.51149725,Bulk-Buyer,salvador
-18.65158486656263,-48.19241119054979,Bulk-Buyer,araguari
-22.895030477006426,-42.045192891502055,Bulk-Buyer,cabo frio
-23.58662111878931,-46.64427165889549,Bulk-Buyer,sao paulo
-24.112863197007357,-46.667482359857104,Bulk-Buyer,mongagua
-16.61658065893476,-48.95859663223406,Bulk-Buyer,bonfinopolis
-19.961046450998765,-43.40998780661888,Bulk-Buyer,santa barbara
-19.785948905899065,-43.90445149999994,Bulk-Buyer,santa luzia
-28.68951102469276,-49.34861512698399,Bulk-Buyer,criciuma
-23.34964017853428,-47.84779569770184,Bulk-Buyer,tatui
-20.952636210070757,-43.80368730508225,Bulk-Buyer,carandai
-24.56875434319465,-51.33937868873653,Bulk-Buyer,candido de abreu
-23.562133920898496,-46.6873404672514,Bulk-Buyer,sao paulo
-15.829825500000004,-47.9273655529311,Bulk-Buyer,brasilia
-3.7150748699828484,-42.55546319093487,Bulk-Buyer,matias olimpio
-23.552072675543908,-46.72204992533828,Bulk-Buyer,sao paulo
-20.284603009435063,-40.29512303471047,Bulk-Buyer,vitoria
-23.522384592979957,-46.6458632305816,Bulk-Buyer,sao paulo
-22.918606538302836,-43.256743384472216,Bulk-Buyer,rio de janeiro
-23.472004872323875,-46.60844051151254,Bulk-Buyer,sao paulo
-23.53294108465575,-46.57803969415423,Bulk-Buyer,sao paulo
-23.678719822325984,-46.73617439938832,Bulk-Buyer,sao paulo
-23.506140161325376,-47.47047479156328,Bulk-Buyer,sorocaba
-22.822193309917086,-47.27062894035096,Bulk-Buyer,sumare
-23.70785448456366,-46.556180165898496,Bulk-Buyer,sao bernardo do campo
-25.429797282820697,-49.26145886594724,Bulk-Buyer,curitiba
-22.95903880735188,-42.982808470971534,Bulk-Buyer,marica
-1.361716564256415,-48.43256870522104,Bulk-Buyer,belem
-22.918818206215025,-47.06784794206877,Bulk-Buyer,campinas
-23.62740729531417,-46.73926123120198,Bulk-Buyer,sao paulo
-23.51572635804139,-46.80061461626018,Bulk-Buyer,osasco
-22.033626236531287,-47.909276889405,Bulk-Buyer,sao carlos
-23.502353609483983,-46.39311521787179,Bulk-Buyer,sao paulo
-28.25857565440532,-52.406503307382735,Bulk-Buyer,passo fundo
-15.608013963500197,-56.12277589963572,Bulk-Buyer,cuiaba
-25.46892998482678,-49.273671882451445,Bulk-Buyer,curitiba
-22.91731807201573,-43.09368761944342,Bulk-Buyer,niteroi
-21.77305317401471,-43.38114378425809,Bulk-Buyer,juiz de fora
-23.561779395363267,-46.47581652435226,Bulk-Buyer,sao paulo
-5.31864578215348,-41.55181132218304,Bulk-Buyer,castelo do piaui
-21.20303590598236,-47.80187851542229,Bulk-Buyer,ribeirao preto
-19.915545410078458,-43.916183156673796,Bulk-Buyer,belo horizonte
-25.431155907508472,-49.28552783051147,Bulk-Buyer,curitiba
-23.553128865237888,-46.30594653457149,Bulk-Buyer,suzano
-22.969262870938902,-43.589817777037304,Bulk-Buyer,rio de janeiro
-21.9725602790242,-46.795694051741215,Bulk-Buyer,sao joao da boa vista
-12.969273501281918,-38.41708366496954,Bulk-Buyer,salvador
-21.704857555540613,-47.4805304364198,Bulk-Buyer,santa rita do passa quatro
-22.9411124891896,-47.04316126672053,Bulk-Buyer,campinas
-21.18877007216227,-47.82868679493715,Bulk-Buyer,ribeirao preto
-20.027073228628055,-48.93246450185934,Bulk-Buyer,frutal
-3.7380498165359057,-38.50256787140024,Bulk-Buyer,fortaleza
-19.824413580412084,-45.904624232507935,Bulk-Buyer,corrego danta
-23.54683572655201,-46.7545319612685,Bulk-Buyer,sao paulo
-23.0142279754765,-46.974054719924986,Bulk-Buyer,vinhedo
-22.27443467638064,-48.55501036164806,Bulk-Buyer,jau
-20.031993188803344,-50.727482412172,Bulk-Buyer,santa albertina
-23.97084358728148,-46.30755936926548,Bulk-Buyer,santos
-22.355312427145236,-47.38524196280801,Bulk-Buyer,araras
-23.98072879294825,-46.204418818483475,Bulk-Buyer,guaruja
-22.558673825093127,-44.9447599729826,Bulk-Buyer,cruzeiro
-22.807903515407663,-43.19893621357261,Bulk-Buyer,rio de janeiro
-12.931292592979961,-38.49938493053976,Bulk-Buyer,salvador
-22.40992251985108,-47.56321483192925,Bulk-Buyer,rio claro
-23.582980613379295,-46.646031378988965,Bulk-Buyer,sao paulo
-23.56709014432454,-46.623143787119865,Bulk-Buyer,sao paulo
-23.532052383938815,-46.47661155008949,Bulk-Buyer,sao paulo
-21.486471927360125,-51.533519507923636,Bulk-Buyer,dracena
-23.572462086588985,-46.61617543505108,Bulk-Buyer,sao paulo
-24.112863197007357,-46.667482359857104,Bulk-Buyer,mongagua
-23.55455495697963,-46.54379610990252,Bulk-Buyer,sao paulo
-19.87874816625308,-43.9310537134284,Bulk-Buyer,belo horizonte
-23.524500635581973,-46.527552226269876,Bulk-Buyer,sao paulo
-19.924139199838383,-43.99023111795261,Bulk-Buyer,belo horizonte
-29.76394184078259,-51.09135040725602,Bulk-Buyer,sao leopoldo
-22.111362492566023,-51.39854839493498,Bulk-Buyer,presidente prudente
-23.57146358639663,-46.510949028791615,Bulk-Buyer,sao paulo
-26.485276026772077,-51.98993370830179,Bulk-Buyer,palmas
-27.81763874503229,-50.33044785134076,Bulk-Buyer,lages
-23.17916027128887,-46.39657987222844,Bulk-Buyer,nazare paulista
-5.757263245628707,-35.27378257443265,Bulk-Buyer,natal
-16.704177885673925,-49.29831649999994,Bulk-Buyer,goiania
-27.635960058702167,-52.27291009294059,Bulk-Buyer,erechim
-10.155794459924604,-67.7344385851842,Bulk-Buyer,senador guiomard
-22.867243686271337,-51.39077784722064,Bulk-Buyer,florestopolis
-23.9552663782965,-46.33825949705917,Bulk-Buyer,santos
-21.156058361648068,-47.785996791563264,Bulk-Buyer,ribeirao preto
-22.74073757204978,-47.376815906482335,Bulk-Buyer,santa barbara d'oeste
-27.023629587602706,-48.64921313036202,Bulk-Buyer,camboriu
-22.98514690619765,-49.882647677174624,Bulk-Buyer,ourinhos
-24.026457185123206,-46.47784669233656,Bulk-Buyer,praia grande
-21.99672021840065,-47.9007557361485,Bulk-Buyer,sao carlos
-22.487594212591244,-44.47683607592378,Bulk-Buyer,resende
-23.62399052207277,-46.566780988891495,Bulk-Buyer,sao caetano do sul
-22.72355577872001,-43.510612356690814,Bulk-Buyer,nova iguacu
-22.644949371172924,-43.26241583228318,Bulk-Buyer,duque de caxias
-22.882376409414437,-43.363361678169646,Bulk-Buyer,rio de janeiro
-23.16618175051456,-47.74609611924849,Bulk-Buyer,cerquilho
-22.70928658782974,-47.66520568122805,Bulk-Buyer,piracicaba
-23.321176978087898,-51.112690863698,Bulk-Buyer,londrina
-29.66890889162752,-51.1749786905994,Bulk-Buyer,estancia velha
-23.578372613379297,-46.58044256383806,Bulk-Buyer,sao paulo
-23.53705271494464,-46.67955799932098,Bulk-Buyer,sao paulo
-22.69515790939998,-46.987014376493164,Bulk-Buyer,jaguariuna
-14.2055173523883,-41.67101534752584,Bulk-Buyer,brumado
-19.91253893978333,-44.07245325000001,Bulk-Buyer,contagem
-23.61164051300845,-46.67751953862745,Bulk-Buyer,sao paulo
-23.68698516287448,-46.552552123595405,Bulk-Buyer,sao bernardo do campo
-13.069834727942652,-55.91917142615319,Bulk-Buyer,lucas do rio verde
-25.54396702400601,-49.154679464395,Bulk-Buyer,sao jose dos pinhais
-22.85584307035569,-46.31960849566988,Bulk-Buyer,extrema
-22.965555865398976,-43.178395799324896,Bulk-Buyer,rio de janeiro
-22.22181514285516,-45.92892116653769,Bulk-Buyer,pouso alegre
-29.673304463020955,-51.15321212387317,Bulk-Buyer,novo hamburgo
-16.30307358709435,-48.93897538296076,Bulk-Buyer,anapolis
-19.752461524990064,-47.9117272958556,Bulk-Buyer,uberaba
-16.726438713451063,-43.87534930197928,Bulk-Buyer,montes claros
-23.89417808787714,-46.42779250557732,Bulk-Buyer,cubatao
-5.883279199078862,-35.211082702941724,Bulk-Buyer,parnamirim
-19.8327396017082,-43.96767670967747,Bulk-Buyer,belo horizonte
-24.010703002741373,-46.4061962395147,Bulk-Buyer,praia grande
-25.39994638870621,-49.24113271149516,Bulk-Buyer,curitiba
-20.808642337297865,-49.347107383801536,Bulk-Buyer,sao jose do rio preto
-22.91731807201573,-43.09368761944342,Bulk-Buyer,niteroi
-13.069834727942652,-55.91917142615319,Bulk-Buyer,lucas do rio verde
-23.530663706921843,-46.72659391479598,Bulk-Buyer,sao paulo
-2.9843130288145714,-47.349825797314494,Bulk-Buyer,paragominas
-23.565974071325552,-46.64484410309317,Bulk-Buyer,sao paulo
-24.49815873105776,-47.844494347330354,Bulk-Buyer,registro
-23.68571324562872,-46.714992188879656,Bulk-Buyer,sao paulo
-23.484744245568784,-46.7347960830412,Bulk-Buyer,sao paulo
-29.892226969737827,-50.26569650087135,Bulk-Buyer,osorio
-22.899227469328885,-47.06648780502337,Bulk-Buyer,campinas
-22.74073757204978,-47.376815906482335,Bulk-Buyer,santa barbara d'oeste
-23.58144166556059,-46.676905669441396,Bulk-Buyer,sao paulo
-19.93624791006412,-43.95773026201734,Bulk-Buyer,belo horizonte
-23.555556314184297,-46.68985712017429,Bulk-Buyer,sao paulo
-23.082742419787646,-47.20348357168519,Bulk-Buyer,indaiatuba
-22.97930244479442,-46.99519549601077,Bulk-Buyer,valinhos
-22.42564094281271,-47.55863966515655,Bulk-Buyer,rio claro
-23.01048058728148,-43.334463714813374,Bulk-Buyer,rio de janeiro
-22.75496149003513,-46.141280270910144,Bulk-Buyer,camanducaia
-22.97574436886144,-47.127382628757495,Bulk-Buyer,campinas
-27.57873107354152,-48.607637973718745,Bulk-Buyer,sao jose
-25.509209924138126,-49.323113580977655,Bulk-Buyer,curitiba
-22.867435499567303,-43.51332827961803,Bulk-Buyer,rio de janeiro
-23.758929481404014,-46.60012438270614,Bulk-Buyer,sao bernardo do campo
-20.808642337297865,-49.347107383801536,Bulk-Buyer,sao jose do rio preto
-22.33864515414364,-49.11128678194573,Bulk-Buyer,bauru
-22.180398575592847,-49.95672899994832,Bulk-Buyer,marilia
-22.882884889814065,-43.092692577414375,Bulk-Buyer,niteroi
-19.970868116609125,-43.93993252477061,Bulk-Buyer,belo horizonte
-22.25165386074497,-45.93133905475374,Bulk-Buyer,pouso alegre
-23.44083092561603,-46.72777564946042,Bulk-Buyer,sao paulo
-15.645413615131886,-56.03209040229925,Bulk-Buyer,cuiaba
-19.521745812644355,-40.70279475,Bulk-Buyer,colatina
-23.69466988144348,-46.56802727934391,Bulk-Buyer,sao bernardo do campo
-15.843053489167191,-48.030175344364245,Bulk-Buyer,brasilia
-22.943344137606253,-47.07891662170351,Bulk-Buyer,campinas
-23.6052583580414,-46.668910957863645,Bulk-Buyer,sao paulo
-4.228985281861967,-44.785772455813486,Bulk-Buyer,bacabal
-22.783496649716405,-43.310403462452776,Bulk-Buyer,duque de caxias
-22.89890265243414,-47.23665916349968,Bulk-Buyer,hortolandia
-5.8331894727598455,-35.2177632343903,Bulk-Buyer,natal
-19.84142470552254,-43.9287782113509,Bulk-Buyer,belo horizonte
-22.8622029888915,-43.35407126686476,Bulk-Buyer,rio de janeiro
-22.015108296094645,-47.89069890764564,Bulk-Buyer,sao carlos
-23.12083935084697,-46.53969264931619,Bulk-Buyer,atibaia
-23.4921643412083,-46.35031920014024,Bulk-Buyer,itaquaquecetuba
-23.266251734744035,-51.1828109807745,Bulk-Buyer,londrina
-25.45864601817763,-49.286236905292554,Bulk-Buyer,curitiba
-20.32255173056015,-48.316795858627,Bulk-Buyer,guaira
-23.52119957092964,-47.13951957009586,Bulk-Buyer,sao roque
-21.20309099954143,-41.89141172373199,Bulk-Buyer,itaperuna
-12.951720454395684,-38.48854832445602,Bulk-Buyer,salvador
-19.926823955594653,-43.93948161991448,Bulk-Buyer,belo horizonte
-22.91769260113128,-43.38826034580772,Bulk-Buyer,rio de janeiro
-22.739726548265764,-52.34634377408081,Bulk-Buyer,santo antonio do caiua
-15.803101755978023,-47.896781904075056,Bulk-Buyer,brasilia
-22.884255334727865,-47.06813275200536,Bulk-Buyer,campinas
-12.702447237624403,-38.32408742238762,Bulk-Buyer,camacari
-23.6212805703204,-47.01055566117187,Bulk-Buyer,vargem grande paulista
-22.6726615045914,-43.260402079711895,Bulk-Buyer,duque de caxias
-20.031060125768164,-49.40526672102189,Bulk-Buyer,paulo de faria
-23.537981977290787,-46.821564366251856,Bulk-Buyer,carapicuiba
-23.5677241043626,-46.61119233625707,Bulk-Buyer,sao paulo
-23.771502000000005,-46.69068476169437,Bulk-Buyer,sao paulo
-22.90507423727126,-43.1771726677823,Bulk-Buyer,rio de janeiro
-23.67764433639499,-46.740778559120535,Bulk-Buyer,sao paulo
-19.629852923974376,-43.22384359497725,Bulk-Buyer,itabira
-26.174076826525173,-53.35964147986709,Bulk-Buyer,salgado filho
0.0335411401319673,-51.07000546471101,Bulk-Buyer,macapa
-23.609357549541244,-46.489552176798995,Bulk-Buyer,sao paulo
-16.071045838825576,-57.682119442927345,Bulk-Buyer,caceres
-27.431134779999688,-48.465089369986615,Bulk-Buyer,florianopolis
-23.98479796586644,-46.300849044480685,Bulk-Buyer,santos
-8.125447274770623,-34.902862133872254,Bulk-Buyer,recife
-25.417494796554926,-49.20573546681872,Bulk-Buyer,curitiba
-16.681571999999996,-49.38163895936506,Bulk-Buyer,goiania
-23.687318259445505,-46.74743884139295,Bulk-Buyer,sao paulo
-23.527214475445724,-46.7315398082117,Bulk-Buyer,sao paulo
-19.8936672120434,-43.90399958797396,Bulk-Buyer,belo horizonte
-19.619071315709977,-44.03957234517303,Bulk-Buyer,pedro leopoldo
-19.831877699784197,-43.95335343627039,Bulk-Buyer,belo horizonte
-23.54842124980368,-46.95757660573868,Bulk-Buyer,itapevi
-23.538072229644374,-46.830656674125485,Bulk-Buyer,carapicuiba
-19.762546992256745,-47.90073767805073,Bulk-Buyer,uberaba
-20.905361488327202,-48.641110232682266,Bulk-Buyer,monte azul paulista
-26.30142445268046,-48.84867079141905,Bulk-Buyer,joinville
-23.00201725264065,-47.01398499375042,Bulk-Buyer,valinhos
-29.715020445417842,-53.817745243407,Bulk-Buyer,santa maria
-22.979479425356224,-43.694505256592976,Bulk-Buyer,rio de janeiro
-23.16618175051456,-47.74609611924849,Bulk-Buyer,cerquilho
-22.695893967179742,-49.43026673949088,Bulk-Buyer,espirito santo do turvo
-8.115392897166615,-34.8970405649489,Bulk-Buyer,recife
-21.20817428198398,-50.439614636971626,Bulk-Buyer,aracatuba
-19.923338955306185,-43.9480192209302,Bulk-Buyer,belo horizonte
-23.69740389953255,-46.619808097149225,Bulk-Buyer,diadema
-22.778847002318685,-45.150047106962674,Bulk-Buyer,guaratingueta
-23.093508970858096,-45.7035398119626,Bulk-Buyer,cacapava
-29.15930948518086,-51.18784630086351,Bulk-Buyer,caxias do sul
-5.072913656697066,-42.789779192748114,Bulk-Buyer,teresina
-23.409685707744245,-46.388688516792655,Bulk-Buyer,guarulhos
-23.60961500291419,-46.44880728422052,Bulk-Buyer,sao paulo
-21.876176339641987,-51.84472775967921,Bulk-Buyer,presidente venceslau
-9.60708972699996,-35.75961672661436,Bulk-Buyer,maceio
-25.47926400312573,-49.30147398127409,Bulk-Buyer,curitiba
-19.947433295314173,-43.928925768249734,Bulk-Buyer,belo horizonte
-19.965074323330903,-43.94845903260437,Bulk-Buyer,belo horizonte
-23.572592234507137,-46.64684880586169,Bulk-Buyer,sao paulo
-22.88624053205609,-43.59715139162669,Bulk-Buyer,rio de janeiro
-30.08878932185342,-51.07070085838724,Bulk-Buyer,viamao
-23.535045041635392,-46.52052953531651,Bulk-Buyer,sao paulo
-22.760356946431425,-47.26803342918343,Bulk-Buyer,americana
-22.50538842615344,-44.09430999999995,Bulk-Buyer,volta redonda
-23.49512310703413,-47.48422303566279,Bulk-Buyer,sorocaba
-22.902127847625383,-43.12463807063305,Bulk-Buyer,niteroi
-19.932443287396424,-44.0525045309138,Bulk-Buyer,contagem
-20.73366157323959,-42.030254249999984,Bulk-Buyer,carangola
-7.224758982648962,-39.32587932878771,Bulk-Buyer,juazeiro do norte
-21.486471927360125,-51.533519507923636,Bulk-Buyer,dracena
-23.51455395920133,-46.50187356223674,Bulk-Buyer,sao paulo
-22.815872853453754,-43.22428740146579,Bulk-Buyer,rio de janeiro
-27.577096791202116,-48.4319211335045,Bulk-Buyer,florianopolis
-23.534514,-46.52324972002136,Bulk-Buyer,sao paulo
-15.917115321275542,-47.9523136781264,Bulk-Buyer,brasilia
-5.072404128818928,-42.755354573205146,Bulk-Buyer,teresina
-14.429003374193966,-54.05227450461726,Bulk-Buyer,paranatinga
-22.556825701497495,-47.42307221908908,Bulk-Buyer,limeira
-23.55531585498297,-46.5943762934965,Bulk-Buyer,sao paulo
-23.540983825979165,-46.64256855760085,Bulk-Buyer,sao paulo
-21.1980758300872,-50.442432304677126,Bulk-Buyer,aracatuba
-14.787775600954138,-39.28408481848348,Bulk-Buyer,itabuna
-23.177439754371285,-45.88572128733621,Bulk-Buyer,sao jose dos campos
-22.79086839133823,-47.08257180544174,Bulk-Buyer,campinas
-23.53640941742172,-46.67218459893824,Bulk-Buyer,sao paulo
-22.897514536211027,-43.184015450040405,Bulk-Buyer,rio de janeiro
-9.648057829447744,-35.705862,Bulk-Buyer,maceio
-12.991832706633389,-38.45284250734317,Bulk-Buyer,salvador
-15.817454799245827,-47.975691694745386,Bulk-Buyer,brasilia
-6.179407005949789,-43.77899615522325,Bulk-Buyer,passagem franca
-16.93789725437648,-40.684514328121836,Bulk-Buyer,santa helena de minas
-23.004214031623405,-43.335593643632045,Bulk-Buyer,rio de janeiro
-22.475834578756455,-46.62192703999664,Bulk-Buyer,aguas de lindoia
-29.16889891571565,-51.51588958880006,Bulk-Buyer,bento goncalves
-22.973308930896152,-47.14153015652956,Bulk-Buyer,campinas
0.0348929573776164,-51.062590688261295,Bulk-Buyer,macapa
-15.587485472499448,-56.10734250451941,Bulk-Buyer,cuiaba
-21.20303590598236,-47.80187851542229,Bulk-Buyer,ribeirao preto
-23.97084358728148,-46.30755936926548,Bulk-Buyer,santos
-15.95509666919713,-44.86196299976521,Bulk-Buyer,sao francisco
-22.524709356459503,-44.1019264782022,Bulk-Buyer,volta redonda
-23.001664514859417,-43.40383953802869,Bulk-Buyer,rio de janeiro
-22.807903515407663,-43.19893621357261,Bulk-Buyer,rio de janeiro
-23.050279947968658,-50.22913672263493,Bulk-Buyer,andira
-22.93904555398464,-47.0948806120887,Bulk-Buyer,campinas
-3.678679654551956,-40.36124250000139,Bulk-Buyer,sobral
-23.38869687003449,-46.32445324340702,Bulk-Buyer,aruja
-22.43252257258269,-47.58034506502102,Bulk-Buyer,rio claro
-30.11816673735381,-51.32783537391998,Bulk-Buyer,guaiba
-22.884770582151553,-43.110580619819686,Bulk-Buyer,niteroi
-22.952838782676466,-43.18857414986445,Bulk-Buyer,rio de janeiro
-23.553932290870787,-46.64978128795658,Bulk-Buyer,sao paulo
-22.149698145529893,-51.1718395743982,Bulk-Buyer,martinopolis
-23.552512067026377,-46.54118827553522,Bulk-Buyer,sao paulo
-27.057758960699346,-49.5221629352333,Bulk-Buyer,ibirama
-22.9854925434244,-43.203275507631716,Bulk-Buyer,rio de janeiro
-22.99474946309597,-43.63461069458693,Bulk-Buyer,rio de janeiro
-21.53928413381573,-42.18554742179934,Bulk-Buyer,santo antonio de padua
-23.53685195752789,-46.56762247403209,Bulk-Buyer,sao paulo
-19.8936672120434,-43.90399958797396,Bulk-Buyer,belo horizonte
-28.848044934370005,-51.891284428635885,Bulk-Buyer,guapore
-20.4100278727316,-42.89642624318659,Bulk-Buyer,ponte nova
-24.179855538627187,-46.79049637055164,Bulk-Buyer,itanhaem
-23.203641583674795,-46.87221486532687,Bulk-Buyer,jundiai
-15.83249161554641,-48.107208189193145,Bulk-Buyer,brasilia
-15.162916110955186,-49.80336922000167,Bulk-Buyer,rubiataba
-20.771488397803996,-49.711937107379796,Bulk-Buyer,monte aprazivel
-24.114341914516,-49.46279890533873,Bulk-Buyer,senges
-29.68936286071428,-53.79863663587218,Bulk-Buyer,santa maria
-19.870106184913464,-43.91871377032721,Bulk-Buyer,belo horizonte
-27.22212700441846,-52.03654371070262,Bulk-Buyer,concordia
-23.70171457660069,-46.51267210796927,Bulk-Buyer,santo andre
-22.95459806717061,-43.17731169269164,Bulk-Buyer,rio de janeiro
-22.475750521784317,-44.04813598043738,Bulk-Buyer,california da barra
-23.57472455453289,-46.605902285734885,Bulk-Buyer,sao paulo
-30.03336443104038,-51.23063954079865,Bulk-Buyer,porto alegre
-2.439879662901709,-54.72446419914522,Bulk-Buyer,santarem
-22.36989565390383,-47.36265300000001,Bulk-Buyer,araras
-1.4280537705001086,-48.46444616013624,Bulk-Buyer,belem
-23.57516623535694,-46.4965872536788,Bulk-Buyer,sao paulo
-25.458103298372595,-49.18571963007069,Bulk-Buyer,pinhais
-1.4549937799064998,-48.47203605785113,Bulk-Buyer,belem
-19.926823955594653,-43.93948161991448,Bulk-Buyer,belo horizonte
-14.056283170288877,-52.16181500350606,Bulk-Buyer,agua boa
-1.424274947256112,-48.473887637919226,Bulk-Buyer,belem
-22.68025946648102,-43.446769067369175,Bulk-Buyer,nova iguacu
-28.675772782591427,-52.16671674491494,Bulk-Buyer,nova alvorada
-15.864074216307769,-48.02626134561307,Bulk-Buyer,brasilia
-23.72504818237841,-46.68784672947616,Bulk-Buyer,sao paulo
-25.38745985141605,-49.2428856313153,Bulk-Buyer,curitiba
-19.974066841797,-43.96426283764207,Bulk-Buyer,belo horizonte
-19.583324241903753,-46.95065470425514,Bulk-Buyer,araxa
-22.437678582947754,-46.82221947230336,Bulk-Buyer,itapira
-20.25624491956578,-42.03398861864435,Bulk-Buyer,manhuacu
-22.034053040584162,-43.20542272862228,Bulk-Buyer,comendador levy gasparian
-28.38881031932184,-53.91661502287606,Bulk-Buyer,ijui
-22.7491117100221,-50.57904104264557,Bulk-Buyer,taruma
-20.36989412978704,-45.66168642036263,Bulk-Buyer,pains
-22.95316063657791,-43.02849945201626,Bulk-Buyer,niteroi
-23.535511752986302,-46.50957080627846,Bulk-Buyer,sao paulo
-23.37156117383028,-47.84778728541338,Bulk-Buyer,tatui
-23.619856449730182,-46.52845844242909,Bulk-Buyer,santo andre
-31.73923301249348,-52.335849232991,Bulk-Buyer,pelotas
-18.79366951138779,-52.62224796721447,Bulk-Buyer,chapadao do sul
-23.54769739716661,-46.519144185117774,Bulk-Buyer,sao paulo
-23.548093596716548,-46.78065511809683,Bulk-Buyer,osasco
-23.460073779488155,-46.551626999999996,Bulk-Buyer,guarulhos
-23.4622595903399,-46.594256181372295,Bulk-Buyer,sao paulo
-22.948779117499278,-46.97797265047076,Bulk-Buyer,valinhos
-21.78831793248392,-43.345360078827376,Bulk-Buyer,juiz de fora
-22.7976030627272,-43.18062329473726,Bulk-Buyer,rio de janeiro
-23.53816275104938,-46.67683522468111,Bulk-Buyer,sao paulo
-8.015644262147237,-34.99132035376192,Bulk-Buyer,camaragibe
-1.4350490220441132,-48.4687608538578,Bulk-Buyer,belem
-23.509840243407016,-46.52173232139765,Bulk-Buyer,sao paulo
-21.258651614764283,-47.81394639862495,Bulk-Buyer,bonfim paulista
-23.602318297665775,-46.54116110150616,Bulk-Buyer,sao paulo
-20.16130630891767,-44.90380827522894,Bulk-Buyer,divinopolis
-23.48799769415712,-46.630488719401,Bulk-Buyer,sao paulo
-19.86769472023773,-43.8992636610182,Bulk-Buyer,belo horizonte
-23.443318353485164,-46.8004274246693,Bulk-Buyer,sao paulo
-21.671814840250825,-42.07760014708587,Bulk-Buyer,itaocara
-23.77255875590049,-46.69475623431819,Bulk-Buyer,sao paulo
-30.33782999040136,-54.32236153049168,Bulk-Buyer,sao gabriel
-23.477183915906842,-47.45104546821802,Bulk-Buyer,sorocaba
-23.498320340608274,-47.501808045516185,Bulk-Buyer,sorocaba
-30.01617894816147,-51.18053316584905,Bulk-Buyer,porto alegre
-22.96149946378896,-47.09071570217449,Bulk-Buyer,campinas
-16.7224226128167,-43.86324095489327,Bulk-Buyer,montes claros
-22.770399908130887,-47.15092318067981,Bulk-Buyer,paulinia
-29.692365255495957,-53.811816361435646,Bulk-Buyer,santa maria
-23.63260424617697,-46.76020040743839,Bulk-Buyer,sao paulo
-9.118185299007378,-37.73112626610862,Bulk-Buyer,mata grande
-26.273417993060768,-48.86004743370364,Bulk-Buyer,joinville
-19.79511612031108,-44.02559700000001,Bulk-Buyer,ribeirao das neves
-1.450322481641738,-48.45993694028527,Bulk-Buyer,belem
-19.924151122684457,-43.91153207369148,Bulk-Buyer,belo horizonte
-22.323580795222504,-42.5478444515302,Bulk-Buyer,nova friburgo
-21.96953993070751,-46.811127320109634,Bulk-Buyer,sao joao da boa vista
-19.92878416430552,-43.91727058979163,Bulk-Buyer,belo horizonte
-23.510414640025367,-47.47755500499165,Bulk-Buyer,sorocaba
-20.342467507877814,-40.28566821952616,Bulk-Buyer,vila velha
-23.59216018483474,-46.65399840550516,Bulk-Buyer,sao paulo
-23.542230926930625,-46.81346159318365,Bulk-Buyer,osasco
-22.91167752899767,-43.19814225437128,Bulk-Buyer,rio de janeiro
-1.4478332105285268,-48.49009678052688,Bulk-Buyer,belem
-22.86819,-43.47809670455591,Bulk-Buyer,rio de janeiro
-23.48142699194992,-46.5533290320561,Bulk-Buyer,guarulhos
-23.195502697537204,-51.915935832171805,Bulk-Buyer,angulo
-23.564107990839066,-46.68417873001902,Bulk-Buyer,sao paulo
-22.93035788314392,-43.24161788510583,Bulk-Buyer,rio de janeiro
-22.38012701861032,-47.56430175480397,Bulk-Buyer,rio claro
-23.71024357117767,-46.40087426896251,Bulk-Buyer,ribeirao pires
-21.19017772938432,-47.76987064730896,Bulk-Buyer,ribeirao preto
-22.725692055254047,-47.65090621510182,Bulk-Buyer,piracicaba
-19.92312879282017,-44.09524980292296,Bulk-Buyer,contagem
-25.48883109296705,-53.60766838492795,Bulk-Buyer,capitao leonidas marques
-20.133631952864427,-44.90227328320033,Bulk-Buyer,divinopolis
-27.057758960699346,-49.5221629352333,Bulk-Buyer,ibirama
-23.67006102752412,-46.754766481822365,Bulk-Buyer,sao paulo
-22.280517751677763,-46.37007419909239,Bulk-Buyer,ouro fino
-23.57375682875526,-46.57628442783772,Bulk-Buyer,sao paulo
-27.589321906197647,-48.52212360618027,Bulk-Buyer,florianopolis
-19.970868116609125,-43.93993252477061,Bulk-Buyer,belo horizonte
-25.624147232734614,-50.6931189865455,Bulk-Buyer,reboucas
-22.909623653615373,-43.17677364461301,Bulk-Buyer,rio de janeiro
-23.472852359700497,-46.64749129087078,Bulk-Buyer,sao paulo
-1.4678821362744565,-48.474985155141965,Bulk-Buyer,belem
-23.558442894252423,-46.58179773723239,Bulk-Buyer,sao paulo
-28.507698984223516,-55.22620569546957,Bulk-Buyer,santo antonio das missoes
-22.941046165690945,-43.17617823078362,Bulk-Buyer,rio de janeiro
-22.456994835811024,-46.97787632016002,Bulk-Buyer,mogi mirim
-23.491463521784304,-46.6288605,Bulk-Buyer,sao paulo
-23.57063228440171,-46.763179119456694,Bulk-Buyer,sao paulo
-3.767510061544243,-38.58621025360466,Bulk-Buyer,fortaleza
-23.606226381099553,-46.68919941534446,Bulk-Buyer,sao paulo
-16.612679999999944,-49.21979217991851,Bulk-Buyer,goiania
-10.203580144705697,-48.32496910635424,Bulk-Buyer,palmas
-23.11980850582838,-47.23840103788447,Bulk-Buyer,indaiatuba
-22.015108296094645,-47.89069890764564,Bulk-Buyer,sao carlos
-22.779537501113545,-43.37077103583885,Bulk-Buyer,sao joao de meriti
-23.58358015598129,-46.60310322924008,Bulk-Buyer,sao paulo
-21.181012061890485,-47.78952007431185,Bulk-Buyer,ribeirao preto
-20.334777364608797,-47.786517466948176,Bulk-Buyer,ituverava
-11.564023831500997,-39.28253613660486,Bulk-Buyer,conceicao do coite
-23.529227724824096,-46.736540859686166,Bulk-Buyer,sao paulo
-23.548027863876406,-46.65885543640624,Bulk-Buyer,sao paulo
-19.661483162936623,-43.21332954744861,Bulk-Buyer,itabira
-25.517268649595792,-49.30060042984307,Bulk-Buyer,curitiba
-23.592408816456533,-46.58212866064204,Bulk-Buyer,sao paulo
-22.916833051618703,-43.21798092630852,Bulk-Buyer,rio de janeiro
-23.637621216486806,-46.73668171051419,Bulk-Buyer,sao paulo
-24.00920985345376,-46.41937090980433,Bulk-Buyer,praia grande
-27.07871557437715,-48.86407108236193,Bulk-Buyer,brusque
-22.639824916884088,-50.396803282759805,Bulk-Buyer,assis
-23.404473932555263,-46.7628010299911,Bulk-Buyer,sao paulo
-23.56070872522937,-46.58536311226845,Bulk-Buyer,sao paulo
-23.53816275104938,-46.67683522468111,Bulk-Buyer,sao paulo
-32.096678369914244,-52.18091251085393,Bulk-Buyer,rio grande
-23.404598507357584,-46.88353302899766,Bulk-Buyer,santana de parnaiba
-13.761234,-41.76946239421303,Bulk-Buyer,dom basilio
-23.19740509658665,-45.8889238709389,Bulk-Buyer,sao jose dos campos
-25.43338725644875,-49.298221241329536,Bulk-Buyer,curitiba
-23.648861064112182,-46.59975205384041,Bulk-Buyer,sao paulo
-29.256268186730658,-51.52913726983239,Bulk-Buyer,garibaldi
-23.48820842894858,-46.394586033931546,Bulk-Buyer,sao paulo
-22.80930209839471,-43.432664477658825,Bulk-Buyer,nilopolis
-23.70785448456366,-46.556180165898496,Bulk-Buyer,sao bernardo do campo
-22.765987535694773,-43.404434940864256,Bulk-Buyer,belford roxo
-16.740979757471482,-43.84815993588782,Bulk-Buyer,montes claros
-23.422858050956947,-51.937545947028106,Bulk-Buyer,maringa
-23.590359753274765,-46.68265079615089,Bulk-Buyer,sao paulo
-20.487433799837,-54.59393614126611,Bulk-Buyer,campo grande
-5.576653230512724,-36.91443221745723,Bulk-Buyer,acu
-23.52961010546156,-46.890230516998166,Bulk-Buyer,barueri
-27.44360724316649,-48.401002393559935,Bulk-Buyer,florianopolis
-24.306217522621033,-46.99171352379555,Bulk-Buyer,peruibe
-22.92541928296553,-43.232072863400354,Bulk-Buyer,rio de janeiro
-19.863121316406,-43.90741456855559,Bulk-Buyer,belo horizonte
-23.612151111575955,-46.46061464709449,Bulk-Buyer,sao paulo
-1.3901238530552105,-48.41317148962709,Bulk-Buyer,ananindeua
-24.96867905661036,-53.410157458941526,Bulk-Buyer,cascavel
-22.92356707409551,-43.21262803260434,Bulk-Buyer,rio de janeiro
-22.919878227018398,-43.21553184638462,Bulk-Buyer,rio de janeiro
-23.40452297668648,-46.46985943297361,Bulk-Buyer,guarulhos
-23.581599883432386,-46.4945299417162,Bulk-Buyer,sao paulo
-9.112818022460145,-37.120121873787234,Bulk-Buyer,aguas belas
-14.52455591563714,-49.14292592039554,Bulk-Buyer,uruacu
-23.243923986336238,-45.88750177901217,Bulk-Buyer,sao jose dos campos
-23.086496272847818,-47.216807769634734,Bulk-Buyer,indaiatuba
-22.8961984228604,-43.35568746796124,Bulk-Buyer,rio de janeiro
-23.717189479369523,-46.55358758458623,Bulk-Buyer,sao bernardo do campo
-16.68943930799406,-49.2728654964384,Bulk-Buyer,goiania
-12.941478138735206,-38.418884550222366,Bulk-Buyer,salvador
-27.102098999999946,-48.62961349999995,Bulk-Buyer,itapema
-23.619856449730182,-46.52845844242909,Bulk-Buyer,santo andre
-23.567512285042397,-46.68692957882737,Bulk-Buyer,sao paulo
-10.953121535951231,-37.07137233919993,Bulk-Buyer,aracaju
-22.93941799056493,-47.0590556692833,Bulk-Buyer,campinas
-22.86657990047305,-43.09822064501702,Bulk-Buyer,niteroi
-25.39393168621084,-49.34352887039064,Bulk-Buyer,curitiba
-30.06074330004604,-51.21585536955391,Bulk-Buyer,porto alegre
-18.717165670764594,-39.85497839593817,Bulk-Buyer,sao mateus
-4.448494309243434,-49.11483200098034,Bulk-Buyer,jacunda
-19.89003978212821,-43.99905876090082,Bulk-Buyer,belo horizonte
-27.399771320303053,-51.226497760529256,Bulk-Buyer,campos novos
-19.970868116609125,-43.93993252477061,Bulk-Buyer,belo horizonte
-23.559614644180314,-46.7556109941716,Bulk-Buyer,sao paulo
-27.416469570556252,-49.60080132989587,Bulk-Buyer,ituporanga
-21.18877007216227,-47.82868679493715,Bulk-Buyer,ribeirao preto
-23.74398649570083,-46.71031943672453,Bulk-Buyer,sao paulo
-19.80023738321712,-41.71471502051792,Bulk-Buyer,ipanema
-26.12368768391795,-49.81014356799168,Bulk-Buyer,mafra
-22.096927874290824,-51.41727820751052,Bulk-Buyer,presidente prudente
-29.109735060662505,-49.63468000483127,Bulk-Buyer,sombrio
-7.100734947620587,-49.941471308252815,Bulk-Buyer,xinguara
-21.79221005394261,-46.55160722559255,Bulk-Buyer,pocos de caldas
-23.954384756775518,-46.28585026591533,Bulk-Buyer,guaruja
-23.57241932843741,-46.81889442976561,Bulk-Buyer,carapicuiba
-21.256797694428947,-48.32085073900775,Bulk-Buyer,jaboticabal
-23.659432129479463,-46.80205033902703,Bulk-Buyer,embu das artes
-12.92557863786548,-38.506838185169244,Bulk-Buyer,salvador
-20.72024570526651,-46.60596530719522,Bulk-Buyer,passos
-23.6552565431646,-46.45389521176537,Bulk-Buyer,maua
-28.02917732203228,-54.35087038660696,Bulk-Buyer,girua
-22.904496094639068,-43.175896816261776,Bulk-Buyer,rio de janeiro
-23.590359753274765,-46.68265079615089,Bulk-Buyer,sao paulo
-23.620788701915853,-46.63059273313522,Bulk-Buyer,sao paulo
-22.884770582151553,-43.110580619819686,Bulk-Buyer,niteroi
-23.17274037016998,-45.815156271856424,Bulk-Buyer,sao jose dos campos
-12.924123841797002,-38.35272918800699,Bulk-Buyer,salvador
-23.582469719400994,-46.5192418946005,Bulk-Buyer,sao paulo
-20.14068469699654,-44.88753081910666,Bulk-Buyer,divinopolis
-23.302661247830148,-45.97283979175633,Bulk-Buyer,jacarei
-23.4909968731606,-46.69465562782034,Bulk-Buyer,sao paulo
-3.737910782433197,-38.61089783562669,Bulk-Buyer,caucaia
-23.525103133365025,-46.517596219721725,Bulk-Buyer,sao paulo
-19.789636114074575,-43.93983120169945,Bulk-Buyer,santa luzia
-23.57088934915458,-46.635522778521526,Bulk-Buyer,sao paulo
-22.967417876348925,-43.70557631230885,Bulk-Buyer,rio de janeiro
-27.62723756226977,-48.66452605586645,Bulk-Buyer,palhoca
-22.5103712387356,-43.17707706348803,Bulk-Buyer,petropolis
-15.874430313645602,-48.00033930006178,Bulk-Buyer,brasilia
-19.813069492842576,-43.1739175118738,Bulk-Buyer,joao monlevade
-10.906809936984333,-37.08120313419698,Bulk-Buyer,aracaju
-4.228985281861967,-44.785772455813486,Bulk-Buyer,bacabal
-22.914400672773947,-43.24563020413756,Bulk-Buyer,rio de janeiro
-23.593806586733223,-46.67685095129546,Bulk-Buyer,sao paulo
-23.571333701915854,-46.63872674688379,Bulk-Buyer,sao paulo
-23.49494106214648,-46.88587201908224,Bulk-Buyer,barueri
-23.559461570994095,-46.90478111014794,Bulk-Buyer,jandira
-12.98338898724672,-38.45987947050183,Bulk-Buyer,salvador
-23.678743908783414,-46.50281468519531,Bulk-Buyer,santo andre
-23.607164503750912,-46.63086556134222,Bulk-Buyer,sao paulo
-22.935304308644387,-43.333493394632,Bulk-Buyer,rio de janeiro
-23.20414980599,-45.89810482431184,Bulk-Buyer,sao jose dos campos
-23.21073334671834,-46.8459750798889,Bulk-Buyer,varzea paulista
-29.985270086206647,-51.17026766166545,Bulk-Buyer,porto alegre
-20.5405194657222,-48.558769593326204,Bulk-Buyer,barretos
-22.471616394758044,-48.9893998844055,Bulk-Buyer,agudos
-4.194122022675083,-40.47854690371138,Bulk-Buyer,varjota
-16.710609537046928,-49.24181812467197,Bulk-Buyer,goiania
-23.52854763911564,-46.310632138200326,Bulk-Buyer,suzano
-19.46970149792253,-42.562507159587966,Bulk-Buyer,ipatinga
-23.737873499999992,-46.57451709960222,Bulk-Buyer,sao bernardo do campo
-23.541661809900702,-46.20489758466003,Bulk-Buyer,mogi das cruzes
-20.526007983763435,-54.64359506344686,Bulk-Buyer,campo grande
-22.869433751413908,-47.21631677739256,Bulk-Buyer,hortolandia
-10.203580144705697,-48.32496910635424,Bulk-Buyer,palmas
-23.666550448322845,-46.68011334152287,Bulk-Buyer,sao paulo
-23.524847039584625,-46.52535706855559,Bulk-Buyer,sao paulo
-23.754961606387248,-46.6971784679439,Bulk-Buyer,sao paulo
-23.5641124118818,-46.6645303395753,Bulk-Buyer,sao paulo
-23.55969513351698,-46.56974506710258,Bulk-Buyer,sao paulo
-18.542542774383232,-53.1308285279212,Bulk-Buyer,costa rica
-22.917591895173675,-47.015055257922846,Bulk-Buyer,campinas
-15.616638730701885,-42.54222653547194,Bulk-Buyer,rio pardo de minas
-28.290591307595008,-54.26918497574633,Bulk-Buyer,santo angelo
-22.984638967251417,-43.19340669830918,Bulk-Buyer,rio de janeiro
-29.572162305031974,-50.7954726762304,Bulk-Buyer,igrejinha
-24.594689827983625,-52.80635788639104,Bulk-Buyer,campina da lagoa
-26.938993543271355,-48.96107937841845,Bulk-Buyer,gaspar
-15.71436086441803,-47.88530312064304,Bulk-Buyer,brasilia
-19.01136597638939,-57.6564281314342,Bulk-Buyer,corumba
-9.584241381309608,-35.738158281003024,Bulk-Buyer,maceio
-23.585836997230032,-46.57063033181369,Bulk-Buyer,sao paulo
-5.643360970563208,-37.258696132500106,Bulk-Buyer,upanema
-27.09814016963105,-52.67252246739596,Bulk-Buyer,chapeco
-21.40575900554004,-48.5036568684573,Bulk-Buyer,taquaritinga
-24.01364035428057,-48.342247238923875,Bulk-Buyer,capao bonito
-22.64029741806572,-43.22283674694011,Bulk-Buyer,duque de caxias
-22.280517751677763,-46.37007419909239,Bulk-Buyer,ouro fino
-23.02381377523277,-45.54999278866723,Bulk-Buyer,taubate
-21.999924303364267,-47.88714090474978,Bulk-Buyer,sao carlos
-22.899227469328885,-47.06648780502337,Bulk-Buyer,campinas
-20.472694416613653,-54.57587831127011,Bulk-Buyer,campo grande
-23.56373026311385,-46.64228881932018,Bulk-Buyer,sao paulo
-23.19685765742738,-49.75785114506429,Bulk-Buyer,ribeirao claro
-26.89059349827484,-48.65193750938463,Bulk-Buyer,navegantes
-22.762019666102137,-43.44178633853679,Bulk-Buyer,nova iguacu
-20.3463611952619,-40.394033400609516,Bulk-Buyer,cariacica
-27.17419722811506,-51.493313122876835,Bulk-Buyer,herval d'oeste
-18.446222637401515,-43.65888050826037,Bulk-Buyer,datas
-23.177439754371285,-45.88572128733621,Bulk-Buyer,sao jose dos campos
-25.42961694754457,-49.27934196003805,Bulk-Buyer,curitiba
-23.758929481404014,-46.60012438270614,Bulk-Buyer,sao bernardo do campo
-23.92722333314212,-46.38278809991919,Bulk-Buyer,santos
-22.5103712387356,-43.17707706348803,Bulk-Buyer,petropolis
-24.03377804676809,-52.37626746763636,Bulk-Buyer,campo mourao
-19.870382652466876,-44.59435523916575,Bulk-Buyer,para de minas
-5.172225913347798,-47.78605208030205,Bulk-Buyer,cidelandia
-16.700414350625522,-49.25528357715706,Bulk-Buyer,goiania
-22.885651556480287,-43.28062369975704,Bulk-Buyer,rio de janeiro
-22.93941799056493,-47.0590556692833,Bulk-Buyer,campinas
-22.37830670866581,-41.784916340966845,Bulk-Buyer,macae
-22.373920111804395,-41.77972882544024,Bulk-Buyer,macae
-7.93032405096133,-34.82727381159418,Bulk-Buyer,paulista
-22.93540974271452,-46.54507155170937,Bulk-Buyer,braganca paulista
-23.312668500000004,-46.00491694485367,Bulk-Buyer,jacarei
-22.884763705782337,-43.31870424949519,Bulk-Buyer,rio de janeiro
-23.50218558090484,-46.63382294171621,Bulk-Buyer,sao paulo
-15.838443050477338,-48.01149903877731,Bulk-Buyer,brasilia
-9.422417089843092,-40.49391844178376,Bulk-Buyer,juazeiro
-27.23089263127628,-52.02505973585523,Bulk-Buyer,concordia
-19.953983389390658,-43.93287034041202,Bulk-Buyer,belo horizonte
-23.53738472745108,-46.57701985457893,Bulk-Buyer,sao paulo
-11.727584793628802,-49.07381721676321,Bulk-Buyer,gurupi
-23.655299357874785,-46.32898123746934,Bulk-Buyer,suzano
-12.993092863725533,-38.4463299970858,Bulk-Buyer,salvador
-26.149502121951716,-53.03081268920672,Bulk-Buyer,marmeleiro
-23.67313143976862,-46.41990468550459,Bulk-Buyer,maua
-23.642196751253778,-46.800330164471646,Bulk-Buyer,taboao da serra
-29.916624328065343,-51.12650249999999,Bulk-Buyer,canoas
-22.838534062015846,-42.2259322108234,Bulk-Buyer,iguaba grande
-27.589321906197647,-48.52212360618027,Bulk-Buyer,florianopolis
-23.427857315569288,-46.51513706050551,Bulk-Buyer,guarulhos
-23.086496272847818,-47.216807769634734,Bulk-Buyer,indaiatuba
-21.095411041525026,-45.56026215449815,Bulk-Buyer,boa esperanca
-23.11980850582838,-47.23840103788447,Bulk-Buyer,indaiatuba
-22.568376530773754,-47.40402037330482,Bulk-Buyer,limeira
-21.033299784359404,-51.20701073393697,Bulk-Buyer,guaracai
-23.119514605838177,-53.10818122884264,Bulk-Buyer,santa monica
-20.305123624183807,-40.369478501452036,Bulk-Buyer,cariacica
-19.63863100472473,-43.90171846264042,Bulk-Buyer,lagoa santa
-12.9364724961253,-38.34055656438639,Bulk-Buyer,salvador
-23.571680187235565,-46.83334151986372,Bulk-Buyer,carapicuiba
-29.785188197834522,-55.79519776265938,Bulk-Buyer,alegrete
-23.303559165127893,-51.20314983625708,Bulk-Buyer,londrina
-14.221024617359033,-42.78006679256768,Bulk-Buyer,guanambi
-23.31169788765486,-51.197296478359924,Bulk-Buyer,londrina
-25.109382356715052,-50.15280287416294,Bulk-Buyer,ponta grossa
-19.76111488336186,-48.5733998375203,Bulk-Buyer,campo florido
-27.44360724316649,-48.401002393559935,Bulk-Buyer,florianopolis
-21.27537241391624,-50.33255050652044,Bulk-Buyer,birigui
-23.458178949347918,-46.422005872468105,Bulk-Buyer,guarulhos
-2.405306390231695,-44.41977926629471,Bulk-Buyer,alcantara
-26.731781999999995,-53.518667424888754,Bulk-Buyer,sao miguel do oeste
-19.51753103934325,-42.6116577517932,Bulk-Buyer,coronel fabriciano
-22.98574189148247,-43.231288641410345,Bulk-Buyer,rio de janeiro
-23.5308241992758,-46.564551750224425,Bulk-Buyer,sao paulo
-23.58761046905476,-46.50786730917925,Bulk-Buyer,sao paulo
-22.920636143487823,-46.54061222368073,Bulk-Buyer,braganca paulista
-30.03314585374222,-51.15098051621572,Bulk-Buyer,porto alegre
-21.182286894341274,-47.74515153601613,Bulk-Buyer,ribeirao preto
-23.5397205,-46.43633556480467,Bulk-Buyer,sao paulo
-23.58985357507646,-46.55417194561133,Bulk-Buyer,sao paulo
-29.738971243761313,-52.43044352458632,Bulk-Buyer,santa cruz do sul
-23.536610638496157,-46.65758461809682,Bulk-Buyer,sao paulo
-22.57649369393669,-41.9879065802644,Bulk-Buyer,barra de sao joao
-23.667921785734887,-46.678596063099626,Bulk-Buyer,sao paulo
-17.22082692099123,-42.58941076176692,Bulk-Buyer,minas novas
-23.26922588754478,-51.05198746232615,Bulk-Buyer,ibipora
-2.537230452680456,-44.292429715478896,Bulk-Buyer,sao luis
-22.89790805002283,-43.0995147477723,Bulk-Buyer,niteroi
-24.014540409660096,-46.43840702622771,Bulk-Buyer,praia grande
-23.600929683045734,-46.67151905966879,Bulk-Buyer,sao paulo
-12.935879296109205,-38.4265224753899,Bulk-Buyer,salvador
-23.68017060727678,-46.78383016659933,Bulk-Buyer,sao paulo
-23.700696757977965,-46.59813197231519,Bulk-Buyer,diadema
-23.58798454662256,-48.0442202454346,Bulk-Buyer,itapetininga
-23.19740509658665,-45.8889238709389,Bulk-Buyer,sao jose dos campos
-19.959565243407017,-44.164534578683146,Bulk-Buyer,betim
-23.31828597990669,-51.393659592973975,Bulk-Buyer,rolandia
-18.16557147874597,-47.95850088804577,Bulk-Buyer,catalao
-21.026306608581663,-44.324819611573965,Bulk-Buyer,ritapolis
-23.567731265755775,-46.626243530931966,Bulk-Buyer,sao paulo
-23.58132139716661,-46.63572645253624,Bulk-Buyer,sao paulo
-22.877944187344905,-43.329263685383,Bulk-Buyer,rio de janeiro
-22.879259706359257,-43.41581006203472,Bulk-Buyer,rio de janeiro
-22.826485581193296,-43.32343287561391,Bulk-Buyer,rio de janeiro
-4.037491491536464,-45.237718767347104,Bulk-Buyer,satubinha
-22.872199163803263,-43.76307425661601,Bulk-Buyer,itaguai
-19.74570399283904,-43.94251767343394,Bulk-Buyer,vespasiano
-26.40735617075677,-52.35513201412617,Bulk-Buyer,clevelandia
-23.594486576785865,-46.63657403996196,Bulk-Buyer,sao paulo
-23.970390465433734,-46.32234564570951,Bulk-Buyer,santos
-22.877480620030063,-43.25916041035259,Bulk-Buyer,rio de janeiro
-23.4853411640076,-47.47911917124475,Bulk-Buyer,sorocaba
-15.809857155962083,-48.13160406894028,Bulk-Buyer,brasilia
-23.50924262107987,-46.88521688379154,Bulk-Buyer,barueri
-22.90680859062836,-43.28821205966879,Bulk-Buyer,rio de janeiro
-25.39156863558196,-49.21801353038264,Bulk-Buyer,curitiba
-7.899306474493213,-34.83894268107982,Bulk-Buyer,paulista
-21.11347935574587,-42.93881841589473,Bulk-Buyer,uba
-20.431520240741765,-49.97639274555152,Bulk-Buyer,votuporanga
-27.330752532693182,-51.599862502340244,Bulk-Buyer,ouro
-19.503928571469782,-42.54855180544174,Bulk-Buyer,ipatinga
-26.970039087924743,-48.63580202165099,Bulk-Buyer,balneario camboriu
-1.4630158658030092,-48.48808887193567,Bulk-Buyer,belem
-21.750000684430717,-43.36544222745106,Bulk-Buyer,juiz de fora
-26.99504394421202,-49.085352,Bulk-Buyer,blumenau
-23.60799251157901,-46.723902883432366,Bulk-Buyer,sao paulo
-23.618209103073223,-46.5705445594859,Bulk-Buyer,sao caetano do sul
-26.787943412479606,-50.99499139874231,Bulk-Buyer,cacador
-25.439692437272786,-49.24536632027295,Bulk-Buyer,curitiba
-23.601389165964623,-46.70161204328015,Bulk-Buyer,sao paulo
-30.01617894816147,-51.18053316584905,Bulk-Buyer,porto alegre
-29.651808344542687,-51.171106090300064,Bulk-Buyer,estancia velha
-29.46863607799065,-52.0862625,Bulk-Buyer,santa clara do sul
-30.70473519273825,-52.1083925059776,Bulk-Buyer,dom feliciano
-11.899779077522693,-55.51226664361262,Bulk-Buyer,sinop
-20.85557589674,-49.41314246615674,Bulk-Buyer,sao jose do rio preto
-23.55969513351698,-46.56974506710258,Bulk-Buyer,sao paulo
-19.765570948161123,-43.02992329183104,Bulk-Buyer,nova era
-23.194530383237616,-46.896837001804485,Bulk-Buyer,jundiai
-22.954521478763947,-43.185702100207656,Bulk-Buyer,rio de janeiro
-23.225915629753587,-45.88003242576027,Bulk-Buyer,sao jose dos campos
-20.843418008297387,-41.116057517170894,Bulk-Buyer,cachoeiro de itapemirim
-21.765364372893597,-41.28309240671643,Bulk-Buyer,campos dos goytacazes
-25.44876362585844,-49.20600846820474,Bulk-Buyer,curitiba
-22.844110661944992,-43.24941382331908,Bulk-Buyer,rio de janeiro
-7.038132527202683,-55.41758019974569,Bulk-Buyer,novo progresso
-22.938116465015383,-43.34624991498367,Bulk-Buyer,rio de janeiro
-23.80191343266994,-45.40102432584106,Bulk-Buyer,sao sebastiao
-4.542478153235954,-40.71600182937311,Bulk-Buyer,ipueiras
-23.68596764566253,-46.77593183381903,Bulk-Buyer,sao paulo
-19.97551649235395,-43.971936358914604,Bulk-Buyer,belo horizonte
-8.122625054035355,-34.946894012342355,Bulk-Buyer,recife
-22.533177424719124,-55.72591171915679,Bulk-Buyer,ponta pora
-22.892221151826355,-43.28617561296093,Bulk-Buyer,rio de janeiro
-22.915108068555597,-43.56323432791364,Bulk-Buyer,rio de janeiro
-23.68776128056705,-49.82808639591182,Bulk-Buyer,siqueira campos
-23.453510081597333,-46.56661706277687,Bulk-Buyer,guarulhos
-22.639824916884088,-50.396803282759805,Bulk-Buyer,assis
-22.897514536211027,-43.184015450040405,Bulk-Buyer,rio de janeiro
-23.184113415457734,-52.20251188516608,Bulk-Buyer,nova esperanca
-23.641060033585298,-46.77079701781484,Bulk-Buyer,sao paulo
-23.322352248071105,-46.58973137816835,Bulk-Buyer,mairipora
-23.74981810254469,-46.70140755620633,Bulk-Buyer,sao paulo
-19.87079902914191,-43.911305877113534,Bulk-Buyer,belo horizonte
-23.559508526225283,-46.84517951100542,Bulk-Buyer,carapicuiba
-21.263914108288613,-48.495645,Bulk-Buyer,monte alto
-23.662552084578873,-46.667872851722535,Bulk-Buyer,sao paulo
-30.00483388090525,-51.13169099999999,Bulk-Buyer,porto alegre
-1.3848929999999946,-48.42501605894997,Bulk-Buyer,ananindeua
-29.04755758224011,-50.142166809135205,Bulk-Buyer,cambara do sul
-20.73366157323959,-42.030254249999984,Bulk-Buyer,carangola
-23.58662111878931,-46.64427165889549,Bulk-Buyer,sao paulo
-23.523153631975287,-46.44540787343005,Bulk-Buyer,sao paulo
-19.53519163176631,-42.667787621620334,Bulk-Buyer,timoteo
-22.951672385322283,-47.04983432139767,Bulk-Buyer,campinas
-24.078248631413118,-46.588685309131904,Bulk-Buyer,praia grande
-17.55693279765454,-52.548089312017424,Bulk-Buyer,mineiros
-22.90316625284208,-43.10713068500763,Bulk-Buyer,niteroi
-3.735473636966949,-38.48243889731577,Bulk-Buyer,fortaleza
-23.53038407937563,-46.60985285123207,Bulk-Buyer,sao paulo
-22.86133078663342,-48.44175110407413,Bulk-Buyer,botucatu
-23.97221168082404,-46.314586513330205,Bulk-Buyer,santos
-23.724048616059182,-46.56963796762254,Bulk-Buyer,sao bernardo do campo
-25.55839910228029,-49.17084729873101,Bulk-Buyer,sao jose dos pinhais
-23.635009298920856,-46.66522366916728,Bulk-Buyer,sao paulo
-23.591158292255756,-46.411671944630385,Bulk-Buyer,sao paulo
-23.597860271150555,-46.59939648144286,Bulk-Buyer,sao paulo
-23.648070614490145,-46.65718201594387,Bulk-Buyer,sao paulo
-3.765575394238665,-38.6488803275537,Bulk-Buyer,caucaia
-23.613893748542907,-46.57446013641431,Bulk-Buyer,sao caetano do sul
-23.62366891173756,-46.67019874152133,Bulk-Buyer,sao paulo
-23.692210910759297,-46.59847780683186,Bulk-Buyer,diadema
-29.93026925963708,-51.02325320981801,Bulk-Buyer,gravatai
-23.608557917740683,-46.613331924231765,Bulk-Buyer,sao paulo
-27.58417792033591,-48.50033003956396,Bulk-Buyer,florianopolis
-28.26438791237509,-52.42581006598532,Bulk-Buyer,passo fundo
-23.678743908783414,-46.50281468519531,Bulk-Buyer,santo andre
-19.550493415347287,-50.578676050779464,Bulk-Buyer,limeira do oeste
-22.970894018595992,-43.38784233625709,Bulk-Buyer,rio de janeiro
-23.725446407020037,-46.620167779813414,Bulk-Buyer,diadema
-22.826485581193296,-43.32343287561391,Bulk-Buyer,rio de janeiro
-22.965555865398976,-43.178395799324896,Bulk-Buyer,rio de janeiro
-23.422858050956947,-51.937545947028106,Bulk-Buyer,maringa
-22.878901440605347,-43.33949373521269,Bulk-Buyer,rio de janeiro
-23.54503306703846,-46.26184741683954,Bulk-Buyer,mogi das cruzes
-19.823562104362598,-43.94754846572221,Bulk-Buyer,belo horizonte
-20.73714082340127,-49.581776940674466,Bulk-Buyer,balsamo
-22.869815753171125,-42.329823876168525,Bulk-Buyer,araruama
-22.962608088810693,-43.17066214169881,Bulk-Buyer,rio de janeiro
-22.896552719949256,-43.27121502703577,Bulk-Buyer,rio de janeiro
-23.344583859245787,-47.83886510955397,Bulk-Buyer,tatui
-19.970868116609125,-43.93993252477061,Bulk-Buyer,belo horizonte
-10.912247528449411,-37.053742751457094,Bulk-Buyer,aracaju
-19.918762348873685,-43.88261396689083,Bulk-Buyer,belo horizonte
-19.83901541909516,-43.97403905857227,Bulk-Buyer,belo horizonte
-19.88878706466045,-43.89654887752518,Bulk-Buyer,belo horizonte
-26.48103847686062,-49.06149790469829,Bulk-Buyer,jaragua do sul
-22.89643935056418,-43.60695346864298,Bulk-Buyer,rio de janeiro
-21.172213467107177,-47.82413717277396,Bulk-Buyer,ribeirao preto
-25.431155907508472,-49.28552783051147,Bulk-Buyer,curitiba
-5.505053378572043,-45.247295022007705,Bulk-Buyer,barra do corda
-25.54396702400601,-49.154679464395,Bulk-Buyer,sao jose dos pinhais
-20.143995002659533,-44.20205595801386,Bulk-Buyer,brumadinho
-22.758982616944046,-43.48259003081488,Bulk-Buyer,nova iguacu
-20.4442787230184,-48.015324264487965,Bulk-Buyer,ipua
-23.437197,-46.51136742270183,Bulk-Buyer,guarulhos
-21.468000978469377,-44.19702771782344,Bulk-Buyer,piedade do rio grande
-20.32255173056015,-48.316795858627,Bulk-Buyer,guaira
-22.91769260113128,-43.38826034580772,Bulk-Buyer,rio de janeiro
-5.883200491342851,-35.203113430837774,Bulk-Buyer,parnamirim
-21.412320562856806,-45.95880283564954,Bulk-Buyer,alfenas
-22.88094653942057,-43.02820900223135,Bulk-Buyer,niteroi
-12.08925543763249,-45.79618023024447,Bulk-Buyer,luis eduardo magalhaes
-10.461420451962026,-40.18701024751928,Bulk-Buyer,senhor do bonfim
-29.822701628780155,-51.16106387708435,Bulk-Buyer,sapucaia do sul
-23.13766618272218,-46.55735815823561,Bulk-Buyer,atibaia
-22.97574436886144,-47.127382628757495,Bulk-Buyer,campinas
-23.57736416464433,-46.407736812973,Bulk-Buyer,sao paulo
-23.47846082653355,-46.74847335553123,Bulk-Buyer,sao paulo
-23.487407382451423,-46.62658904856028,Bulk-Buyer,sao paulo
-23.55418973798109,-46.18472669082058,Bulk-Buyer,mogi das cruzes
-22.90680859062836,-43.28821205966879,Bulk-Buyer,rio de janeiro
-16.468072584799973,-54.63185070288171,Bulk-Buyer,rondonopolis
-16.375001735487714,-39.58761524556456,Bulk-Buyer,eunapolis
-23.583582607276785,-46.67738290521669,Bulk-Buyer,sao paulo
-24.944530275318872,-53.49093617539968,Bulk-Buyer,cascavel
-23.70490633315856,-46.43518545665012,Bulk-Buyer,ribeirao pires
-23.484389018321856,-46.59482371766977,Bulk-Buyer,sao paulo
-27.316404751049497,-49.63727924685152,Bulk-Buyer,aurora
-19.8866430313636,-43.9838794636547,Bulk-Buyer,belo horizonte
-23.43315604851893,-52.29247065533275,Bulk-Buyer,sao jorge do ivai
-23.478723869553917,-46.58823999999999,Bulk-Buyer,sao paulo
-23.70785448456366,-46.556180165898496,Bulk-Buyer,sao bernardo do campo
-23.42471944020788,-46.34821377674483,Bulk-Buyer,itaquaquecetuba
-22.978469157654736,-43.23383336857298,Bulk-Buyer,rio de janeiro
-23.000643279177964,-43.55315755479796,Bulk-Buyer,rio de janeiro
-8.107215376724612,-34.99785341144909,Bulk-Buyer,jaboatao dos guararapes
-30.01970718818162,-51.21015580362405,Bulk-Buyer,porto alegre
-18.99754562183551,-40.389527774659946,Bulk-Buyer,vila valerio
-23.03382318828212,-49.16310060136444,Bulk-Buyer,cerqueira cesar
-22.288946116642418,-42.53129847072045,Bulk-Buyer,nova friburgo
-8.29248453599996,-35.01945999999998,Bulk-Buyer,cabo de santo agostinho
-22.15321602806684,-50.0950935,Bulk-Buyer,oriente
-20.795262577646877,-49.38355728398542,Bulk-Buyer,sao jose do rio preto
-12.947972582526088,-38.382984707888845,Bulk-Buyer,salvador
-22.882010763046203,-42.02022094284854,Bulk-Buyer,cabo frio
-23.544048456027337,-46.78429673338271,Bulk-Buyer,osasco
-12.961213874272016,-38.4704261606946,Bulk-Buyer,salvador
-25.12788338718329,-50.1570387238444,Bulk-Buyer,ponta grossa
-16.70908219313096,-49.26631999999995,Bulk-Buyer,goiania
-22.508449771958414,-43.18153757429056,Bulk-Buyer,petropolis
-12.269865651537904,-38.951171481678145,Bulk-Buyer,feira de santana
-27.654333563838055,-48.48006946565008,Bulk-Buyer,florianopolis
-23.646396436580304,-46.60447167860232,Bulk-Buyer,sao paulo
-22.90462513266777,-47.05736599733853,Bulk-Buyer,campinas
-22.52456377677273,-41.944338149018726,Bulk-Buyer,rio das ostras
-19.91567272522938,-43.976732227595306,Bulk-Buyer,belo horizonte
-18.775054711119516,-42.93346666970913,Bulk-Buyer,guanhaes
-22.54421223085241,-44.11501629637128,Bulk-Buyer,barra mansa
-23.317650533181272,-51.15768994561134,Bulk-Buyer,londrina
-23.968041517066787,-46.305236791707486,Bulk-Buyer,santos
-15.834029628169244,-47.98286694352821,Bulk-Buyer,brasilia
-15.791154734041342,-47.85672962141953,Bulk-Buyer,brasilia
-23.548749551253486,-46.25448726291777,Bulk-Buyer,mogi das cruzes
-10.013861645959189,-51.11448866346077,Bulk-Buyer,vila rica
-23.5512359827998,-46.434955468088134,Bulk-Buyer,sao paulo
-22.88751675166894,-43.12059679174127,Bulk-Buyer,niteroi
-20.47625529045242,-54.650133371794766,Bulk-Buyer,campo grande
-23.13387984873623,-47.226758195554694,Bulk-Buyer,indaiatuba
-20.905361488327202,-48.641110232682266,Bulk-Buyer,monte azul paulista
-22.543936930131803,-43.677489967413756,Bulk-Buyer,engenheiro paulo de frontin
-12.974427513247502,-38.49609747737895,Bulk-Buyer,salvador
-23.95691508031017,-46.34623532292687,Bulk-Buyer,santos
-22.895307936266747,-47.038617014677364,Bulk-Buyer,campinas
-23.491977681855435,-46.64169701200301,Bulk-Buyer,sao paulo
-22.519867377177885,-43.192768412910056,Bulk-Buyer,petropolis
-23.22230412572855,-45.88797225437128,Bulk-Buyer,sao jose dos campos
-22.88751675166894,-43.12059679174127,Bulk-Buyer,niteroi
-4.542478153235954,-40.71600182937311,Bulk-Buyer,ipueiras
-25.39393168621084,-49.34352887039064,Bulk-Buyer,curitiba
-27.2187982758958,-49.65176356324,Bulk-Buyer,rio do sul
-23.621751785734883,-46.67252183097696,Bulk-Buyer,sao paulo
-15.639072147996277,-56.14635766140162,Bulk-Buyer,varzea grande
-23.01113485206877,-43.31036525832422,Bulk-Buyer,rio de janeiro
-17.223373086135236,-46.87518788782276,Bulk-Buyer,paracatu
-23.471181010271785,-46.69460279724741,Bulk-Buyer,sao paulo
-19.8520464865399,-43.89574475963708,Bulk-Buyer,belo horizonte
-19.92772413405276,-43.94438902498696,Bulk-Buyer,belo horizonte
-4.228985281861967,-44.785772455813486,Bulk-Buyer,bacabal
-23.537163400080807,-46.61070457146976,Bulk-Buyer,sao paulo
-23.651402620129755,-46.76770366250216,Bulk-Buyer,sao paulo
-22.796202576934213,-43.38308624952391,Bulk-Buyer,sao joao de meriti
-12.935879296109205,-38.4265224753899,Bulk-Buyer,salvador
-23.004214031623405,-43.335593643632045,Bulk-Buyer,rio de janeiro
-12.97108442304145,-38.51192308673322,Bulk-Buyer,salvador
-23.47245438500304,-46.84936849791564,Bulk-Buyer,santana de parnaiba
-13.626872814287005,-41.32881042848442,Bulk-Buyer,barra da estiva
-19.92878416430552,-43.91727058979163,Bulk-Buyer,belo horizonte
-16.744471878861734,-48.51462382317262,Bulk-Buyer,vianopolis
-23.55876919954993,-46.677437256997024,Bulk-Buyer,sao paulo
-13.660248314229651,-57.88912259575866,Bulk-Buyer,campo novo do parecis
-23.50502938135492,-46.48021037039062,Bulk-Buyer,sao paulo
-23.265430994171624,-45.88469283612771,Bulk-Buyer,sao jose dos campos
-23.544089225633414,-46.76962425535224,Bulk-Buyer,osasco
-19.955793105432058,-44.209238105821335,Bulk-Buyer,betim
-23.710979053292142,-46.85103183305166,Bulk-Buyer,itapecerica da serra
-19.517850000000003,-43.74803118853069,Bulk-Buyer,jaboticatubas
-21.53928413381573,-42.18554742179934,Bulk-Buyer,santo antonio de padua
-25.54641428702164,-49.38840677209227,Bulk-Buyer,araucaria
-22.574181674738654,-47.166457717889685,Bulk-Buyer,artur nogueira
-23.458648107132547,-46.49702587538229,Bulk-Buyer,guarulhos
-22.38628524490088,-41.77599104854219,Bulk-Buyer,macae
-27.772745410419983,-51.59469085060238,Bulk-Buyer,sao jose do ouro
-22.882376409414437,-43.363361678169646,Bulk-Buyer,rio de janeiro
-22.16352848399153,-43.29243581235953,Bulk-Buyer,paraiba do sul
-25.39994638870621,-49.24113271149516,Bulk-Buyer,curitiba
-16.720206671247006,-49.31272390173932,Bulk-Buyer,goiania
-23.56698929058232,-46.81162587862104,Bulk-Buyer,osasco
-22.90593033308642,-42.82524461037062,Bulk-Buyer,marica
-21.53928413381573,-42.18554742179934,Bulk-Buyer,santo antonio de padua
-23.709584934024686,-46.509238729110194,Bulk-Buyer,santo andre
-23.60489964749256,-47.150677930073314,Bulk-Buyer,sao roque
-12.941444899287655,-38.43822405906241,Bulk-Buyer,salvador
-22.45420832442529,-43.46995999999996,Bulk-Buyer,miguel pereira
-22.92478771996359,-43.199137587425696,Bulk-Buyer,rio de janeiro
-22.964032519562604,-43.17619751998097,Bulk-Buyer,rio de janeiro
-25.483589864601413,-49.25492377226044,Bulk-Buyer,curitiba
-21.9725602790242,-46.795694051741215,Bulk-Buyer,sao joao da boa vista
-19.925952958647354,-43.94511432722604,Bulk-Buyer,belo horizonte
-11.618016498686206,-50.67193248698583,Bulk-Buyer,sao felix do araguaia
-22.43252257258269,-47.58034506502102,Bulk-Buyer,rio claro
-23.529755043568628,-46.61758376741302,Bulk-Buyer,sao paulo
-22.15459675147344,-51.45324778671248,Bulk-Buyer,presidente prudente
-22.77328499999993,-42.91785630299995,Bulk-Buyer,itaborai
-18.595368562768865,-48.70006983691838,Bulk-Buyer,tupaciguara
-22.633463550008123,-47.05158214661835,Bulk-Buyer,holambra
-19.45930795389748,-44.24801919373313,Bulk-Buyer,sete lagoas
-23.643597877315536,-46.66251227546312,Bulk-Buyer,sao paulo
-23.192033766581197,-47.29076085317961,Bulk-Buyer,salto
-23.565974071325552,-46.64484410309317,Bulk-Buyer,sao paulo
-20.46232843504684,-45.4307357978066,Bulk-Buyer,formiga
-31.758180621703502,-52.32378357209015,Bulk-Buyer,pelotas
-23.20026337044312,-46.78186483246769,Bulk-Buyer,campo limpo paulista
-21.741693844289745,-43.360174042876125,Bulk-Buyer,juiz de fora
-21.21448441326677,-47.80687388198441,Bulk-Buyer,ribeirao preto
-23.22535998592825,-45.913975816261775,Bulk-Buyer,sao jose dos campos
-18.87734037153113,-48.232040397973684,Bulk-Buyer,uberlandia
-22.8785995434244,-43.4599813179352,Bulk-Buyer,rio de janeiro
-27.58417792033591,-48.50033003956396,Bulk-Buyer,florianopolis
-26.948519828257812,-50.14106534867963,Bulk-Buyer,rio do campo
-16.40623184585344,-49.22242531709503,Bulk-Buyer,neropolis
-23.317709589364075,-46.227061818199104,Bulk-Buyer,santa isabel
-8.06078109103239,-34.89449949500834,Bulk-Buyer,recife
-15.815328337961944,-47.98783770924069,Bulk-Buyer,brasilia
-22.75416336358131,-47.347509410352586,Bulk-Buyer,americana
-23.51771343075192,-46.493187304677136,Bulk-Buyer,sao paulo
-21.200779582771446,-50.47794961133435,Bulk-Buyer,aracatuba
-23.4252098698804,-46.85684328117762,Bulk-Buyer,santana de parnaiba
-19.91558677880999,-43.93935572078599,Bulk-Buyer,belo horizonte
-22.96760967934045,-42.0274215,Bulk-Buyer,arraial do cabo
-14.135623515336455,-47.51737168701058,Bulk-Buyer,alto paraiso de goias
-23.44502001165677,-46.52813635567546,Bulk-Buyer,guarulhos
-30.888648715723892,-55.53734532420692,Bulk-Buyer,santana do livramento
-23.53796433221771,-46.6524429245354,Bulk-Buyer,sao paulo
-22.92541928296553,-43.232072863400354,Bulk-Buyer,rio de janeiro
-23.690363499999933,-46.65961730099997,Bulk-Buyer,sao paulo
-23.651402620129755,-46.76770366250216,Bulk-Buyer,sao paulo
-22.84771880512192,-43.076144903438085,Bulk-Buyer,sao goncalo
-23.487946511800995,-46.75216519643371,Bulk-Buyer,sao paulo
-3.745184804605009,-38.52976585643463,Bulk-Buyer,fortaleza
-23.203641583674795,-46.87221486532687,Bulk-Buyer,jundiai
-22.244021759247783,-43.704838079140345,Bulk-Buyer,valenca
-23.52249520732588,-46.61693905285947,Bulk-Buyer,sao paulo
-22.85937941003356,-47.03799906805251,Bulk-Buyer,campinas
-26.079695103182665,-53.052996266304255,Bulk-Buyer,francisco beltrao
-15.799814381522625,-47.93030100000001,Bulk-Buyer,brasilia
-23.02187989307062,-43.46365439966753,Bulk-Buyer,rio de janeiro
-22.73156997999365,-45.1083326858157,Bulk-Buyer,lorena
-29.27058548838691,-51.98812078822443,Bulk-Buyer,capitao
-23.538484340007987,-47.414369139405,Bulk-Buyer,votorantim
-18.942245642308222,-46.984667843792906,Bulk-Buyer,patrocinio
-25.483589864601413,-49.25492377226044,Bulk-Buyer,curitiba
-25.488089427175264,-49.21799046960302,Bulk-Buyer,curitiba
-16.97212933946786,-48.95308817677393,Bulk-Buyer,bela vista de goias
-22.977805499999995,-43.6886074087833,Bulk-Buyer,rio de janeiro
-19.829780868861427,-43.98967417741888,Bulk-Buyer,belo horizonte
-19.94452180045008,-43.93951993345966,Bulk-Buyer,belo horizonte
-26.643531460353408,-48.68879944077063,Bulk-Buyer,barra velha
-12.182476084478994,-43.21593491552102,Bulk-Buyer,ibotirama
-22.964288895954525,-43.402024304605,Bulk-Buyer,rio de janeiro
-28.69227219236889,-49.37198403562716,Bulk-Buyer,criciuma
-8.841148348706644,-48.51068724413237,Bulk-Buyer,guarai
-23.179211520068115,-47.31278396116133,Bulk-Buyer,salto
-22.984120204830045,-43.20837199952438,Bulk-Buyer,rio de janeiro
-22.79079037565519,-43.30430621490024,Bulk-Buyer,duque de caxias
-20.33247922535164,-41.13320003657836,Bulk-Buyer,venda nova do imigrante
-14.923926125911253,-42.81367737336781,Bulk-Buyer,espinosa
-22.844299965145517,-43.012302923609546,Bulk-Buyer,sao goncalo
-8.44588353617762,-40.768014067872,Bulk-Buyer,dormentes
-23.59207497224308,-46.54481454454957,Bulk-Buyer,sao paulo
-23.98451511073924,-46.24179851582582,Bulk-Buyer,guaruja
-23.407707103460183,-46.75498198450671,Bulk-Buyer,sao paulo
-1.457164065064475,-48.46290168439191,Bulk-Buyer,belem
-23.55689593782346,-46.29249478253684,Bulk-Buyer,suzano
-25.43366888971728,-49.26893094975684,Bulk-Buyer,curitiba
-22.851001487376614,-43.342430948583306,Bulk-Buyer,rio de janeiro
-19.925952958647354,-43.94511432722604,Bulk-Buyer,belo horizonte
-22.885395485429044,-43.45480061310515,Bulk-Buyer,rio de janeiro
-14.861103673610671,-40.82210200831878,Bulk-Buyer,vitoria da conquista
-16.616768256505903,-49.25097137084805,Bulk-Buyer,goiania
-16.25386360951983,-47.92000438370325,Bulk-Buyer,luziania
-23.63998379003406,-46.71505610462239,Bulk-Buyer,sao paulo
-25.454675584491422,-49.35025888092221,Bulk-Buyer,curitiba
-26.31268682653356,-48.84333054293403,Bulk-Buyer,joinville
-14.21381070503854,-39.52155808525214,Bulk-Buyer,ubata
-23.4375744343586,-46.42286651457096,Bulk-Buyer,guarulhos
-23.59662287793669,-46.78943079323671,Bulk-Buyer,sao paulo
-23.68698516287448,-46.552552123595405,Bulk-Buyer,sao bernardo do campo
-22.706098941238604,-43.557220080726445,Bulk-Buyer,queimados
-19.73432514516125,-47.94248568512319,Bulk-Buyer,uberaba
-29.585108969135305,-50.90204599999996,Bulk-Buyer,nova hartz
-22.90680859062836,-43.28821205966879,Bulk-Buyer,rio de janeiro
-23.826968878700722,-46.11866655620633,Bulk-Buyer,bertioga
-23.55614854774545,-46.94943508267261,Bulk-Buyer,itapevi
-23.62399052207277,-46.566780988891495,Bulk-Buyer,sao caetano do sul
-25.583515022448136,-51.09859512870409,Bulk-Buyer,colonia vitoria
-19.925930595654158,-43.92704679072655,Bulk-Buyer,belo horizonte
-22.526205551600853,-43.73639999999998,Bulk-Buyer,mendes
-20.523532441318096,-47.36505968729045,Bulk-Buyer,franca
-22.869815753171125,-42.329823876168525,Bulk-Buyer,araruama
-22.704387287090093,-43.16229169592343,Bulk-Buyer,mage
-22.80930209839471,-43.432664477658825,Bulk-Buyer,nilopolis
-11.418498479917067,-58.762016312315296,Bulk-Buyer,juina
-23.52949102553522,-46.69441048557327,Bulk-Buyer,sao paulo
-19.45930795389748,-44.24801919373313,Bulk-Buyer,sete lagoas
-30.006780904524206,-51.160076449218,Bulk-Buyer,porto alegre
-24.112863197007357,-46.667482359857104,Bulk-Buyer,mongagua
-22.8642652559005,-43.43215992973615,Bulk-Buyer,rio de janeiro
-13.252936490336605,-43.413615014464554,Bulk-Buyer,bom jesus da lapa
-19.60305711725264,-46.944627538073846,Bulk-Buyer,araxa
-23.579621632812007,-46.67306332431184,Bulk-Buyer,sao paulo
-23.727267000000005,-46.53310780249619,Bulk-Buyer,sao bernardo do campo
-23.54343710740668,-46.66857970266179,Bulk-Buyer,sao paulo
-23.562133920898496,-46.6873404672514,Bulk-Buyer,sao paulo
-19.797599917436052,-43.974118699766265,Bulk-Buyer,belo horizonte
-22.750088488141653,-43.456827297928704,Bulk-Buyer,nova iguacu
-23.503095000000002,-46.60971701276762,Bulk-Buyer,sao paulo
-23.288409,-45.9482753708068,Bulk-Buyer,jacarei
-23.473542180261447,-46.63169094754457,Bulk-Buyer,sao paulo
-23.742322224392662,-46.70476952546309,Bulk-Buyer,sao paulo
-23.68698516287448,-46.552552123595405,Bulk-Buyer,sao bernardo do campo
-23.661409547200368,-46.60405589172608,Bulk-Buyer,sao bernardo do campo
-29.125310728470446,-51.11872839165734,Bulk-Buyer,caxias do sul
-23.570415303364257,-46.69293940412018,Bulk-Buyer,sao paulo
-23.527214475445724,-46.7315398082117,Bulk-Buyer,sao paulo
-16.432305466129215,-39.07585856311037,Bulk-Buyer,porto seguro
-23.531196801775152,-47.134767198511184,Bulk-Buyer,sao roque
-31.333106349937022,-54.08931492238784,Bulk-Buyer,bage
-12.993444094090812,-38.52223765292287,Bulk-Buyer,salvador
-23.535839005222797,-46.76097421100975,Bulk-Buyer,osasco
-19.87482809063998,-44.98560567343412,Bulk-Buyer,nova serrana
-12.9364724961253,-38.34055656438639,Bulk-Buyer,salvador
-22.45420832442529,-43.46995999999996,Bulk-Buyer,miguel pereira
-21.639537448348893,-41.04520349605082,Bulk-Buyer,sao joao da barra
-25.5173900237727,-49.26499598258857,Bulk-Buyer,curitiba
-19.39263722644093,-54.57819155553403,Bulk-Buyer,sao gabriel do oeste
-22.898271740492824,-47.05171476887012,Bulk-Buyer,campinas
-3.8068793579922513,-38.49462853590906,Bulk-Buyer,fortaleza
-17.742063044681643,-48.62114540273837,Bulk-Buyer,caldas novas
-16.015426860234413,-48.07377810379305,Bulk-Buyer,brasilia
-23.59968249653755,-46.63757063561628,Bulk-Buyer,sao paulo
-23.72470026061802,-46.68148760073805,Bulk-Buyer,sao paulo
-21.21267266702765,-43.77869386272055,Bulk-Buyer,barbacena
-23.50848482185577,-46.29060608346027,Bulk-Buyer,suzano
-23.47407674770619,-46.75666630460501,Bulk-Buyer,sao paulo
-25.45648454984177,-49.066229805405335,Bulk-Buyer,piraquara
-25.43338725644875,-49.298221241329536,Bulk-Buyer,curitiba
-23.43095651637429,-46.429338473353916,Bulk-Buyer,guarulhos
-23.59275370191585,-46.53221569233657,Bulk-Buyer,sao paulo
-12.952462777684802,-38.496241309740896,Bulk-Buyer,salvador
-20.519076442778164,-43.70624063811853,Bulk-Buyer,ouro branco
-25.417093596021566,-49.33806417574257,Bulk-Buyer,curitiba
-19.37603015271344,-40.07253994411529,Bulk-Buyer,linhares
-22.90507423727126,-43.1771726677823,Bulk-Buyer,rio de janeiro
-23.55780088675821,-46.76999067236991,Bulk-Buyer,osasco
-15.590412031085542,-56.09393357525619,Bulk-Buyer,cuiaba
-27.543786658615705,-48.631972642506845,Bulk-Buyer,sao jose
-23.547318332976886,-46.52155376768715,Bulk-Buyer,sao paulo
-22.869815753171125,-42.329823876168525,Bulk-Buyer,araruama
-23.59207497224308,-46.54481454454957,Bulk-Buyer,sao paulo
-23.001664514859417,-43.40383953802869,Bulk-Buyer,rio de janeiro
-20.52804807780614,-47.38827901323783,Bulk-Buyer,franca
-23.760704865713556,-46.83839173367618,Bulk-Buyer,itapecerica da serra
-20.173274575719397,-40.202938729516816,Bulk-Buyer,serra
-23.491140296699168,-46.63725496061621,Bulk-Buyer,sao paulo
-20.81294509894953,-49.38203850820231,Bulk-Buyer,sao jose do rio preto
-22.906870719638384,-43.05408348725251,Bulk-Buyer,niteroi
-23.46094202851468,-46.67747971220525,Bulk-Buyer,sao paulo
-9.383374689072339,-38.00233657089399,Bulk-Buyer,delmiro gouveia
-22.900371422153583,-43.28638470439734,Bulk-Buyer,rio de janeiro
-23.409335317643418,-46.863932749036934,Bulk-Buyer,cajamar
-23.528686054677124,-46.541645032613104,Bulk-Buyer,sao paulo
-8.363022808645937,-35.23605130835254,Bulk-Buyer,escada
-23.643559858635008,-46.73208462230973,Bulk-Buyer,sao paulo
-23.54892014345921,-46.35195806369988,Bulk-Buyer,poa
-23.49652223430834,-46.79686039269302,Bulk-Buyer,osasco
-11.486702562394209,-37.93336641634146,Bulk-Buyer,rio real
-15.672110509699642,-48.20147601534582,Bulk-Buyer,brasilia
-22.51322529681131,-48.71754721686364,Bulk-Buyer,macatuba
-21.11819394490749,-42.943705743717146,Bulk-Buyer,uba
-21.53686861533376,-43.01369226184115,Bulk-Buyer,sao joao nepomuceno
-20.29948099526813,-40.295279312809534,Bulk-Buyer,vitoria
-19.95746958396326,-43.96008535163609,Bulk-Buyer,belo horizonte
-20.21372452070291,-40.24370962506858,Bulk-Buyer,serra
-23.559888510127543,-46.65612221732353,Bulk-Buyer,sao paulo
-27.633305812944272,-51.33731015034528,Bulk-Buyer,celso ramos
-23.014294742166268,-43.46413167283893,Bulk-Buyer,rio de janeiro
-22.919878227018398,-43.21553184638462,Bulk-Buyer,rio de janeiro
-23.001664514859417,-43.40383953802869,Bulk-Buyer,rio de janeiro
-23.69046829447745,-46.77049852400601,Bulk-Buyer,sao paulo
-22.958491500000004,-42.98904225000001,Bulk-Buyer,marica
-29.692365255495957,-53.811816361435646,Bulk-Buyer,santa maria
-23.322352248071105,-46.58973137816835,Bulk-Buyer,mairipora
-21.788259192047157,-46.565584849600626,Bulk-Buyer,pocos de caldas
-22.97891413015762,-43.19380009478331,Bulk-Buyer,rio de janeiro
-15.811625071218092,-42.22800559569863,Bulk-Buyer,taiobeiras
-11.62531419576341,-46.82146777001999,Bulk-Buyer,dianopolis
-24.03377804676809,-52.37626746763636,Bulk-Buyer,campo mourao
-20.470089924781412,-45.96141713422533,Bulk-Buyer,piumhii
-22.40251417902456,-41.81479351477589,Bulk-Buyer,macae
-23.49026363140068,-46.63322417485143,Bulk-Buyer,sao paulo
-22.8780747554016,-42.00937657173699,Bulk-Buyer,cabo frio
-23.577164816954266,-46.69066778788448,Bulk-Buyer,sao paulo
-13.379664287161836,-38.91777758421755,Bulk-Buyer,morro de sao paulo
-6.770108549246845,-38.227600170957096,Bulk-Buyer,sousa
-23.539675631138568,-46.44437114131387,Bulk-Buyer,sao paulo
-20.875852196360086,-45.518578036843024,Bulk-Buyer,cristais
-28.273759010123406,-49.16619644738513,Bulk-Buyer,braco do norte
-29.16964620057408,-51.1897070113326,Bulk-Buyer,caxias do sul
-25.51131250916093,-49.255642089373275,Bulk-Buyer,curitiba
-20.904888960312192,-51.382706228143576,Bulk-Buyer,andradina
-20.814445675230637,-49.33921252018795,Bulk-Buyer,sao jose do rio preto
-23.58584695115125,-46.52938277699232,Bulk-Buyer,sao paulo
-17.223373086135236,-46.87518788782276,Bulk-Buyer,paracatu
-23.534577029183552,-46.92987660751022,Bulk-Buyer,itapevi
-29.47218529698522,-51.80861346931223,Bulk-Buyer,teutonia
-22.911573226758584,-47.11521054662704,Bulk-Buyer,campinas
-1.3848929999999946,-48.42501605894997,Bulk-Buyer,ananindeua
-12.252960554320213,-38.951831197338244,Bulk-Buyer,feira de santana
-19.93624791006412,-43.95773026201734,Bulk-Buyer,belo horizonte
-19.60437246547611,-46.9261106671303,Bulk-Buyer,araxa
-22.13506586164283,-51.39233422403981,Bulk-Buyer,presidente prudente
-23.539820103990145,-46.31780434759043,Bulk-Buyer,suzano
-15.817454799245827,-47.975691694745386,Bulk-Buyer,brasilia
-19.816612601794315,-40.27770390400437,Bulk-Buyer,aracruz
-23.678743908783414,-46.50281468519531,Bulk-Buyer,santo andre
-22.88149383319865,-47.126665702060095,Bulk-Buyer,campinas
-16.559851361375916,-41.50251820442582,Bulk-Buyer,itaobim
-23.052705625933136,-47.83614945236365,Bulk-Buyer,laranjal paulista
-23.637591469218457,-45.43622173887914,Bulk-Buyer,caraguatatuba
-23.970390465433734,-46.32234564570951,Bulk-Buyer,santos
-22.5256439231202,-44.09188985817128,Bulk-Buyer,volta redonda
-22.761224033831567,-43.45611220461891,Bulk-Buyer,nova iguacu
-23.001664514859417,-43.40383953802869,Bulk-Buyer,rio de janeiro
-23.57564904599956,-46.80155392181534,Bulk-Buyer,osasco
-3.8784708002568,-38.46024015796462,Bulk-Buyer,eusebio
-22.59110169212468,-46.52629570814344,Bulk-Buyer,socorro
-22.90600354640406,-43.10546782889948,Bulk-Buyer,niteroi
-19.91787999999997,-44.12519391626976,Bulk-Buyer,contagem
-19.503928571469782,-42.54855180544174,Bulk-Buyer,ipatinga
-27.23666692429857,-52.03794078946991,Bulk-Buyer,concordia
-16.71613638677273,-49.25386249999996,Bulk-Buyer,goiania
-30.039467585059786,-51.22310393268514,Bulk-Buyer,porto alegre
-23.81286528566852,-47.71895832790252,Bulk-Buyer,pilar do sul
-21.60420797769884,-48.36489314654624,Bulk-Buyer,matao
-30.014557459893823,-51.14874284110451,Bulk-Buyer,porto alegre
-21.43890147950148,-50.076963958313655,Bulk-Buyer,penapolis
-25.496502030089324,-49.26615480697093,Bulk-Buyer,curitiba
-23.618396640025374,-46.55132033264193,Bulk-Buyer,sao caetano do sul
-24.112989428946435,-49.33153304217702,Bulk-Buyer,itarare
-27.58707710897916,-52.092674109787296,Bulk-Buyer,gaurama
-22.556825701497495,-47.42307221908908,Bulk-Buyer,limeira
-22.22157322297114,-54.79275498287377,Bulk-Buyer,dourados
-22.05780004429096,-46.977218181365984,Bulk-Buyer,aguai
-23.70287807120749,-46.54433616866869,Bulk-Buyer,sao bernardo do campo
-23.99642825116864,-46.25935759909085,Bulk-Buyer,guaruja
-29.73732837410172,-51.14584633540312,Bulk-Buyer,sao leopoldo
-23.51984443493675,-46.40374258486402,Bulk-Buyer,sao paulo
-12.899467242318451,-38.30340895449831,Bulk-Buyer,lauro de freitas
-19.94742047100232,-43.946622000000005,Bulk-Buyer,belo horizonte
-23.44956120843672,-46.53424181848348,Bulk-Buyer,guarulhos
-7.888994999999998,-34.83214505655006,Bulk-Buyer,paulista
-23.679713503750907,-46.679135364418016,Bulk-Buyer,sao paulo
-16.024355712247473,-48.07860864023134,Bulk-Buyer,brasilia
-12.28451324423175,-40.49522134504001,Bulk-Buyer,ruy barbosa
-23.705939631453408,-49.482958686566384,Bulk-Buyer,itaporanga
-23.317709589364075,-46.227061818199104,Bulk-Buyer,santa isabel
-23.514079363378823,-46.76915582194592,Bulk-Buyer,osasco
-22.90600354640406,-43.10546782889948,Bulk-Buyer,niteroi
-22.890628869698148,-43.43111892658264,Bulk-Buyer,rio de janeiro
-3.737180509447705,-38.555539161618654,Bulk-Buyer,fortaleza
-30.03336443104038,-51.23063954079865,Bulk-Buyer,porto alegre
-23.573952209821705,-46.7776436089153,Bulk-Buyer,sao paulo
-26.22580808081601,-52.67412588626672,Bulk-Buyer,pato branco
-19.829780868861427,-43.98967417741888,Bulk-Buyer,belo horizonte
-26.95352206919853,-49.0768345160616,Bulk-Buyer,blumenau
-23.55507950106442,-46.79905042241339,Bulk-Buyer,osasco
-23.562552949766264,-46.68414473910783,Bulk-Buyer,sao paulo
-0.04409431286208105,-51.16386937055873,Bulk-Buyer,santana
-22.02739377560734,-47.9008134143055,Bulk-Buyer,sao carlos
-22.903440789341573,-43.255880475445714,Bulk-Buyer,rio de janeiro
-7.000339275111288,-39.7391826395743,Bulk-Buyer,altaneira
-20.73799136507532,-48.91093038579832,Bulk-Buyer,olimpia
-25.39156863558196,-49.21801353038264,Bulk-Buyer,curitiba
-23.086496272847818,-47.216807769634734,Bulk-Buyer,indaiatuba
-16.59133956779187,-39.10092480039819,Bulk-Buyer,trancoso
-23.7409648815278,-46.55499681266943,Bulk-Buyer,sao bernardo do campo
-23.651402620129755,-46.76770366250216,Bulk-Buyer,sao paulo
-20.772871566216622,-41.67491020458371,Bulk-Buyer,guacui
-22.89221457285476,-47.05538112679289,Bulk-Buyer,campinas
-30.073399822534427,-51.20902697215613,Bulk-Buyer,porto alegre
-22.642632444841645,-47.18986746209727,Bulk-Buyer,cosmopolis
-23.102086012767607,-47.22110027241139,Bulk-Buyer,indaiatuba
-23.966109471002326,-46.342983916995166,Bulk-Buyer,santos
-22.77650495077829,-47.102499,Bulk-Buyer,paulinia
-29.378080970566504,-50.874708555254045,Bulk-Buyer,gramado
-23.47613129309249,-46.55645158673323,Bulk-Buyer,guarulhos
-12.255815970114064,-38.96088736933568,Bulk-Buyer,feira de santana
-28.25857565440532,-52.406503307382735,Bulk-Buyer,passo fundo
-21.326252348603077,-46.368093498940254,Bulk-Buyer,monte belo
-21.430873544820937,-50.08722856241691,Bulk-Buyer,penapolis
-23.62323038246003,-46.80104434592664,Bulk-Buyer,taboao da serra
-3.110881107132557,-59.97937321227324,Bulk-Buyer,manaus
-21.123846966371453,-48.95152188481737,Bulk-Buyer,catanduva
-23.538886538302837,-46.520095510271766,Bulk-Buyer,sao paulo
-22.363029332340403,-46.92439444818837,Bulk-Buyer,mogi-guacu
-23.615084598389984,-46.766986071614,Bulk-Buyer,taboao da serra
-15.810787664428949,-48.11947373081528,Bulk-Buyer,brasilia
-22.668128036355263,-45.00807299999998,Bulk-Buyer,cachoeira paulista
-23.18300381820934,-46.96922804883066,Bulk-Buyer,jundiai
-23.563814008050084,-46.43270917051042,Bulk-Buyer,sao paulo
-12.146974026798045,-44.99568501504704,Bulk-Buyer,barreiras
-23.086036875382305,-46.954171930582575,Bulk-Buyer,louveira
-23.536294213793404,-46.20095422081212,Bulk-Buyer,mogi das cruzes
-22.28306850583577,-44.87042902299854,Bulk-Buyer,itamonte
-22.74250881662691,-43.4750936819846,Bulk-Buyer,nova iguacu
-22.92631126617228,-43.35808152719433,Bulk-Buyer,rio de janeiro
-19.63863100472473,-43.90171846264042,Bulk-Buyer,lagoa santa
-23.219135312411904,-46.83263194186892,Bulk-Buyer,varzea paulista
-17.223373086135236,-46.87518788782276,Bulk-Buyer,paracatu
-19.931520729672776,-43.93375589840736,Bulk-Buyer,belo horizonte
-17.843405678766587,-40.3464798270996,Bulk-Buyer,nanuque
-23.553891310373,-51.46333120412408,Bulk-Buyer,apucarana
-23.61932598043226,-46.700108809095255,Bulk-Buyer,sao paulo
-20.43034840679484,-47.82574642607055,Bulk-Buyer,guara
-3.1010726158751267,-60.01313590674589,Bulk-Buyer,manaus
-23.485840866440782,-46.63530509945437,Bulk-Buyer,sao paulo
-21.72920349988201,-46.38708260903651,Bulk-Buyer,bandeira do sul
-18.9239008462404,-48.25008947100231,Bulk-Buyer,uberlandia
-12.989080027800075,-38.48769070705173,Bulk-Buyer,salvador
-8.037919435195315,-34.89972837468979,Bulk-Buyer,recife
-23.67462611518263,-46.69012919969416,Bulk-Buyer,sao paulo
-26.485276026772077,-51.98993370830179,Bulk-Buyer,palmas
-19.629852923974376,-43.22384359497725,Bulk-Buyer,itabira
-23.538144675421798,-46.70347863868197,Bulk-Buyer,sao paulo
-4.828398401457909,-42.16785305098257,Bulk-Buyer,campo maior
-23.667921785734887,-46.678596063099626,Bulk-Buyer,sao paulo
-25.819017540003703,-48.53977422405385,Bulk-Buyer,matinhos
-22.505694901916865,-44.08955630755467,Bulk-Buyer,volta redonda
-23.57725027484645,-46.563080019752505,Bulk-Buyer,sao paulo
-15.827209034329456,-48.08688617159937,Bulk-Buyer,brasilia
-23.53676737440136,-46.65894785581968,Bulk-Buyer,sao paulo
-3.8784708002568,-38.46024015796462,Bulk-Buyer,eusebio
-23.522169194460325,-51.67660312131849,Bulk-Buyer,mandaguari
-22.545068112960934,-44.17532044976627,Bulk-Buyer,barra mansa
-22.969483040798664,-49.87061220483005,Bulk-Buyer,ourinhos
-23.48162735997463,-46.61653928504239,Bulk-Buyer,sao paulo
-15.745392000000006,-47.89535175000001,Bulk-Buyer,brasilia
-27.589321906197647,-48.52212360618027,Bulk-Buyer,florianopolis
-23.093508970858096,-45.7035398119626,Bulk-Buyer,cacapava
-23.69046829447745,-46.77049852400601,Bulk-Buyer,sao paulo
-22.915108068555597,-43.56323432791364,Bulk-Buyer,rio de janeiro
-23.585129088810685,-46.53865086511053,Bulk-Buyer,sao paulo
-23.58132139716661,-46.63572645253624,Bulk-Buyer,sao paulo
-22.932084510675818,-43.17545342200936,Bulk-Buyer,rio de janeiro
-23.53705271494464,-46.67955799932098,Bulk-Buyer,sao paulo
-2.906543036637033,-41.76111931956149,Bulk-Buyer,parnaiba
-22.788886166906902,-43.38648098790966,Bulk-Buyer,sao joao de meriti
-1.813653345713988,-49.79584145908497,Bulk-Buyer,curralinho
-20.342467507877814,-40.28566821952616,Bulk-Buyer,vila velha
-23.59516667882669,-46.65939695004039,Bulk-Buyer,sao paulo
-18.574160963690236,-46.51316490528759,Bulk-Buyer,patos de minas
-23.55768183319866,-46.67439878253224,Bulk-Buyer,sao paulo
-22.973308930896152,-47.14153015652956,Bulk-Buyer,campinas
-22.884436477927228,-43.38141380682672,Bulk-Buyer,rio de janeiro
-23.636461272162347,-46.838376989223065,Bulk-Buyer,embu
-24.406376677111503,-53.514313385039806,Bulk-Buyer,assis chateaubriand
-22.42605933738185,-43.42262438050091,Bulk-Buyer,paty do alferes
-20.284603009435063,-40.29512303471047,Bulk-Buyer,vitoria
-22.56667829871647,-47.38666335498297,Bulk-Buyer,limeira
-23.57455677047144,-46.53041401027178,Bulk-Buyer,sao paulo
-23.05940028066881,-51.03787531551679,Bulk-Buyer,sertanopolis
-22.8935112964107,-47.0800242164147,Bulk-Buyer,campinas
-23.20077849347913,-45.90838825090883,Bulk-Buyer,sao jose dos campos
-23.571849583674805,-46.64921496878061,Bulk-Buyer,sao paulo
-19.829165681990187,-43.93569428766812,Bulk-Buyer,belo horizonte
-23.57063228440171,-46.763179119456694,Bulk-Buyer,sao paulo
-23.473052978908186,-46.60034358604072,Bulk-Buyer,sao paulo
-23.61877003052688,-46.77291653788447,Bulk-Buyer,taboao da serra
-23.53551746891052,-46.67921326082005,Bulk-Buyer,sao paulo
-29.651808344542687,-51.171106090300064,Bulk-Buyer,estancia velha
-23.54175760166953,-46.30016626692366,Bulk-Buyer,suzano
-18.50630959335238,-54.74901121680464,Bulk-Buyer,coxim
-15.762290018321856,-47.93563842248549,Bulk-Buyer,brasilia
-23.510272799344435,-46.76666691569049,Bulk-Buyer,osasco
-23.451192586441742,-47.40810173307774,Bulk-Buyer,sorocaba
-23.69177231154794,-46.544549807447076,Bulk-Buyer,sao bernardo do campo
-25.44913988952431,-49.28810433527613,Bulk-Buyer,curitiba
-22.98574189148247,-43.231288641410345,Bulk-Buyer,rio de janeiro
-3.8784708002568,-38.46024015796462,Bulk-Buyer,eusebio
-23.53194196947312,-46.58144783458363,Bulk-Buyer,sao paulo
-23.577178694414037,-46.70877864102247,Bulk-Buyer,sao paulo
-23.624257693591645,-46.51504239570952,Bulk-Buyer,santo andre
-22.49841879739165,-44.12527158572528,Bulk-Buyer,volta redonda
-22.514769134748217,-44.00769904247543,Bulk-Buyer,pinheiral
-23.468303755756267,-46.69248706287145,Bulk-Buyer,sao paulo
-18.99754562183551,-40.389527774659946,Bulk-Buyer,vila valerio
-9.660839721217148,-35.72147276399994,Bulk-Buyer,maceio
-16.607770738484998,-49.25051814257287,Bulk-Buyer,goiania
-30.00839962559865,-51.20149509977495,Bulk-Buyer,porto alegre
-22.429715848337285,-50.205234449192936,Bulk-Buyer,echapora
-23.52934877491485,-46.63675764418032,Bulk-Buyer,sao paulo
-19.408455326180675,-42.54825455784787,Bulk-Buyer,santana do paraiso
-14.135623515336455,-47.51737168701058,Bulk-Buyer,alto paraiso de goias
-19.408455326180675,-42.54825455784787,Bulk-Buyer,santana do paraiso
-23.56976284096028,-46.65677240798665,Bulk-Buyer,sao paulo
-18.949000107132548,-48.30624579892085,Bulk-Buyer,uberlandia
-15.84277843726145,-48.12503943935917,Bulk-Buyer,brasilia
-23.220810878485008,-44.7185363572174,Bulk-Buyer,paraty
-23.712859098700683,-47.41623869785824,Bulk-Buyer,piedade
-29.18931886171497,-54.86751986111217,Bulk-Buyer,santiago
-21.6736142894858,-49.75706520613485,Bulk-Buyer,lins
-21.71953997666018,-43.064848571252156,Bulk-Buyer,bicas
-23.548817725797868,-46.83081076342651,Bulk-Buyer,carapicuiba
-20.347482269513343,-40.304814003114416,Bulk-Buyer,vila velha
-23.538072229644374,-46.830656674125485,Bulk-Buyer,carapicuiba
-22.41950093197918,-45.46573786030973,Bulk-Buyer,itajuba
-23.582441147931224,-46.50717982944775,Bulk-Buyer,sao paulo
-23.478780458975653,-46.42653574909117,Bulk-Buyer,sao paulo
-3.839702039413689,-38.5160570788194,Bulk-Buyer,fortaleza
-13.002814446015355,-38.46387616648835,Bulk-Buyer,salvador
-22.633463550008123,-47.05158214661835,Bulk-Buyer,holambra
-23.552592915344245,-46.74335303800004,Bulk-Buyer,sao paulo
-30.145994890249035,-51.12661612707207,Bulk-Buyer,porto alegre
-23.19523611721517,-46.82105201382189,Bulk-Buyer,varzea paulista
-23.98479796586644,-46.300849044480685,Bulk-Buyer,santos
-29.64426260960848,-53.5820499271769,Bulk-Buyer,silveira martins
-25.415320799324896,-49.23061200000001,Bulk-Buyer,curitiba
-23.563814008050084,-46.43270917051042,Bulk-Buyer,sao paulo
-23.485131424736927,-46.85403093540524,Bulk-Buyer,barueri
-20.252961069259563,-47.47875722206474,Bulk-Buyer,pedregulho
-22.40992251985108,-47.56321483192925,Bulk-Buyer,rio claro
-23.57956909512453,-46.64194095745629,Bulk-Buyer,sao paulo
-25.429797282820697,-49.26145886594724,Bulk-Buyer,curitiba
-12.877272955691955,-38.29309999812892,Bulk-Buyer,lauro de freitas
-22.25505153315897,-54.81286819990729,Bulk-Buyer,dourados
-22.961017550926208,-43.21522898932418,Bulk-Buyer,rio de janeiro
-23.69073583236193,-46.74466060567546,Bulk-Buyer,sao paulo
-23.539675631138568,-46.44437114131387,Bulk-Buyer,sao paulo
-21.773499326242096,-41.32261577835123,Bulk-Buyer,campos dos goytacazes
-23.495786339719523,-46.446582525535234,Bulk-Buyer,sao paulo
-19.89853645781635,-43.92141149611918,Bulk-Buyer,belo horizonte
-23.95691508031017,-46.34623532292687,Bulk-Buyer,santos
-23.020354915151103,-45.57141335905713,Bulk-Buyer,taubate
-18.12755468934688,-40.36198462361434,Bulk-Buyer,montanha
-19.8380295527176,-43.17989781281398,Bulk-Buyer,joao monlevade
-23.420360532804608,-46.315320420239146,Bulk-Buyer,aruja
-23.10453286011886,-48.92456450193324,Bulk-Buyer,avare
-28.38881031932184,-53.91661502287606,Bulk-Buyer,ijui
-22.961017550926208,-43.21522898932418,Bulk-Buyer,rio de janeiro
-23.489821337123363,-46.95315217080441,Bulk-Buyer,barueri
-23.51592981949865,-46.38442694097974,Bulk-Buyer,sao paulo
-23.590002908130888,-46.62410069455826,Bulk-Buyer,sao paulo
-22.871238117888137,-42.99391553889953,Bulk-Buyer,sao goncalo
-23.086496272847818,-47.216807769634734,Bulk-Buyer,indaiatuba
-23.617951187344897,-46.69733909437928,Bulk-Buyer,sao paulo
-21.45727633081372,-54.37606147295011,Bulk-Buyer,nova alvorada do sul
-22.974699877315537,-43.70176894594324,Bulk-Buyer,rio de janeiro
-27.023629587602706,-48.64921313036202,Bulk-Buyer,camboriu
-21.76169215935807,-41.33940660165804,Bulk-Buyer,campos dos goytacazes
-23.48181827699231,-46.68970043782104,Bulk-Buyer,sao paulo
-23.61803339886793,-46.72335780277691,Bulk-Buyer,sao paulo
-23.424478609629773,-51.8971907225523,Bulk-Buyer,maringa
-14.88003379383598,-40.83200304870452,Bulk-Buyer,vitoria da conquista
-19.965074323330903,-43.94845903260437,Bulk-Buyer,belo horizonte
-22.014427485140583,-47.9076801448728,Bulk-Buyer,sao carlos
-12.952189049112675,-38.40456767638062,Bulk-Buyer,salvador
-2.4945614074739177,-44.22573603193028,Bulk-Buyer,sao luis
-23.679914005259526,-46.653080532056094,Bulk-Buyer,sao paulo
-22.611795176881117,-46.05759647560996,Bulk-Buyer,cambui
-26.23724213376373,-48.817712924774,Bulk-Buyer,joinville
-23.60904139771487,-46.69150337148715,Bulk-Buyer,sao paulo
-3.7553418784801464,-49.673347945937415,Bulk-Buyer,hidreletrica tucurui
-24.95063281959432,-53.44820648244274,Bulk-Buyer,cascavel
-23.52854763911564,-46.310632138200326,Bulk-Buyer,suzano
-22.2328588874177,-43.10113286213269,Bulk-Buyer,areal
-22.8885464074384,-48.44093727755606,Bulk-Buyer,botucatu
-23.58144166556059,-46.676905669441396,Bulk-Buyer,sao paulo
-23.554850323330907,-46.676875640862086,Bulk-Buyer,sao paulo
-18.416252607944926,-49.22675887279868,Bulk-Buyer,itumbiara
-27.86029180662025,-54.4574076114008,Bulk-Buyer,santa rosa
-22.849642847400503,-43.377451080688495,Bulk-Buyer,rio de janeiro
-27.005188244285076,-51.15087636295904,Bulk-Buyer,videira
-23.447309060505503,-46.50225707576894,Bulk-Buyer,guarulhos
-26.243788027900305,-48.626679164378125,Bulk-Buyer,sao francisco do sul
-22.93904555398464,-47.0948806120887,Bulk-Buyer,campinas
-23.48911948710249,-46.48569040817299,Bulk-Buyer,sao paulo
-23.533145287264094,-46.71661485858965,Bulk-Buyer,sao paulo
-21.834273377974693,-45.40137544362004,Bulk-Buyer,campanha
-14.674651464380743,-39.3757329879287,Bulk-Buyer,itajuipe
-19.755333076175948,-40.385221986787215,Bulk-Buyer,joao neiva
-22.725692055254047,-47.65090621510182,Bulk-Buyer,piracicaba
-23.54068640527567,-46.341216293366614,Bulk-Buyer,poa
-23.502454910352583,-46.413583616711854,Bulk-Buyer,sao paulo
-23.529877564256413,-46.68556505704306,Bulk-Buyer,sao paulo
-19.915064056000052,-44.090332633474404,Bulk-Buyer,contagem
-19.80826488290669,-44.019621010820046,Bulk-Buyer,ribeirao das neves
-19.957310559178076,-44.34250895995549,Bulk-Buyer,juatuba
-23.62023315809372,-46.753747844783305,Bulk-Buyer,sao paulo
-18.914980232586977,-48.27813616348312,Bulk-Buyer,uberlandia
-29.77715250963297,-51.11512049199179,Bulk-Buyer,sao leopoldo
-19.979423575086685,-43.94002821445109,Bulk-Buyer,nova lima
2.8129965381058715,-60.70111707720853,Bulk-Buyer,boa vista
-22.91731807201573,-43.09368761944342,Bulk-Buyer,niteroi
-21.77305317401471,-43.38114378425809,Bulk-Buyer,juiz de fora
-23.54940583083272,-46.78764712281436,Bulk-Buyer,osasco
-20.75533341719481,-42.88055185516512,Bulk-Buyer,vicosa
-23.60949202553521,-46.74054679600666,Bulk-Buyer,sao paulo
-23.45368695730606,-46.8821892773317,Bulk-Buyer,santana de parnaiba
-23.541700023861782,-46.64131782056096,Bulk-Buyer,sao paulo
-29.960143953084494,-51.16426715569284,Bulk-Buyer,canoas
-27.10280758292204,-52.61913816501836,Bulk-Buyer,chapeco
-27.59498544240868,-48.54438165070117,Bulk-Buyer,florianopolis
-19.51359351783617,-41.01380268321491,Bulk-Buyer,baixo guandu
-13.069834727942652,-55.91917142615319,Bulk-Buyer,lucas do rio verde
-23.552916506520862,-46.63970305438866,Bulk-Buyer,sao paulo
-22.958491500000004,-42.98904225000001,Bulk-Buyer,marica
-22.66016782923469,-52.86364874079564,Bulk-Buyer,diamante do norte
-23.172524723254675,-46.88719218616193,Bulk-Buyer,jundiai
-19.97265464695712,-44.033670488058725,Bulk-Buyer,contagem
-22.8961984228604,-43.35568746796124,Bulk-Buyer,rio de janeiro
-23.629106481021072,-45.43334768803078,Bulk-Buyer,caraguatatuba
-16.517461733875813,-50.374154295252886,Bulk-Buyer,sao luis de montes belos
-22.642632444841645,-47.18986746209727,Bulk-Buyer,cosmopolis
-22.9961882714524,-43.25844145073268,Bulk-Buyer,rio de janeiro
-15.605326859428972,-47.656376480861866,Bulk-Buyer,brasilia
-23.96954523993056,-46.371917161879885,Bulk-Buyer,sao vicente
-22.392665048156225,-47.57602909090359,Bulk-Buyer,rio claro
-22.897497594494848,-43.5771638381903,Bulk-Buyer,rio de janeiro
-16.720206671247006,-49.31272390173932,Bulk-Buyer,goiania
-23.475165108517537,-46.74099035789715,Bulk-Buyer,sao paulo
-23.51183654000024,-46.54906348251485,Bulk-Buyer,sao paulo
-23.050279947968658,-50.22913672263493,Bulk-Buyer,andira
-23.65762710519932,-46.65542499230842,Bulk-Buyer,sao paulo
-20.554950968499107,-47.38769088301032,Bulk-Buyer,franca
-23.570810444514542,-46.69077501106554,Bulk-Buyer,sao paulo
-23.66680329236412,-46.78338322207837,Bulk-Buyer,sao paulo
-23.25769075019808,-51.13890605714141,Bulk-Buyer,londrina
-23.562466386346568,-46.660461365110514,Bulk-Buyer,sao paulo
-23.70391676910317,-46.566332140061476,Bulk-Buyer,sao bernardo do campo
-22.906360477927223,-43.17373483028446,Bulk-Buyer,rio de janeiro
-23.54446292977097,-46.56591579892085,Bulk-Buyer,sao paulo
-18.83730838471889,-41.94885079387514,Bulk-Buyer,governador valadares
-22.981023031089478,-49.8543563748223,Bulk-Buyer,ourinhos
-22.22068369024491,-51.3029702550986,Bulk-Buyer,regente feijo
-29.702038395581766,-53.80354561132339,Bulk-Buyer,santa maria
-23.39395199999999,-51.934415656470456,Bulk-Buyer,maringa
-14.81140214348782,-39.27390786358306,Bulk-Buyer,itabuna
-21.165370022730333,-47.79714447071386,Bulk-Buyer,ribeirao preto
-24.306217522621033,-46.99171352379555,Bulk-Buyer,peruibe
-8.28606907206765,-35.970872835421964,Bulk-Buyer,caruaru
-22.98598325783374,-43.19186641534424,Bulk-Buyer,rio de janeiro
-25.451604067454056,-49.103312513613446,Bulk-Buyer,piraquara
-2.4243989420876417,-54.71304339549161,Bulk-Buyer,santarem
-22.89935304509784,-43.24892829542961,Bulk-Buyer,rio de janeiro
-6.7867996362287,-43.57175421777694,Bulk-Buyer,guadalupe
-21.136678244289467,-44.25579763290212,Bulk-Buyer,sao joao del rei
-20.0696262119937,-44.30525216439034,Bulk-Buyer,igarape
-21.25013905331707,-50.64596986759825,Bulk-Buyer,guararapes
-17.733479770995473,-49.11180619402263,Bulk-Buyer,morrinhos
-23.45918983596862,-46.60381299937963,Bulk-Buyer,sao paulo
-6.074258046829258,-49.897436959141274,Bulk-Buyer,parauapebas
-2.5279053105776152,-44.30032760603397,Bulk-Buyer,sao luis
-23.582599229528547,-46.68734709409082,Bulk-Buyer,sao paulo
-24.522633,-48.10817950599734,Bulk-Buyer,eldorado
-23.523749356976268,-46.84042771221009,Bulk-Buyer,carapicuiba
-30.004722173672228,-51.06048511620211,Bulk-Buyer,alvorada
-19.454748663887155,-42.546900242714514,Bulk-Buyer,ipatinga
-19.940673920133687,-44.01920608312653,Bulk-Buyer,belo horizonte
-22.611795176881117,-46.05759647560996,Bulk-Buyer,cambui
-22.89790805002283,-43.0995147477723,Bulk-Buyer,niteroi
-23.45973268964888,-46.62452278282069,Bulk-Buyer,sao paulo
-23.533145287264094,-46.71661485858965,Bulk-Buyer,sao paulo
-23.489033888424046,-46.59122368171853,Bulk-Buyer,sao paulo
-6.766953359979558,-37.79529701126036,Bulk-Buyer,pombal
-23.336102107431003,-47.84983789504524,Bulk-Buyer,tatui
-15.76893084540368,-47.92512273645806,Bulk-Buyer,brasilia
-27.59651850814751,-48.610147304148356,Bulk-Buyer,sao jose
-19.93697065093891,-43.97550849990613,Bulk-Buyer,belo horizonte
-29.76370205891245,-57.07911331516962,Bulk-Buyer,uruguaiana
-30.05085060283391,-51.19784776797955,Bulk-Buyer,porto alegre
-21.486471927360125,-51.533519507923636,Bulk-Buyer,dracena
-22.39201824194517,-41.78013377458912,Bulk-Buyer,macae
-23.475165108517537,-46.74099035789715,Bulk-Buyer,sao paulo
-22.93540974271452,-46.54507155170937,Bulk-Buyer,braganca paulista
-23.550262507213354,-46.71478603692625,Bulk-Buyer,sao paulo
-31.758180621703502,-52.32378357209015,Bulk-Buyer,pelotas
-23.62117954731953,-46.63323419608747,Bulk-Buyer,sao paulo
-22.738226374141554,-47.6199425173409,Bulk-Buyer,piracicaba
-27.589321906197647,-48.52212360618027,Bulk-Buyer,florianopolis
-26.89059349827484,-48.65193750938463,Bulk-Buyer,navegantes
-20.71706301120797,-47.878333086473205,Bulk-Buyer,orlandia
-22.671472778010283,-50.412483031479425,Bulk-Buyer,assis
-23.663992368861425,-46.5384039775232,Bulk-Buyer,santo andre
-19.877727652086158,-43.995110704830054,Bulk-Buyer,belo horizonte
-22.79184654629542,-43.41505330811631,Bulk-Buyer,mesquita
-22.89427492911236,-43.120283203407965,Bulk-Buyer,niteroi
-30.11816673735381,-51.32783537391998,Bulk-Buyer,guaiba
-23.62740729531417,-46.73926123120198,Bulk-Buyer,sao paulo
-20.905361488327202,-48.641110232682266,Bulk-Buyer,monte azul paulista
-6.074258046829258,-49.897436959141274,Bulk-Buyer,parauapebas
-10.85666556707265,-37.08593457569617,Bulk-Buyer,nossa senhora do socorro
-19.984193818802098,-44.00209721994925,Bulk-Buyer,belo horizonte
-23.036145012236425,-45.54576147552716,Bulk-Buyer,taubate
-23.51697651012756,-46.75078278267647,Bulk-Buyer,sao paulo
-23.93360133279263,-46.430508466726195,Bulk-Buyer,cubatao
-23.705939631453408,-49.482958686566384,Bulk-Buyer,itaporanga
-23.20414980599,-45.89810482431184,Bulk-Buyer,sao jose dos campos
-23.626092843590477,-46.7441113627446,Bulk-Buyer,sao paulo
-8.045435320431045,-34.89461700360667,Bulk-Buyer,recife
-22.7809003663842,-45.19866752991863,Bulk-Buyer,guaratingueta
-23.585594589647407,-46.626391537538225,Bulk-Buyer,sao paulo
-19.169359099709144,-47.67705975448232,Bulk-Buyer,nova ponte
-23.737873499999992,-46.57451709960222,Bulk-Buyer,sao bernardo do campo
-23.642799233423684,-46.57183746364473,Bulk-Buyer,sao caetano do sul
-23.539769438915215,-46.85317597976109,Bulk-Buyer,carapicuiba
-23.331396805947033,-46.73252832276876,Bulk-Buyer,franco da rocha
-23.48720985712605,-46.775858754048286,Bulk-Buyer,osasco
0.03653982498138615,-51.090970333831336,Bulk-Buyer,macapa
-23.654115064371982,-46.59480066377157,Bulk-Buyer,sao bernardo do campo
-21.40575900554004,-48.5036568684573,Bulk-Buyer,taquaritinga
-29.75452832443038,-50.017691069847736,Bulk-Buyer,capao da canoa
-30.06074330004604,-51.21585536955391,Bulk-Buyer,porto alegre
-23.55743778818944,-46.929352145956976,Bulk-Buyer,itapevi
-29.856377320571312,-51.273430816339435,Bulk-Buyer,nova santa rita
-27.001867914675422,-48.65638619245989,Bulk-Buyer,camboriu
-18.999910278635895,-46.31220123561797,Bulk-Buyer,carmo do paranaiba
-23.532719186359824,-46.66665820552254,Bulk-Buyer,sao paulo
-15.847616374458745,-47.89691063216942,Bulk-Buyer,brasilia
-27.42147641216773,-48.42632113725541,Bulk-Buyer,florianopolis
-23.457578013460104,-46.50805226637429,Bulk-Buyer,guarulhos
-23.09537257517733,-46.6002934902457,Bulk-Buyer,atibaia
-23.506140161325376,-47.47047479156328,Bulk-Buyer,sorocaba
-23.57241932843741,-46.81889442976561,Bulk-Buyer,carapicuiba
-23.552494470713864,-46.62960898251487,Bulk-Buyer,sao paulo
-20.86812036589624,-48.294304848029974,Bulk-Buyer,viradouro
-4.776773248483349,-48.06884080612588,Bulk-Buyer,rondon do para
-23.441645336112845,-45.077753319947206,Bulk-Buyer,ubatuba
-22.704387287090093,-43.16229169592343,Bulk-Buyer,mage
-19.92772413405276,-43.94438902498696,Bulk-Buyer,belo horizonte
-30.014557459893823,-51.14874284110451,Bulk-Buyer,porto alegre
-22.372809959908444,-41.795311747194695,Bulk-Buyer,macae
-3.979748254325719,-40.69620637830805,Bulk-Buyer,pacuja
-22.11623854041373,-46.68372358940387,Bulk-Buyer,santo antonio do jardim
-17.223373086135236,-46.87518788782276,Bulk-Buyer,paracatu
-30.103148639477105,-51.24252086392755,Bulk-Buyer,porto alegre
-22.214691974683763,-45.9104248489332,Bulk-Buyer,pouso alegre
-23.614083951835845,-46.72694964612173,Bulk-Buyer,sao paulo
-23.502353609483983,-46.39311521787179,Bulk-Buyer,sao paulo
-22.481398523517264,-47.45877212094766,Bulk-Buyer,cordeiropolis
-23.49494106214648,-46.88587201908224,Bulk-Buyer,barueri
-22.780028847256126,-47.301545526454255,Bulk-Buyer,nova odessa
-23.171412122396,-45.79514513411988,Bulk-Buyer,sao jose dos campos
-21.13760424965375,-47.98923573723238,Bulk-Buyer,sertaozinho
-25.459683543568623,-49.29405194171619,Bulk-Buyer,curitiba
-13.151977256355504,-41.77418878299902,Bulk-Buyer,piata
-21.62507900799979,-42.10392483942479,Bulk-Buyer,aperibe
-32.03885036699184,-52.08397032474847,Bulk-Buyer,rio grande
-21.486471927360125,-51.533519507923636,Bulk-Buyer,dracena
-23.48837874271452,-47.44878356509313,Bulk-Buyer,sorocaba
-23.53531161642339,-46.728969547608,Bulk-Buyer,sao paulo
-30.060123510040675,-51.159641555384155,Bulk-Buyer,porto alegre
-23.50095891733691,-47.462172582636065,Bulk-Buyer,sorocaba
-27.687217069810668,-48.56032471280801,Bulk-Buyer,florianopolis
-23.673717,-46.73802249785042,Bulk-Buyer,sao paulo
-12.546558009589456,-55.72532214453517,Bulk-Buyer,sorriso
-22.715320295169995,-43.521764871112346,Bulk-Buyer,nova iguacu
-23.45368695730606,-46.8821892773317,Bulk-Buyer,santana de parnaiba
-22.884255334727865,-47.06813275200536,Bulk-Buyer,campinas
-23.019669210095834,-46.98777662017514,Bulk-Buyer,vinhedo
-23.243923986336238,-45.88750177901217,Bulk-Buyer,sao jose dos campos
-22.93534069637593,-43.186718398333056,Bulk-Buyer,rio de janeiro
-24.179855538627187,-46.79049637055164,Bulk-Buyer,itanhaem
-19.78273278522906,-43.919885072397044,Bulk-Buyer,santa luzia
-23.156299066198635,-47.04923371339494,Bulk-Buyer,itupeva
-23.83394350350837,-46.81523885752993,Bulk-Buyer,embu-guacu
-22.937430121847743,-43.176862902706524,Bulk-Buyer,rio de janeiro
-23.496518975849764,-46.65612992867445,Bulk-Buyer,sao paulo
-19.8595462052484,-43.95570128711987,Bulk-Buyer,belo horizonte
-25.415320799324896,-49.23061200000001,Bulk-Buyer,curitiba
-25.406665878440407,-52.4116721980017,Bulk-Buyer,laranjeiras do sul
-22.92478771996359,-43.199137587425696,Bulk-Buyer,rio de janeiro
-29.16889891571565,-51.51588958880006,Bulk-Buyer,bento goncalves
-22.93035788314392,-43.24161788510583,Bulk-Buyer,rio de janeiro
-19.89852966212726,-44.03415449217125,Bulk-Buyer,contagem
-23.014294742166268,-43.46413167283893,Bulk-Buyer,rio de janeiro
-26.779777308618385,-49.36550744980381,Bulk-Buyer,benedito novo
-21.715165040665905,-52.42308537704634,Bulk-Buyer,bataguassu
-22.89790805002283,-43.0995147477723,Bulk-Buyer,niteroi
-23.01799352232197,-50.40724891321596,Bulk-Buyer,itambaraca
-28.208125105536304,-53.48503161974425,Bulk-Buyer,condor
-19.924139199838383,-43.99023111795261,Bulk-Buyer,belo horizonte
-25.53882101787055,-54.57600672524666,Bulk-Buyer,foz do iguacu
-27.057758960699346,-49.5221629352333,Bulk-Buyer,ibirama
-23.220810878485008,-44.7185363572174,Bulk-Buyer,paraty
-22.739120738271115,-47.63636231303046,Bulk-Buyer,piracicaba
-22.519867377177885,-43.192768412910056,Bulk-Buyer,petropolis
-18.914980232586977,-48.27813616348312,Bulk-Buyer,uberlandia
-23.59614572125607,-46.73015821624435,Bulk-Buyer,sao paulo
-21.948997156046385,-44.18961511676595,Bulk-Buyer,bom jardim de minas
-19.92878416430552,-43.91727058979163,Bulk-Buyer,belo horizonte
-16.726438713451063,-43.87534930197928,Bulk-Buyer,montes claros
-20.70822656892881,-42.71825190788928,Bulk-Buyer,sao miguel do anta
-22.851001487376614,-43.342430948583306,Bulk-Buyer,rio de janeiro
-30.111994456561273,-51.246301850409665,Bulk-Buyer,porto alegre
-18.936702702693847,-47.00246204845439,Bulk-Buyer,patrocinio
-9.470911017288213,-40.8145352415303,Bulk-Buyer,sobradinho
-22.58345033666111,-44.97570129378496,Bulk-Buyer,cruzeiro
-23.595721376074792,-46.63137742885918,Bulk-Buyer,sao paulo
-23.57564904599956,-46.80155392181534,Bulk-Buyer,osasco
-23.533355284205676,-46.5329695022217,Bulk-Buyer,sao paulo
-21.788259192047157,-46.565584849600626,Bulk-Buyer,pocos de caldas
-28.25857565440532,-52.406503307382735,Bulk-Buyer,passo fundo
-20.53731337220195,-43.98254664133645,Bulk-Buyer,jeceaba
-16.024303965104266,-48.07309083213991,Bulk-Buyer,brasilia
-23.41464835527768,-51.94228360784475,Bulk-Buyer,maringa
-20.47397292035024,-54.609696916873446,Bulk-Buyer,campo grande
-22.986114974864595,-43.4561553524591,Bulk-Buyer,rio de janeiro
-20.006527513538202,-44.04587027934002,Bulk-Buyer,ibirite
-21.944082115264106,-46.71713346976612,Bulk-Buyer,aguas da prata
-27.102098999999946,-48.62961349999995,Bulk-Buyer,itapema
-15.590412031085542,-56.09393357525619,Bulk-Buyer,cuiaba
-8.74806526700877,-63.85918024193474,Bulk-Buyer,porto velho
-22.504630817453137,-43.16830365249469,Bulk-Buyer,petropolis
-20.19270569926364,-40.233621188602434,Bulk-Buyer,serra
-13.660248314229651,-57.88912259575866,Bulk-Buyer,campo novo do parecis
-23.67983163558196,-46.64493090605341,Bulk-Buyer,sao paulo
-22.67702531062184,-43.59649138541396,Bulk-Buyer,japeri
-23.53705271494464,-46.67955799932098,Bulk-Buyer,sao paulo
-23.680691725863294,-46.772588988963605,Bulk-Buyer,sao paulo
-22.833285130035133,-47.10295667943906,Bulk-Buyer,campinas
-22.41805726356756,-42.976309487653126,Bulk-Buyer,teresopolis
-23.442873747432053,-46.40472063592881,Bulk-Buyer,guarulhos
-28.47641771282199,-49.011778005554255,Engaged-Premium,tubarao
-21.990430556235115,-47.41427024999999,Engaged-Premium,pirassununga
-22.93941799056493,-47.0590556692833,Engaged-Premium,campinas
-20.772770389722567,-45.27402968238525,Engaged-Premium,candeias
-22.353254767471807,-49.10113233057293,Engaged-Premium,bauru
-12.960720944722102,-38.40792767251398,Engaged-Premium,salvador
-22.895030477006426,-42.045192891502055,Engaged-Premium,cabo frio
-22.884255334727865,-47.06813275200536,Engaged-Premium,campinas
-16.480592758859288,-54.64511477185643,Engaged-Premium,rondonopolis
-22.93904555398464,-47.0948806120887,Engaged-Premium,campinas
-19.90625324508045,-43.92317252137203,Engaged-Premium,belo horizonte
-24.306217522621033,-46.99171352379555,Engaged-Premium,peruibe
-23.255119679601947,-45.82853633399433,Engaged-Premium,sao jose dos campos
-23.7999748135524,-48.59929082756874,Engaged-Premium,buri
-1.428168145680862,-48.467978469761576,Engaged-Premium,belem
-22.25460065639966,-49.93594210206878,Engaged-Premium,marilia
-23.568545985129155,-47.45887838498334,Engaged-Premium,votorantim
-1.4143021610625788,-48.44500122170078,Engaged-Premium,belem
-29.907972525102533,-51.224831214265095,Engaged-Premium,canoas
-13.025947815305006,-39.028784254314175,Engaged-Premium,nazare
-23.484389018321856,-46.59482371766977,Engaged-Premium,sao paulo
-10.219778809219983,-48.34605060452032,Engaged-Premium,palmas
-23.676819385928212,-46.80447602125038,Engaged-Premium,embu das artes
-20.047946200290113,-44.262463674959385,Engaged-Premium,sao joaquim de bicas
-13.228184823758374,-39.50584649713243,Engaged-Premium,mutuipe
-23.599380129610207,-46.52406792973573,Engaged-Premium,sao paulo
-26.313388752986302,-48.85602003497027,Engaged-Premium,joinville
-17.22082692099123,-42.58941076176692,Engaged-Premium,minas novas
-22.36989565390383,-47.36265300000001,Engaged-Premium,araras
-19.576144076847083,-46.93175726973184,Engaged-Premium,araxa
-22.807903515407663,-43.19893621357261,Engaged-Premium,rio de janeiro
-25.459683543568623,-49.29405194171619,Engaged-Premium,curitiba
-21.11322254808119,-47.98765318184038,Engaged-Premium,sertaozinho
-28.47872374430677,-48.78243520831508,Engaged-Premium,laguna
-18.4760791367949,-47.19905203561228,Engaged-Premium,coromandel
-23.74062577909457,-46.53052021940046,Engaged-Premium,sao bernardo do campo
-23.003432080601453,-45.57667193128501,Engaged-Premium,taubate
-22.972498753993328,-45.545758329101865,Engaged-Premium,tremembe
-27.589984836805336,-48.55106215633563,Engaged-Premium,florianopolis
-21.213234471002323,-50.45541999999995,Engaged-Premium,aracatuba
-23.02499883377845,-45.5572207464897,Engaged-Premium,taubate
-22.893804195996008,-42.03375999999997,Engaged-Premium,cabo frio
-2.885694829305862,-40.11835179853958,Engaged-Premium,acarau
-23.07305263436313,-47.226078310828754,Engaged-Premium,indaiatuba
-22.942701178458105,-47.16072873827111,Engaged-Premium,campinas
-23.952467126839394,-46.31984960199666,Engaged-Premium,santos
-23.19466270136176,-46.83028293500497,Engaged-Premium,varzea paulista
-23.5518940269202,-46.39927099264239,Engaged-Premium,sao paulo
-13.440861784452997,-49.147183161934976,Engaged-Premium,porangatu
-22.997187,-47.5061538506838,Engaged-Premium,capivari
-22.84686276602804,-43.46566702345776,Engaged-Premium,rio de janeiro
-23.298780796855254,-46.758265702346435,Engaged-Premium,franco da rocha
-23.563945348181996,-46.80352080156092,Engaged-Premium,osasco
-24.00327729814238,-46.444065024698496,Engaged-Premium,praia grande
-23.514143065690625,-46.71387053941367,Engaged-Premium,sao paulo
-22.48942130244834,-47.20870157745996,Engaged-Premium,engenheiro coelho
-23.492788669441406,-46.706291980105455,Engaged-Premium,sao paulo
-23.554850323330907,-46.676875640862086,Engaged-Premium,sao paulo
-7.142811779069782,-34.88815056119799,Engaged-Premium,joao pessoa
-25.440104033389556,-49.35158480404242,Engaged-Premium,curitiba
-29.459435610902617,-51.96731353723487,Engaged-Premium,lajeado
-18.975697629882532,-49.4636254611456,Engaged-Premium,ituiutaba
-29.547431756035273,-49.892034005858456,Engaged-Premium,arroio do sal
-22.13506586164283,-51.39233422403981,Engaged-Premium,presidente prudente
-22.7263133542557,-47.33702039244908,Engaged-Premium,americana
-23.531113727706117,-46.85846392582221,Engaged-Premium,carapicuiba
-23.61382545730628,-52.08395551318225,Engaged-Premium,floresta
-22.95316063657791,-43.02849945201626,Engaged-Premium,niteroi
-26.513068402077497,-49.13319506542504,Engaged-Premium,jaragua do sul
-22.919479294300192,-47.087033806308355,Engaged-Premium,campinas
-22.854723183291437,-47.21420001345367,Engaged-Premium,hortolandia
-22.889148401335888,-43.32770088481736,Engaged-Premium,rio de janeiro
-22.72726637352154,-43.45206900527729,Engaged-Premium,nova iguacu
-28.243898305427816,-52.38739626332264,Engaged-Premium,passo fundo
-15.667793597627048,-48.201636462990905,Engaged-Premium,brasilia
-20.458367340267788,-54.597323291299546,Engaged-Premium,campo grande
-19.94007348777572,-44.05252456747879,Engaged-Premium,contagem
-23.02668528288825,-45.576395725881945,Engaged-Premium,taubate
-24.96277461073924,-53.48447611887644,Engaged-Premium,cascavel
-7.625886788253401,-72.67098698091266,Engaged-Premium,cruzeiro do sul
-14.875375557236795,-40.837112358422665,Engaged-Premium,vitoria da conquista
-25.54396702400601,-49.154679464395,Engaged-Premium,sao jose dos pinhais
-23.623320803220032,-46.6886157014975,Engaged-Premium,sao paulo
-23.18300381820934,-46.96922804883066,Engaged-Premium,jundiai
-23.644885766864764,-46.606792633115546,Engaged-Premium,sao paulo
0.09268627423278775,-51.05732958179381,Engaged-Premium,macapa
-22.258878689216097,-45.927356398989424,Engaged-Premium,pouso alegre
-22.653114751653362,-43.03598589060111,Engaged-Premium,mage
-20.73799136507532,-48.91093038579832,Engaged-Premium,olimpia
-18.65158486656263,-48.19241119054979,Engaged-Premium,araguari
-20.283955823330007,-50.24895240386773,Engaged-Premium,fernandopolis
-12.955363740854134,-38.480797077323174,Engaged-Premium,salvador
-22.935304308644387,-43.333493394632,Engaged-Premium,rio de janeiro
-22.89971307208766,-42.9895236272342,Engaged-Premium,niteroi
-24.076505170680576,-46.59340487457402,Engaged-Premium,praia grande
-23.581172807663428,-46.56715675659299,Engaged-Premium,sao paulo
-23.657452634995465,-46.612405838882815,Engaged-Premium,sao paulo
-15.917993883123463,-48.06316496979385,Engaged-Premium,brasilia
-22.495340765671195,-43.1587692896266,Engaged-Premium,petropolis
-20.470089924781412,-45.96141713422533,Engaged-Premium,piumhii
-7.058760517666207,-35.316197086100644,Engaged-Premium,mari
-15.624468982185459,-47.64765252997054,Engaged-Premium,brasilia
-22.815872853453754,-43.22428740146579,Engaged-Premium,rio de janeiro
-23.02381377523277,-45.54999278866723,Engaged-Premium,taubate
-19.931520321999983,-43.90876933227804,Engaged-Premium,belo horizonte
-19.91382055842804,-43.96041526152686,Engaged-Premium,belo horizonte
-7.600781248443465,-43.02680360894576,Engaged-Premium,itaueira
-12.425706503878423,-38.32837310702847,Engaged-Premium,pojuca
-3.816051514136357,-38.57303300416514,Engaged-Premium,fortaleza
-23.6212805703204,-47.01055566117187,Engaged-Premium,vargem grande paulista
-27.57810195754381,-50.15598753108445,Engaged-Premium,palmeira
-23.22491593078331,-47.95468585633059,Engaged-Premium,cesario lange
-25.437089594076483,-49.19547835610814,Engaged-Premium,pinhais
-22.81495454899297,-47.26247727866576,Engaged-Premium,sumare
-23.614918994171617,-46.484327341796984,Engaged-Premium,sao paulo
-23.457640227315764,-46.353653253303214,Engaged-Premium,itaquaquecetuba
-22.900808962023916,-43.67233683112119,Engaged-Premium,rio de janeiro
-19.91253893978333,-44.07245325000001,Engaged-Premium,contagem
-23.562466386346568,-46.660461365110514,Engaged-Premium,sao paulo
-23.27744192933777,-51.181865674995656,Engaged-Premium,londrina
-23.67332717021707,-46.54528848405988,Engaged-Premium,santo andre
-20.829359182194747,-49.379270257390985,Engaged-Premium,sao jose do rio preto
-17.55693279765454,-52.548089312017424,Engaged-Premium,mineiros
-23.645375927169333,-46.768689762702834,Engaged-Premium,sao paulo
-23.67331510130417,-46.75152780183506,Engaged-Premium,sao paulo
-31.759944245535447,-52.23502066758027,Engaged-Premium,pelotas
-23.53178278562272,-46.33532689737445,Engaged-Premium,poa
-26.274930382532375,-48.81981637179745,Engaged-Premium,joinville
-21.13502492200935,-47.83299437246811,Engaged-Premium,ribeirao preto
-22.82009022000884,-43.42224267140775,Engaged-Premium,nilopolis
-23.51572635804139,-46.80061461626018,Engaged-Premium,osasco
-23.312708528449416,-51.1673625,Engaged-Premium,londrina
-19.858114249230724,-44.609683856452435,Engaged-Premium,para de minas
-23.39495727638213,-46.7178745983416,Engaged-Premium,caieiras
-23.47182772134857,-46.704126491603674,Engaged-Premium,sao paulo
-23.675383292976267,-46.46409216235794,Engaged-Premium,maua
-25.591427196215275,-49.40237875491315,Engaged-Premium,araucaria
-23.56369116180969,-46.69803053996195,Engaged-Premium,sao paulo
-7.124907501010924,-34.88787341622513,Engaged-Premium,joao pessoa
-27.867609656809233,-54.47651618723757,Engaged-Premium,santa rosa
-12.952189049112675,-38.40456767638062,Engaged-Premium,salvador
-23.59674469900167,-46.91078004662704,Engaged-Premium,cotia
-22.33864515414364,-49.11128678194573,Engaged-Premium,bauru
-23.597426126839395,-46.63496154717532,Engaged-Premium,sao paulo
-23.243923986336238,-45.88750177901217,Engaged-Premium,sao jose dos campos
-15.827847959747162,-48.09744834008883,Engaged-Premium,brasilia
-23.35761009165814,-47.85425054602937,Engaged-Premium,tatui
-20.00451182686455,-44.03188897391651,Engaged-Premium,belo horizonte
-22.970894018595992,-43.38784233625709,Engaged-Premium,rio de janeiro
-12.901199936911826,-38.4682723805652,Engaged-Premium,salvador
-19.867906407416527,-43.948638825898854,Engaged-Premium,belo horizonte
-22.2328588874177,-43.10113286213269,Engaged-Premium,areal
-5.848012519014349,-35.24228964674826,Engaged-Premium,natal
-26.819148874683414,-49.090867153413356,Engaged-Premium,blumenau
-23.537648462115527,-46.46532176686477,Engaged-Premium,sao paulo
-21.806688623479666,-49.604713417675256,Engaged-Premium,cafelandia
-3.3944979719389603,-44.35630543669049,Engaged-Premium,itapecuru mirim
-22.893804195996008,-42.03375999999997,Engaged-Premium,cabo frio
-22.930452979874794,-47.035929675986,Engaged-Premium,campinas
-23.22491593078331,-47.95468585633059,Engaged-Premium,cesario lange
-21.19017772938432,-47.76987064730896,Engaged-Premium,ribeirao preto
-23.766645868572724,-46.70429741333645,Engaged-Premium,sao paulo
-22.717479756570565,-43.56533996657832,Engaged-Premium,queimados
-23.44540306189049,-46.54143494679429,Engaged-Premium,guarulhos
-22.80943323970382,-47.227060795124615,Engaged-Premium,sumare
-29.684071732021668,-53.81278270760001,Engaged-Premium,santa maria
-23.670394104622392,-46.47515734762539,Engaged-Premium,maua
-22.93035788314392,-43.24161788510583,Engaged-Premium,rio de janeiro
-21.77305317401471,-43.38114378425809,Engaged-Premium,juiz de fora
-22.833285130035133,-47.10295667943906,Engaged-Premium,campinas
-22.915108068555597,-43.56323432791364,Engaged-Premium,rio de janeiro
-23.51898546932889,-47.48568512738764,Engaged-Premium,sorocaba
-23.50881422546093,-47.61194381391098,Engaged-Premium,aracoiaba da serra
-22.18674446677089,-47.388137119405044,Engaged-Premium,leme
-26.731781999999995,-53.518667424888754,Engaged-Premium,sao miguel do oeste
-9.958477545576638,-67.828796737997,Engaged-Premium,rio branco
-22.323580795222504,-42.5478444515302,Engaged-Premium,nova friburgo
-23.257968554601742,-51.15655491016128,Engaged-Premium,londrina
-23.63260424617697,-46.76020040743839,Engaged-Premium,sao paulo
-20.471433810981644,-54.54934331597331,Engaged-Premium,campo grande
-23.492952011368303,-46.78744234076533,Engaged-Premium,osasco
-23.594234451891793,-46.53439933716378,Engaged-Premium,sao paulo
-12.993092863725533,-38.4463299970858,Engaged-Premium,salvador
-21.834675764125997,-46.898576447392045,Engaged-Premium,vargem grande do sul
-21.756112849319592,-41.331979873023,Engaged-Premium,campos dos goytacazes
-20.05297999029893,-43.97877855453075,Engaged-Premium,nova lima
-22.533390248012804,-43.56815285712736,Engaged-Premium,conrado
-29.166609911666264,-51.1797340200537,Engaged-Premium,caxias do sul
-23.41882311285771,-47.41656602261881,Engaged-Premium,sorocaba
-23.51171068412915,-46.4244273274933,Engaged-Premium,sao paulo
-18.92992184359797,-48.31503964475142,Engaged-Premium,uberlandia
-22.74073757204978,-47.376815906482335,Engaged-Premium,santa barbara d'oeste
-23.211061972115367,-46.76376569389638,Engaged-Premium,campo limpo paulista
-23.51503460560334,-46.44060207799066,Engaged-Premium,sao paulo
-22.31298125015008,-41.72221641038342,Engaged-Premium,macae
-22.72941717024144,-47.16973983875547,Engaged-Premium,paulinia
-23.6422845,-46.63232479354852,Engaged-Premium,sao paulo
-25.49271259981778,-52.52703646756953,Engaged-Premium,rio bonito do iguacu
-21.20303590598236,-47.80187851542229,Engaged-Premium,ribeirao preto
-22.789682732340502,-43.43711414736552,Engaged-Premium,mesquita
-8.115392897166615,-34.8970405649489,Engaged-Premium,recife
-23.51001658673321,-46.52870721756905,Engaged-Premium,sao paulo
-23.62023315809372,-46.753747844783305,Engaged-Premium,sao paulo
-23.54278106274637,-46.702455443793646,Engaged-Premium,sao paulo
-29.79309141185191,-57.06079474204722,Engaged-Premium,uruguaiana
-23.670206634456783,-46.61668249999997,Engaged-Premium,diadema
-6.112109414045769,-38.20705837871289,Engaged-Premium,pau dos ferros
-26.29799024889898,-48.868040420480135,Engaged-Premium,joinville
-20.0406314302874,-40.18926088786387,Engaged-Premium,praia grande
-23.41381714101661,-51.907055066426544,Engaged-Premium,maringa
-30.030201334179605,-51.22766868774895,Engaged-Premium,porto alegre
-22.193397070933877,-47.377777125079916,Engaged-Premium,leme
-23.57867777491485,-46.67931236802472,Engaged-Premium,sao paulo
-28.505303390213143,-50.937910684642645,Engaged-Premium,vacaria
-23.100387883175795,-47.206840322090166,Engaged-Premium,indaiatuba
-18.984161185134056,-41.988382115468575,Engaged-Premium,alpercata
-23.527475078630637,-46.483370916180974,Engaged-Premium,sao paulo
-22.8140071491964,-45.19883026598009,Engaged-Premium,guaratingueta
-32.04026630648149,-52.1155097159392,Engaged-Premium,rio grande
-15.845798834786912,-47.97383682690134,Engaged-Premium,brasilia
-21.5879241268394,-48.37536730143102,Engaged-Premium,matao
-17.695150769703254,-42.51738345410398,Engaged-Premium,capelinha
-15.76893084540368,-47.92512273645806,Engaged-Premium,brasilia
-21.806688623479666,-49.604713417675256,Engaged-Premium,cafelandia
-22.77637696880055,-47.28177633866452,Engaged-Premium,nova odessa
-26.43316755310083,-49.15138294212022,Engaged-Premium,jaragua do sul
-26.04712240654954,-53.05466810926139,Engaged-Premium,francisco beltrao
-23.42439868040567,-46.5276677164868,Engaged-Premium,guarulhos
-22.71104562596596,-42.62882877464098,Engaged-Premium,rio bonito
-25.55935703886542,-49.20785595669116,Engaged-Premium,sao jose dos pinhais
-27.62723756226977,-48.66452605586645,Engaged-Premium,palhoca
-22.33733647655877,-47.16903824492072,Engaged-Premium,conchal
-18.371649251195823,-40.83173649905782,Engaged-Premium,ecoporanga
-23.663992368861425,-46.5384039775232,Engaged-Premium,santo andre
-23.250860141266116,-45.89858423424608,Engaged-Premium,sao jose dos campos
-26.491203754919542,-49.05336001987973,Engaged-Premium,jaragua do sul
-29.83108209421195,-50.520622262972815,Engaged-Premium,santo antonio da patrulha
-23.58073680521401,-46.81398898351451,Engaged-Premium,osasco
-23.529416081597336,-46.67360777185641,Engaged-Premium,sao paulo
-2.913219680890455,-41.77949815943602,Engaged-Premium,parnaiba
-23.189527263550712,-46.91727596301613,Engaged-Premium,jundiai
-19.45930795389748,-44.24801919373313,Engaged-Premium,sete lagoas
-20.52804807780614,-47.38827901323783,Engaged-Premium,franca
-23.618396640025374,-46.55132033264193,Engaged-Premium,sao caetano do sul
-23.21130687949995,-46.88044951858166,Engaged-Premium,jundiai
-15.556810920088854,-54.299142005735106,Engaged-Premium,primavera do leste
-21.13502492200935,-47.83299437246811,Engaged-Premium,ribeirao preto
-29.755665,-57.08639199222368,Engaged-Premium,uruguaiana
-19.966597168799925,-43.80505804744016,Engaged-Premium,raposos
-22.577944787526803,-47.42467423859377,Engaged-Premium,limeira
-15.809318227256506,-48.07766403352334,Engaged-Premium,brasilia
-23.561111210658424,-46.55359364503901,Engaged-Premium,sao paulo
-18.96222958952667,-51.92712563924055,Engaged-Premium,apore
-23.251019485315755,-47.31553863099717,Engaged-Premium,itu
-22.90600354640406,-43.10546782889948,Engaged-Premium,niteroi
-23.582684685442942,-46.58240955675459,Engaged-Premium,sao paulo
-10.252080009403048,-36.8822164793877,Engaged-Premium,cedro de sao joao
-23.40379875437128,-46.418468647238726,Engaged-Premium,guarulhos
-16.622606581681143,-49.21815348699994,Engaged-Premium,goiania
-4.079666683383016,-39.94887375,Engaged-Premium,taperuaba
-23.11980850582838,-47.23840103788447,Engaged-Premium,indaiatuba
-22.782143833162444,-43.33875396939278,Engaged-Premium,sao joao de meriti
-23.53560024965375,-46.64935629739165,Engaged-Premium,sao paulo
-23.280892527684564,-51.18804374613431,Engaged-Premium,londrina
-23.65970695475793,-46.70779649423597,Engaged-Premium,sao paulo
-23.645423620311103,-46.697358137201725,Engaged-Premium,sao paulo
-25.443416937174142,-49.296648557172944,Engaged-Premium,curitiba
-23.547824633360268,-46.7472511670898,Engaged-Premium,sao paulo
-23.241954897448203,-45.91352123353927,Engaged-Premium,sao jose dos campos
-16.432305466129215,-39.07585856311037,Engaged-Premium,porto seguro
-29.856377320571312,-51.273430816339435,Engaged-Premium,nova santa rita
-12.592611511628705,-52.20322987543341,Engaged-Premium,querencia
-15.931593433079891,-48.10419945820916,Engaged-Premium,brasilia
-23.160985042991708,-46.917868021668745,Engaged-Premium,jundiai
-1.9949945351344733,-47.94570911303042,Engaged-Premium,concordia do para
-17.342303063567126,-44.93370877307213,Engaged-Premium,pirapora
-23.458495945322863,-46.54053796794389,Engaged-Premium,guarulhos
-19.88878706466045,-43.89654887752518,Engaged-Premium,belo horizonte
-23.30541284977526,-46.01549806867116,Engaged-Premium,jacarei
-22.888428025246764,-43.30414609838999,Engaged-Premium,rio de janeiro
-23.63280320739602,-46.739237617304966,Engaged-Premium,sao paulo
-23.494659558976306,-46.57459055245542,Engaged-Premium,sao paulo
-23.500115235082802,-46.43507516395927,Engaged-Premium,sao paulo
-22.455349624134165,-47.53747679508115,Engaged-Premium,santa gertrudes
-6.031621115970989,-38.34871207775097,Engaged-Premium,erere
-19.823562104362598,-43.94754846572221,Engaged-Premium,belo horizonte
-23.542756575076453,-46.778011050522174,Engaged-Premium,osasco
-20.309184732441004,-40.39155189645133,Engaged-Premium,cariacica
-22.33864515414364,-49.11128678194573,Engaged-Premium,bauru
-22.867199884269095,-48.45990252178431,Engaged-Premium,botucatu
-23.520655044756083,-46.519160655216695,Engaged-Premium,sao paulo
-22.39543462993152,-41.79411967983021,Engaged-Premium,macae
-23.6465318031151,-52.630313923646185,Engaged-Premium,cianorte
-23.54785986816893,-46.658684483755614,Engaged-Premium,sao paulo
-23.925241609983075,-48.69995358689421,Engaged-Premium,taquarivai
-22.31298125015008,-41.72221641038342,Engaged-Premium,macae
-23.78392136967995,-53.071123085797396,Engaged-Premium,cruzeiro do oeste
-23.45482760199666,-46.45676935206879,Engaged-Premium,guarulhos
-19.936877427145244,-43.96747446113456,Engaged-Premium,belo horizonte
-25.435887447066097,-49.2405603754809,Engaged-Premium,curitiba
-23.635208965303846,-46.766784132667766,Engaged-Premium,sao paulo
-28.491920437759433,-49.02350688535539,Engaged-Premium,tubarao
-22.117546492428406,-43.2105876902808,Engaged-Premium,tres rios
-24.306217522621033,-46.99171352379555,Engaged-Premium,peruibe
-22.98283043825374,-43.201593115182646,Engaged-Premium,rio de janeiro
-22.42761638161801,-45.444251791151146,Engaged-Premium,itajuba
-23.95763034642794,-46.40733197562734,Engaged-Premium,sao vicente
-23.789612044629692,-50.05869087273602,Engaged-Premium,pinhalao
-22.027806489679875,-42.36572479505755,Engaged-Premium,cordeiro
-22.84771880512192,-43.076144903438085,Engaged-Premium,sao goncalo
-22.937430121847743,-43.176862902706524,Engaged-Premium,rio de janeiro
-27.005188244285076,-51.15087636295904,Engaged-Premium,videira
-21.77408122009684,-48.18062624562872,Engaged-Premium,araraquara
-23.5518940269202,-46.39927099264239,Engaged-Premium,sao paulo
-24.976536072689957,-53.44503622566207,Engaged-Premium,cascavel
-22.978469157654736,-43.23383336857298,Engaged-Premium,rio de janeiro
-29.717175968713285,-52.429568373086376,Engaged-Premium,santa cruz do sul
-23.568369841052455,-46.52214825721335,Engaged-Premium,sao paulo
-23.160985042991708,-46.917868021668745,Engaged-Premium,jundiai
-30.873626546143186,-53.11353843730289,Engaged-Premium,santana da boa vista
-22.014427485140583,-47.9076801448728,Engaged-Premium,sao carlos
-26.91699139716661,-49.09444707591319,Engaged-Premium,blumenau
-22.90600354640406,-43.10546782889948,Engaged-Premium,niteroi
-21.64714183576035,-41.74860286365206,Engaged-Premium,sao fidelis
-10.406601787257872,-36.43146422237221,Engaged-Premium,piacabucu
-28.25025416550504,-52.41066138248504,Engaged-Premium,passo fundo
-22.716465673062416,-47.64021883945973,Engaged-Premium,piracicaba
-22.786149701039733,-50.218924720930985,Engaged-Premium,palmital
-23.618000587021687,-46.737217445467095,Engaged-Premium,sao paulo
-15.299985257103684,-45.62611926788642,Engaged-Premium,chapada gaucha
-22.77257878878957,-43.4247207169429,Engaged-Premium,mesquita
-23.218175126565264,-45.90819425395292,Engaged-Premium,sao jose dos campos
-12.626027615308908,-38.677651012176845,Engaged-Premium,sao francisco do conde
-9.422417089843092,-40.49391844178376,Engaged-Premium,juazeiro
-23.19878141814114,-49.38206353932333,Engaged-Premium,piraju
-25.007783330526394,-50.855303740635314,Engaged-Premium,ivai
-12.153064386598736,-44.9950377747412,Engaged-Premium,barreiras
-7.152417644324536,-34.85070269559124,Engaged-Premium,joao pessoa
-22.91167752899767,-43.19814225437128,Engaged-Premium,rio de janeiro
-23.620253951699517,-46.76164305883207,Engaged-Premium,sao paulo
-26.912615530002004,-48.67401528393623,Engaged-Premium,itajai
-22.845145086588985,-43.309265391194,Engaged-Premium,rio de janeiro
-5.879939334997361,-35.248122327060045,Engaged-Premium,parnamirim
-22.941046165690945,-43.17617823078362,Engaged-Premium,rio de janeiro
-23.94478940384697,-46.39773803333557,Engaged-Premium,sao vicente
-23.68776128056705,-49.82808639591182,Engaged-Premium,siqueira campos
-27.59180946782637,-48.62298221074738,Engaged-Premium,sao jose
-21.770834605055075,-43.29365667625074,Engaged-Premium,juiz de fora
-27.63229305709563,-51.80385085372652,Engaged-Premium,maximiliano de almeida
-21.60886113262826,-45.56709807319205,Engaged-Premium,eloi mendes
-23.6552565431646,-46.45389521176537,Engaged-Premium,maua
-30.07125708232287,-51.17723204581898,Engaged-Premium,porto alegre
-22.015108296094645,-47.89069890764564,Engaged-Premium,sao carlos
-19.503928571469782,-42.54855180544174,Engaged-Premium,ipatinga
-24.38231624843599,-53.38629885308596,Engaged-Premium,jesuitas
-16.663315500000003,-49.22887399999996,Engaged-Premium,goiania
-23.49290528910448,-46.594327198929534,Engaged-Premium,sao paulo
-23.564759877604,-46.635579188729885,Engaged-Premium,sao paulo
-23.492559953329224,-46.46833199999999,Engaged-Premium,sao paulo
-2.901814711064565,-40.84646322603981,Engaged-Premium,camocim
-24.25631191956125,-49.71645951480758,Engaged-Premium,jaguariaiva
-29.942848768785325,-51.10729169782901,Engaged-Premium,cachoeirinha
-23.541447999999946,-46.938015,Engaged-Premium,itapevi
-20.26416981761624,-40.296486089935854,Engaged-Premium,vitoria
-22.930452979874794,-47.035929675986,Engaged-Premium,campinas
-23.71546076889537,-46.591243173504466,Engaged-Premium,sao bernardo do campo
-16.799168999999946,-49.32950299999996,Engaged-Premium,aparecida de goiania
-23.21666721397665,-46.86029699388317,Engaged-Premium,jundiai
-23.559680839575293,-46.531173266374296,Engaged-Premium,sao paulo
-23.660297088262432,-46.6795114173348,Engaged-Premium,sao paulo
-25.624147232734614,-50.6931189865455,Engaged-Premium,reboucas
-21.831104755460984,-41.27395739070479,Engaged-Premium,goitacazes
-22.027806489679875,-42.36572479505755,Engaged-Premium,cordeiro
-29.939406854545265,-51.016507747850426,Engaged-Premium,gravatai
-23.493689790178287,-46.62826754746376,Engaged-Premium,sao paulo
-21.803961189555373,-41.30163375121015,Engaged-Premium,campos dos goytacazes
-22.90479794532287,-47.05693855329215,Engaged-Premium,campinas
-28.29127509034286,-53.50140090980917,Engaged-Premium,panambi
-22.79184654629542,-43.41505330811631,Engaged-Premium,mesquita
-23.641877043568627,-46.50196149610485,Engaged-Premium,santo andre
-21.52850226748479,-46.64527947011744,Engaged-Premium,caconde
-21.124365532748584,-42.38576559950084,Engaged-Premium,muriae
-22.423482000000003,-44.30673502146157,Engaged-Premium,porto real
-30.03336443104038,-51.23063954079865,Engaged-Premium,porto alegre
-23.5512359827998,-46.434955468088134,Engaged-Premium,sao paulo
-22.899799131282798,-43.22889885317963,Engaged-Premium,rio de janeiro
-23.406196667638067,-46.32233310279111,Engaged-Premium,aruja
-22.912525885654084,-43.53618277892556,Engaged-Premium,rio de janeiro
-23.50180568783496,-52.15092591967641,Engaged-Premium,paicandu
-23.99741603360746,-46.42226107278431,Engaged-Premium,praia grande
-22.347145496413017,-48.7803437644446,Engaged-Premium,pederneiras
-3.7983372957287624,-38.49372270302672,Engaged-Premium,fortaleza
-22.851858607843013,-51.025676089391,Engaged-Premium,primeiro de maio
-16.726438713451063,-43.87534930197928,Engaged-Premium,montes claros
-22.958696098757173,-49.864161731515054,Engaged-Premium,ourinhos
-21.54077680916818,-49.85700359665669,Engaged-Premium,promissao
-26.543868276155596,-49.15230164211716,Engaged-Premium,jaragua do sul
-21.857601016392028,-50.68777755143762,Engaged-Premium,iacri
-23.500491754016583,-46.85065418539156,Engaged-Premium,barueri
-22.65568399624909,-50.42396514559194,Engaged-Premium,assis
-24.112863197007357,-46.667482359857104,Engaged-Premium,mongagua
-21.055563339687144,-49.685857901733485,Engaged-Premium,jose bonifacio
-23.59691325229381,-46.64577259143491,Engaged-Premium,sao paulo
-23.54919071579432,-46.64818240521669,Engaged-Premium,sao paulo
-17.223373086135236,-46.87518788782276,Engaged-Premium,paracatu
-23.622994599106278,-46.53766812565611,Engaged-Premium,santo andre
-15.855610499999996,-48.959986171928605,Engaged-Premium,pirenopolis
-23.514829071881266,-47.49608254564334,Engaged-Premium,sorocaba
-7.092273525996401,-40.02920665048336,Engaged-Premium,potengi
-23.004214031623405,-43.335593643632045,Engaged-Premium,rio de janeiro
-21.757746913540906,-43.35368617603624,Engaged-Premium,juiz de fora
-23.004782211990396,-46.84075801381677,Engaged-Premium,itatiba
-23.5510656877807,-46.91473581506333,Engaged-Premium,itapevi
-22.87647066395896,-43.58311900238119,Engaged-Premium,rio de janeiro
-22.027806489679875,-42.36572479505755,Engaged-Premium,cordeiro
-7.9509955019475695,-34.894119840816046,Engaged-Premium,paulista
-25.298174276208474,-48.32417556727958,Engaged-Premium,guaraquecaba
-23.22230412572855,-45.88797225437128,Engaged-Premium,sao jose dos campos
-22.85584307035569,-46.31960849566988,Engaged-Premium,extrema
-27.17419722811506,-51.493313122876835,Engaged-Premium,herval d'oeste
-22.757732912304228,-42.85892456514524,Engaged-Premium,itaborai
-23.48442049209415,-46.72117437010219,Engaged-Premium,sao paulo
-22.54912574795723,-44.13411838190317,Engaged-Premium,barra mansa
-23.004214031623405,-43.335593643632045,Engaged-Premium,rio de janeiro
-19.822707429915194,-43.96083024138544,Engaged-Premium,belo horizonte
-23.3761865843477,-46.75196525021163,Engaged-Premium,caieiras
-28.657680443097405,-56.00416999195216,Engaged-Premium,sao borja
-23.30395324646543,-45.96258897068984,Engaged-Premium,jacarei
-22.902127847625383,-43.12463807063305,Engaged-Premium,niteroi
-22.979479425356224,-43.694505256592976,Engaged-Premium,rio de janeiro
-22.91162389760552,-43.67900649132533,Engaged-Premium,rio de janeiro
-5.936202761675508,-37.9497825,Engaged-Premium,riacho da cruz
-22.37931451231517,-54.51288291730615,Engaged-Premium,fatima do sul
-20.283955823330007,-50.24895240386773,Engaged-Premium,fernandopolis
-21.76169215935807,-41.33940660165804,Engaged-Premium,campos dos goytacazes
-23.504022545097836,-46.58866191049681,Engaged-Premium,sao paulo
-10.593832336221343,-38.38209829435899,Engaged-Premium,cicero dantas
-3.498943335147733,-39.5805599213898,Engaged-Premium,itapipoca
-16.440095056159034,-54.66283262360666,Engaged-Premium,rondonopolis
-15.71436086441803,-47.88530312064304,Engaged-Premium,brasilia
-23.2742819753015,-47.30661523158634,Engaged-Premium,itu
-20.25624491956578,-42.03398861864435,Engaged-Premium,manhuacu
-21.875659035512207,-45.789760233705394,Engaged-Premium,turvolandia
-23.600653522895165,-46.793171737232385,Engaged-Premium,sao paulo
-22.8961984228604,-43.35568746796124,Engaged-Premium,rio de janeiro
-26.85671318345924,-49.04933467207364,Engaged-Premium,blumenau
-22.918123077163223,-42.81760650604593,Engaged-Premium,marica
-20.00997429755052,-44.08877691521847,Engaged-Premium,ibirite
-19.85017478286532,-43.92553872196895,Engaged-Premium,belo horizonte
-19.877727652086158,-43.995110704830054,Engaged-Premium,belo horizonte
-23.556049111529205,-46.64974666729382,Engaged-Premium,sao paulo
-20.730967126331826,-46.599216077526805,Engaged-Premium,passos
-19.88499457157696,-43.66585956324863,Engaged-Premium,caete
-20.260231292259995,-40.268254195560345,Engaged-Premium,vitoria
-23.44257407576895,-46.50655197737896,Engaged-Premium,guarulhos
-23.5139061268394,-46.60570247307978,Engaged-Premium,sao paulo
-23.9552663782965,-46.33825949705917,Engaged-Premium,santos
-25.417200148075448,-49.25946949273192,Engaged-Premium,curitiba
-16.653288463125406,-49.48837959290822,Engaged-Premium,trindade
-23.685158005382213,-46.65799433276703,Engaged-Premium,sao paulo
-12.787896505110531,-38.393952535802995,Engaged-Premium,simoes filho
-12.398120731686358,-38.75491444039326,Engaged-Premium,amelia rodrigues
-14.271882465855317,-42.25778112373452,Engaged-Premium,ibiassuce
-15.882195287570745,-48.07253920584907,Engaged-Premium,brasilia
-4.356809709908019,-39.31491288210802,Engaged-Premium,caninde
-1.2982319725924176,-47.89798747486323,Engaged-Premium,castanhal
-23.621855280598997,-46.63756199125743,Engaged-Premium,sao paulo
-23.80191343266994,-45.40102432584106,Engaged-Premium,sao sebastiao
-29.238071488558287,-51.87132385700613,Engaged-Premium,encantado
-16.035915275865175,-48.06324447430705,Engaged-Premium,brasilia
-22.547523677491483,-44.16925746553099,Engaged-Premium,barra mansa
-23.62323038246003,-46.80104434592664,Engaged-Premium,taboao da serra
-23.445853155981297,-46.72047932979742,Engaged-Premium,sao paulo
-19.931520729672776,-43.93375589840736,Engaged-Premium,belo horizonte
-19.9583550740955,-43.98066211088345,Engaged-Premium,belo horizonte
-15.587485472499448,-56.10734250451941,Engaged-Premium,cuiaba
-12.133911609905851,-38.44044268083422,Engaged-Premium,alagoinhas
-23.658614952680463,-46.66045562879164,Engaged-Premium,sao paulo
-12.969957239014386,-39.25151892845552,Engaged-Premium,santo antonio de jesus
-23.56127544240869,-46.461969257046256,Engaged-Premium,sao paulo
-23.10247099514172,-47.71298250000001,Engaged-Premium,tiete
-10.927031018047726,-37.064506054951245,Engaged-Premium,aracaju
-23.447309060505503,-46.50225707576894,Engaged-Premium,guarulhos
-21.13614719159558,-41.67798263952821,Engaged-Premium,bom jesus do itabapoana
-22.86133078663342,-48.44175110407413,Engaged-Premium,botucatu
-23.500491754016583,-46.85065418539156,Engaged-Premium,barueri
-23.526908245080445,-46.65089423910785,Engaged-Premium,sao paulo
-3.754851255063773,-38.54446116308158,Engaged-Premium,fortaleza
-22.905808029978623,-43.2831616957269,Engaged-Premium,rio de janeiro
-19.27834170545684,-44.401119032029975,Engaged-Premium,paraopeba
-5.883279199078862,-35.211082702941724,Engaged-Premium,parnamirim
-23.83394350350837,-46.81523885752993,Engaged-Premium,embu-guacu
-7.378367670330335,-37.19107352029899,Engaged-Premium,itapetim
-23.46575325944889,-46.59957726061802,Engaged-Premium,sao paulo
-6.485292513817023,-36.151982685701824,Engaged-Premium,cuite
-20.71706301120797,-47.878333086473205,Engaged-Premium,orlandia
-22.69515790939998,-46.987014376493164,Engaged-Premium,jaguariuna
-17.85842559791108,-41.51725648560269,Engaged-Premium,teofilo otoni
-23.96954523993056,-46.371917161879885,Engaged-Premium,sao vicente
-19.765570948161123,-43.02992329183104,Engaged-Premium,nova era
-23.454556983128096,-46.08289846798539,Engaged-Premium,mogi das cruzes
-21.989247051174054,-47.92770277178562,Engaged-Premium,sao carlos
-19.813069492842576,-43.1739175118738,Engaged-Premium,joao monlevade
-10.941845505554248,-37.07104333389113,Engaged-Premium,aracaju
-23.62399052207277,-46.566780988891495,Engaged-Premium,sao caetano do sul
-23.54142641046816,-46.77556079199594,Engaged-Premium,osasco
-22.41841111908536,-50.580260732823085,Engaged-Premium,paraguacu paulista
-9.572681357752924,-35.75675323327945,Engaged-Premium,maceio
-22.657683643389685,-43.01211159415277,Engaged-Premium,guapimirim
-23.156299066198635,-47.04923371339494,Engaged-Premium,itupeva
-20.10242056472146,-42.45350252809693,Engaged-Premium,raul soares
-23.63260424617697,-46.76020040743839,Engaged-Premium,sao paulo
-20.660955301151265,-43.78585877930211,Engaged-Premium,conselheiro lafaiete
-10.872179979929086,-61.974449695221665,Engaged-Premium,ji-parana
-13.005032991347834,-38.47183353806693,Engaged-Premium,salvador
-16.68688680787409,-49.27465501263652,Engaged-Premium,goiania
-22.738226374141554,-47.6199425173409,Engaged-Premium,piracicaba
-6.258545410282773,-36.51804239420544,Engaged-Premium,currais novos
-21.484069360080973,-47.36725041967031,Engaged-Premium,santa rosa de viterbo
-22.7304450313636,-45.12376375145709,Engaged-Premium,lorena
-24.00920985345376,-46.41937090980433,Engaged-Premium,praia grande
-22.95594624206276,-43.34707943005944,Engaged-Premium,rio de janeiro
-19.961046450998765,-43.40998780661888,Engaged-Premium,santa barbara
-19.93819117539069,-47.5444618568659,Engaged-Premium,conquista
-19.867906407416527,-43.948638825898854,Engaged-Premium,belo horizonte
-20.83590501931484,-49.41240407249307,Engaged-Premium,sao jose do rio preto
-23.52272396335124,-46.30566556403389,Engaged-Premium,suzano
-23.6212805703204,-47.01055566117187,Engaged-Premium,vargem grande paulista
-18.412745195730892,-40.21478707573601,Engaged-Premium,pinheiros
-30.01068634649867,-52.90639405208251,Engaged-Premium,cachoeira do sul
-23.49585216902305,-46.50247661157595,Engaged-Premium,sao paulo
-22.74808139969014,-47.671907867880485,Engaged-Premium,piracicaba
-12.974427513247502,-38.49609747737895,Engaged-Premium,salvador
-15.290548324370024,-39.07477464217708,Engaged-Premium,una
-23.551832860118857,-46.48618244171618,Engaged-Premium,sao paulo
-8.055846235775293,-34.94241061552887,Engaged-Premium,recife
-22.743029134167873,-43.69820174189363,Engaged-Premium,seropedica
-22.864021770251654,-43.7850856544806,Engaged-Premium,itaguai
-22.682025912285837,-47.66085383971952,Engaged-Premium,piracicaba
-20.42056119503688,-49.9733386466907,Engaged-Premium,votuporanga
-25.34736108935553,-49.21056307635641,Engaged-Premium,colombo
-23.92006895947182,-46.42740345559254,Engaged-Premium,cubatao
-22.885051106511668,-43.51101342290494,Engaged-Premium,rio de janeiro
-22.23227830780992,-45.93435440552749,Engaged-Premium,pouso alegre
-21.77324045490216,-42.53838056139481,Engaged-Premium,volta grande
-19.684161783551477,-44.89198171666868,Engaged-Premium,pitangui
-23.62702666610885,-46.70136409686078,Engaged-Premium,sao paulo
-22.89427492911236,-43.120283203407965,Engaged-Premium,niteroi
-23.322352248071105,-46.58973137816835,Engaged-Premium,mairipora
-22.427384967679465,-42.98057917148637,Engaged-Premium,teresopolis
-23.731787210658425,-46.7009791969242,Engaged-Premium,sao paulo
-23.22535998592825,-45.913975816261775,Engaged-Premium,sao jose dos campos
-22.930156503606682,-43.24017317234127,Engaged-Premium,rio de janeiro
-12.975561171618743,-38.431135768280434,Engaged-Premium,salvador
-19.924151122684457,-43.91153207369148,Engaged-Premium,belo horizonte
-25.39687226383092,-49.32252472493213,Engaged-Premium,curitiba
-6.069457983724762,-35.2400793430033,Engaged-Premium,sao jose de mipibu
-23.60988230474924,-46.68778828795657,Engaged-Premium,sao paulo
-25.50935789064575,-49.16353387440136,Engaged-Premium,sao jose dos pinhais
-22.91553294448616,-43.40164068762021,Engaged-Premium,rio de janeiro
-22.768842390945508,-47.34061147091706,Engaged-Premium,americana
-22.970894018595992,-43.38784233625709,Engaged-Premium,rio de janeiro
-29.256268186730658,-51.52913726983239,Engaged-Premium,garibaldi
-23.509526029141895,-46.376086458090484,Engaged-Premium,sao paulo
-23.50525432889948,-46.59432001442672,Engaged-Premium,sao paulo
-22.220810209919584,-45.93772077701226,Engaged-Premium,pouso alegre
-22.91731807201573,-43.09368761944342,Engaged-Premium,niteroi
-8.912359538758729,-35.7237523678724,Engaged-Premium,colonia leopoldina
-28.291132840240245,-49.93378018274397,Engaged-Premium,sao joaquim
-22.23227830780992,-45.93435440552749,Engaged-Premium,pouso alegre
-23.59865779600667,-46.46646116805641,Engaged-Premium,sao paulo
-29.945100645387143,-51.05088705620633,Engaged-Premium,gravatai
-1.058127716055135,-46.7672559623839,Engaged-Premium,braganca
-22.936854813491813,-43.35996102505908,Engaged-Premium,rio de janeiro
-24.726900901778198,-48.109871630496414,Engaged-Premium,cajati
-23.626643993563423,-46.67344818151653,Engaged-Premium,sao paulo
-22.802320737543184,-47.20403845683539,Engaged-Premium,sumare
-11.67957628458245,-61.1772732055972,Engaged-Premium,pimenta bueno
-26.180479008177024,-50.39189059723588,Engaged-Premium,canoinhas
-23.518119818590403,-46.411662038028695,Engaged-Premium,sao paulo
-23.188848119337575,-46.85195184945988,Engaged-Premium,jundiai
-20.72736899345714,-42.280216908647645,Engaged-Premium,fervedouro
-22.211035197694002,-49.6557903984333,Engaged-Premium,garca
-4.356809709908019,-39.31491288210802,Engaged-Premium,caninde
-23.265430994171624,-45.88469283612771,Engaged-Premium,sao jose dos campos
-23.609187050439854,-46.933769687344906,Engaged-Premium,cotia
-23.579277873160592,-46.606032729240106,Engaged-Premium,sao paulo
-23.667004561746257,-46.76997891257429,Engaged-Premium,sao paulo
-23.49364414071786,-46.62617257661918,Engaged-Premium,sao paulo
-22.49016442089259,-44.562961979844616,Engaged-Premium,itatiaia
-22.97891413015762,-43.19380009478331,Engaged-Premium,rio de janeiro
-24.49815873105776,-47.844494347330354,Engaged-Premium,registro
-19.925952958647354,-43.94511432722604,Engaged-Premium,belo horizonte
-25.393851712990823,-52.40365311369973,Engaged-Premium,laranjeiras do sul
-23.579539494667525,-46.39431441270312,Engaged-Premium,sao paulo
-22.87159302746911,-43.55970258841937,Engaged-Premium,rio de janeiro
-5.102719190368183,-42.75224112654245,Engaged-Premium,teresina
-23.97084358728148,-46.30755936926548,Engaged-Premium,santos
-23.4976279812741,-46.59973701859599,Engaged-Premium,sao paulo
-23.64826956300134,-46.59230143373823,Engaged-Premium,sao paulo
-19.781218611779533,-42.12759430026109,Engaged-Premium,caratinga
-15.830214566904546,-47.923044993390334,Engaged-Premium,brasilia
-23.54168503634312,-46.88038394879965,Engaged-Premium,barueri
-15.863693660546256,-48.08460584659179,Engaged-Premium,brasilia
-21.19180769302906,-47.81469524432475,Engaged-Premium,ribeirao preto
-22.49016442089259,-44.562961979844616,Engaged-Premium,itatiaia
-23.11477517799753,-46.553324741832185,Engaged-Premium,atibaia
-25.401732052184222,-49.32573494441104,Engaged-Premium,curitiba
-8.9779018275595,-38.22098085320928,Engaged-Premium,petrolandia
-23.218175126565264,-45.90819425395292,Engaged-Premium,sao jose dos campos
-20.64209093618861,-51.107688277732,Engaged-Premium,pereira barreto
-29.75452832443038,-50.017691069847736,Engaged-Premium,capao da canoa
-20.650456036647185,-41.90891446643319,Engaged-Premium,espera feliz
-22.920193361648064,-43.62502374326279,Engaged-Premium,rio de janeiro
-19.60437246547611,-46.9261106671303,Engaged-Premium,araxa
-3.134712358503767,-60.02204119747245,Engaged-Premium,manaus
-21.647733530942645,-46.395760679494714,Engaged-Premium,botelhos
-23.94409120977439,-46.415273866055806,Engaged-Premium,sao vicente
-22.8991184007733,-43.17963533744704,Engaged-Premium,rio de janeiro
-15.068481605552348,-57.18113296113553,Engaged-Premium,barra do bugres
-23.98479796586644,-46.300849044480685,Engaged-Premium,santos
-15.807210582384418,-47.8846746672197,Engaged-Premium,brasilia
-22.27443467638064,-48.55501036164806,Engaged-Premium,jau
-19.984193818802098,-44.00209721994925,Engaged-Premium,belo horizonte
-15.792495491113193,-47.85048746218763,Engaged-Premium,brasilia
-22.83448266224237,-43.2964392423105,Engaged-Premium,rio de janeiro
-23.682407943620767,-46.623604356277355,Engaged-Premium,diadema
-22.77418248329637,-47.40398280632374,Engaged-Premium,santa barbara d'oeste
-8.07073719677996,-34.910481835440734,Engaged-Premium,recife
-23.51395046250292,-46.62950760331549,Engaged-Premium,sao paulo
-12.961213874272016,-38.4704261606946,Engaged-Premium,salvador
-12.740955569558919,-60.14707056049292,Engaged-Premium,vilhena
-11.311097874853967,-38.2195815703801,Engaged-Premium,itapicuru
-19.27834170545684,-44.401119032029975,Engaged-Premium,paraopeba
-23.622495779069787,-46.60405929793991,Engaged-Premium,sao paulo
-23.556877800743933,-46.93993487311839,Engaged-Premium,itapevi
-22.815872853453754,-43.22428740146579,Engaged-Premium,rio de janeiro
-22.223682471276454,-49.95858165168212,Engaged-Premium,marilia
-21.757746913540906,-43.35368617603624,Engaged-Premium,juiz de fora
-22.577450868185096,-44.96144299160366,Engaged-Premium,cruzeiro
-23.691027058051727,-46.504557561076766,Engaged-Premium,santo andre
-26.924605318984163,-48.69513094561346,Engaged-Premium,itajai
-23.608754057447083,-46.60143614362405,Engaged-Premium,sao paulo
-23.37955097848981,-46.32212762362621,Engaged-Premium,aruja
-19.940289517889173,-43.92000973218296,Engaged-Premium,belo horizonte
-16.08831966935638,-47.98809526771883,Engaged-Premium,valparaiso de goias
-23.44238589286745,-46.52134273841536,Engaged-Premium,guarulhos
-23.159406006073,-49.97736847948426,Engaged-Premium,jacarezinho
-21.769701915466086,-50.9624253981769,Engaged-Premium,inubia paulista
-25.50713848404407,-49.27652913764653,Engaged-Premium,curitiba
-10.461420451962026,-40.18701024751928,Engaged-Premium,senhor do bonfim
-22.752582179703964,-43.444221463420185,Engaged-Premium,nova iguacu
-23.53920007011036,-46.97704706724933,Engaged-Premium,itapevi
-22.997187,-47.5061538506838,Engaged-Premium,capivari
-23.537607674158934,-46.44900617124475,Engaged-Premium,sao paulo
-23.704714547525175,-46.41020837009065,Engaged-Premium,ribeirao pires
-23.44540306189049,-46.54143494679429,Engaged-Premium,guarulhos
-19.39783256179756,-40.067626658499954,Engaged-Premium,linhares
-22.79411711878932,-47.16823724999999,Engaged-Premium,paulinia
-23.66615225087014,-46.78746324276619,Engaged-Premium,sao paulo
-24.186104373118862,-53.02536807864609,Engaged-Premium,goioere
-23.97221168082404,-46.314586513330205,Engaged-Premium,santos
-22.8622029888915,-43.35407126686476,Engaged-Premium,rio de janeiro
-23.496967777357565,-46.851043650111336,Engaged-Premium,barueri
-27.654333563838055,-48.48006946565008,Engaged-Premium,florianopolis
-1.2975210000000033,-48.47028615999202,Engaged-Premium,belem
-19.53252663971081,-54.04205663026812,Engaged-Premium,camapua
-7.1466498662289535,-34.82600942303774,Engaged-Premium,joao pessoa
-20.806964999999995,-40.64907848708397,Engaged-Premium,anchieta
-23.542230926930625,-46.81346159318365,Engaged-Premium,osasco
-23.457297237578636,-46.656832022217,Engaged-Premium,sao paulo
-23.54361066874891,-46.42699216299266,Engaged-Premium,sao paulo
-23.54785986816893,-46.658684483755614,Engaged-Premium,sao paulo
-26.273417993060768,-48.86004743370364,Engaged-Premium,joinville
-16.654740469753456,-49.2418742018663,Engaged-Premium,goiania
-19.870106184913464,-43.91871377032721,Engaged-Premium,belo horizonte
-21.788259192047157,-46.565584849600626,Engaged-Premium,pocos de caldas
-25.76621577893401,-49.72022327777802,Engaged-Premium,lapa
-23.60123933971952,-46.6677903255526,Engaged-Premium,sao paulo
-30.151173122944257,-51.218439543713735,Engaged-Premium,porto alegre
-10.934949218889045,-37.123278897673956,Engaged-Premium,sao cristovao
-23.952467126839394,-46.31984960199666,Engaged-Premium,santos
-23.555200641958606,-46.66050841271853,Engaged-Premium,sao paulo
-22.870780636707146,-43.31855263113858,Engaged-Premium,rio de janeiro
-23.644263425211992,-46.85069733417961,Engaged-Premium,embu das artes
-15.873524240043173,-47.973059435491756,Engaged-Premium,brasilia
-8.342392619390186,-36.41253238556047,Engaged-Premium,belo jardim
-23.453510081597333,-46.56661706277687,Engaged-Premium,guarulhos
-23.582599229528547,-46.68734709409082,Engaged-Premium,sao paulo
-20.309184732441004,-40.39155189645133,Engaged-Premium,cariacica
-24.179855538627187,-46.79049637055164,Engaged-Premium,itanhaem
-21.27537241391624,-50.33255050652044,Engaged-Premium,birigui
-3.5229639844619816,-40.34302662785753,Engaged-Premium,massape
-22.911147450458756,-43.57848300874258,Engaged-Premium,rio de janeiro
-24.726900901778198,-48.109871630496414,Engaged-Premium,cajati
-22.884763705782337,-43.31870424949519,Engaged-Premium,rio de janeiro
-22.244021759247783,-43.704838079140345,Engaged-Premium,valenca
-23.45571229502572,-46.74349258148175,Engaged-Premium,sao paulo
-22.922355824860112,-43.24398668180498,Engaged-Premium,rio de janeiro
-23.54693540437998,-46.63658792659698,Engaged-Premium,sao paulo
-19.00164976347532,-57.652085675224605,Engaged-Premium,corumba
-21.263914108288613,-48.495645,Engaged-Premium,monte alto
-22.518762169999945,-44.137018739656114,Engaged-Premium,volta redonda
-8.669233728250232,-35.7230126861602,Engaged-Premium,catende
-15.873880500000006,-48.06682197837456,Engaged-Premium,brasilia
-16.02958266006166,-47.08867310985073,Engaged-Premium,cabeceira grande
-22.931492573143224,-43.69033437157361,Engaged-Premium,rio de janeiro
-15.783282,-47.88768421244212,Engaged-Premium,brasilia
-22.69515790939998,-46.987014376493164,Engaged-Premium,monte alegre do sul
-11.107471772485226,-40.07027331427583,Engaged-Premium,caldeirao grande
-27.42147641216773,-48.42632113725541,Engaged-Premium,florianopolis
-22.518528946707853,-44.1043008475131,Engaged-Premium,volta redonda
-22.882884889814065,-43.092692577414375,Engaged-Premium,niteroi
-23.622445378063674,-45.414172959679576,Engaged-Premium,caraguatatuba
-23.551946399745763,-46.5959258641528,Engaged-Premium,sao paulo
-19.82881997483785,-40.27821448899109,Engaged-Premium,aracruz
-20.4100278727316,-42.89642624318659,Engaged-Premium,ponte nova
-28.682688590576102,-49.37063059310332,Engaged-Premium,criciuma
-13.827908769249255,-44.4581985284123,Engaged-Premium,coribe
-22.280517751677763,-46.37007419909239,Engaged-Premium,ouro fino
-19.870686547370532,-47.443123441417015,Engaged-Premium,sacramento
-21.72920349988201,-46.38708260903651,Engaged-Premium,bandeira do sul
-23.014294742166268,-43.46413167283893,Engaged-Premium,rio de janeiro
-17.53397528348465,-39.762021163126896,Engaged-Premium,teixeira de freitas
-20.108316866106662,-43.05751404000867,Engaged-Premium,alvinopolis
-13.00997646517395,-38.48644167800889,Engaged-Premium,salvador
-8.115332610465106,-34.91957523723238,Engaged-Premium,recife
-25.495152849705136,-49.22083726781705,Engaged-Premium,curitiba
-24.72968994426537,-53.74016001613288,Engaged-Premium,toledo
-19.935958242858742,-44.017143087699836,Engaged-Premium,belo horizonte
-22.608837843343917,-45.183750281691275,Engaged-Premium,piquete
-22.437678582947754,-46.82221947230336,Engaged-Premium,itapira
-23.077215739513687,-52.468096546229056,Engaged-Premium,paranavai
-9.55252890458827,-35.758364180907435,Engaged-Premium,maceio
-22.937512792544215,-43.24664597821569,Engaged-Premium,rio de janeiro
-21.202463469109176,-50.4574561941399,Engaged-Premium,aracatuba
-14.08727378540156,-46.36373427820927,Engaged-Premium,posse
-12.549801514059943,-38.70708921289294,Engaged-Premium,santo amaro
-27.706512910091853,-48.54124251679124,Engaged-Premium,florianopolis
-15.827847959747162,-48.09744834008883,Engaged-Premium,brasilia
-22.78922090023619,-43.31454375581786,Engaged-Premium,duque de caxias
-21.989247051174054,-47.92770277178562,Engaged-Premium,sao carlos
-23.57106818595992,-46.63253912197762,Engaged-Premium,sao paulo
-21.439391730176546,-45.95154300871432,Engaged-Premium,alfenas
-23.499898480437384,-46.70116990008081,Engaged-Premium,sao paulo
-23.40730541216476,-50.35684932539077,Engaged-Premium,ribeirao do pinhal
-23.632770887039054,-46.554292980019014,Engaged-Premium,sao caetano do sul
-22.93106051096427,-47.111613736896366,Engaged-Premium,campinas
-23.58662111878931,-46.64427165889549,Engaged-Premium,sao paulo
-22.577944787526803,-47.42467423859377,Engaged-Premium,limeira
-23.610324407574396,-46.70255316431386,Engaged-Premium,sao paulo
-21.69506411550893,-45.257499190163706,Engaged-Premium,tres coracoes
-23.232384,-45.92533508638697,Engaged-Premium,sao jose dos campos
-22.82990052499997,-43.60632090750066,Engaged-Premium,nova iguacu
-23.632601699419325,-46.5187396588955,Engaged-Premium,santo andre
-22.910962532706474,-42.47527717510812,Engaged-Premium,saquarema
-22.235298273207825,-42.52693193710513,Engaged-Premium,nova friburgo
-23.533474292941296,-46.82942465880205,Engaged-Premium,carapicuiba
-24.752173668512825,-53.743317499750894,Engaged-Premium,toledo
-23.60123933971952,-46.6677903255526,Engaged-Premium,sao paulo
-23.5827745037509,-46.6204825896474,Engaged-Premium,sao paulo
-21.11819394490749,-42.943705743717146,Engaged-Premium,uba
-23.501645888803644,-46.86777120784878,Engaged-Premium,barueri
-23.624732943937893,-46.6367172536788,Engaged-Premium,sao paulo
-23.536014182613048,-46.66888585042401,Engaged-Premium,sao paulo
-20.75533341719481,-42.88055185516512,Engaged-Premium,vicosa
-22.085846999999998,-43.82890213605455,Engaged-Premium,rio preto
-24.112989428946435,-49.33153304217702,Engaged-Premium,itarare
-25.495152849705136,-49.22083726781705,Engaged-Premium,curitiba
-11.748485420944885,-44.91089778515867,Engaged-Premium,riachao das neves
-27.57564786475967,-48.61838774369793,Engaged-Premium,sao jose
-22.944469945322865,-43.184902217179285,Engaged-Premium,rio de janeiro
-3.7380498165359057,-38.50256787140024,Engaged-Premium,fortaleza
-22.450746100755904,-44.39539062906109,Engaged-Premium,resende
-19.503928571469782,-42.54855180544174,Engaged-Premium,ipatinga
-19.8595462052484,-43.95570128711987,Engaged-Premium,belo horizonte
-23.66217601387846,-46.53464565474054,Engaged-Premium,santo andre
-19.0022691968638,-57.6435623841172,Engaged-Premium,corumba
-23.633218292780747,-46.63878061554644,Engaged-Premium,sao paulo
-22.31562374202204,-48.54671856196259,Engaged-Premium,jau
-23.670394104622392,-46.47515734762539,Engaged-Premium,maua
-13.125453347082944,-42.29141698904013,Engaged-Premium,rio do pires
-23.596924850683795,-46.76614676859597,Engaged-Premium,sao paulo
-19.925930595654158,-43.92704679072655,Engaged-Premium,belo horizonte
-30.013486701079135,-51.19073788307298,Engaged-Premium,porto alegre
-26.093895424014725,-49.79183179515071,Engaged-Premium,rio negro
-0.7353836432310166,-47.85367412294094,Engaged-Premium,curuca
-20.030455952304507,-44.065062865132184,Engaged-Premium,ibirite
-19.684161783551477,-44.89198171666868,Engaged-Premium,pitangui
-20.26416981761624,-40.296486089935854,Engaged-Premium,vitoria
-12.869255865631697,-38.47085187402642,Engaged-Premium,salvador
-22.18674446677089,-47.388137119405044,Engaged-Premium,leme
-23.535391579231398,-46.66753623925207,Engaged-Premium,sao paulo
-15.83249161554641,-48.107208189193145,Engaged-Premium,brasilia
-8.03274050652087,-34.92155369963419,Engaged-Premium,recife
-22.91345759457133,-43.18797113336026,Engaged-Premium,rio de janeiro
-6.17429871402098,-47.362916121253264,Engaged-Premium,campestre do maranhao
-2.547269664762603,-44.23014041115571,Engaged-Premium,sao luis
-23.712859098700683,-47.41623869785824,Engaged-Premium,piedade
-23.795197084253825,-46.7384060589763,Engaged-Premium,sao paulo
-30.03137306466045,-51.21231987370887,Engaged-Premium,porto alegre
-25.49056291666161,-49.30203540807671,Engaged-Premium,curitiba
-22.22181514285516,-45.92892116653769,Engaged-Premium,pouso alegre
-19.95254268289243,-44.196132792948255,Engaged-Premium,betim
-3.7519084854290408,-38.50856775229382,Engaged-Premium,fortaleza
-22.191611364418023,-49.96298504256548,Engaged-Premium,marilia
-20.52986032527391,-54.60726283192925,Engaged-Premium,campo grande
-8.034095566478115,-34.91097620080501,Engaged-Premium,recife
-25.44876362585844,-49.20600846820474,Engaged-Premium,curitiba
-23.54892611157596,-46.65182114501704,Engaged-Premium,sao paulo
-3.714989827193029,-38.56282728628314,Engaged-Premium,fortaleza
-23.64428184430716,-46.89710931622576,Engaged-Premium,embu das artes
-19.63863100472473,-43.90171846264042,Engaged-Premium,lagoa santa
-10.344897000000003,-39.83360175,Engaged-Premium,andorinha
-23.611145895135547,-46.78582120705175,Engaged-Premium,taboao da serra
-23.97367824321138,-46.27383306229154,Engaged-Premium,guaruja
-20.218968000000004,-40.24239050115117,Engaged-Premium,serra
-21.99672021840065,-47.9007557361485,Engaged-Premium,sao carlos
-23.69199483680533,-46.79077580939466,Engaged-Premium,sao paulo
-13.009216442408688,-38.49526758604074,Engaged-Premium,salvador
-21.12159756174626,-47.78124459256159,Engaged-Premium,ribeirao preto
-22.952838782676466,-43.18857414986445,Engaged-Premium,rio de janeiro
-23.52102031518645,-46.38208462518472,Engaged-Premium,ferraz de vasconcelos
-17.078861030216466,-44.20753234831179,Engaged-Premium,claro dos pocoes
-23.530663706921843,-46.72659391479598,Engaged-Premium,sao paulo
-22.412161929589875,-47.579265975561306,Engaged-Premium,rio claro
-22.003518593672453,-47.85611683645909,Engaged-Premium,sao carlos
-19.81921809128732,-43.96815514130466,Engaged-Premium,belo horizonte
-23.452568810995984,-46.62940309888339,Engaged-Premium,sao paulo
-23.424478609629773,-51.8971907225523,Engaged-Premium,maringa
-23.64848693357811,-46.75476013993051,Engaged-Premium,sao paulo
-22.882010763046203,-42.02022094284854,Engaged-Premium,cabo frio
-26.180479008177024,-50.39189059723588,Engaged-Premium,canoinhas
-22.30858370854404,-42.5409902850423,Engaged-Premium,nova friburgo
-21.770324704218737,-52.11229275,Engaged-Premium,presidente epitacio
-19.824046459345567,-43.97280361296093,Engaged-Premium,belo horizonte
-5.342853477784683,-49.09941596806052,Engaged-Premium,maraba
-31.75457286326405,-52.341941330702824,Engaged-Premium,pelotas
-26.948519828257812,-50.14106534867963,Engaged-Premium,rio do campo
-23.004214031623405,-43.335593643632045,Engaged-Premium,rio de janeiro
-5.175495861774538,-42.78885385308908,Engaged-Premium,teresina
-23.52821852883758,-46.17006825497569,Engaged-Premium,mogi das cruzes
-23.535751499999996,-46.60934396295225,Engaged-Premium,sao paulo
-25.684337307279897,-50.29818101486417,Engaged-Premium,sao joao do triunfo
-23.601512001384982,-46.68138456841135,Engaged-Premium,sao paulo
-23.58662111878931,-46.64427165889549,Engaged-Premium,sao paulo
-29.92605432944123,-51.1589378998788,Engaged-Premium,canoas
-23.00032259397384,-43.3316464124193,Engaged-Premium,rio de janeiro
-21.41176520098328,-42.19823122564208,Engaged-Premium,miracema
-22.981023031089478,-49.8543563748223,Engaged-Premium,ourinhos
-15.80775617752384,-47.90194504856268,Engaged-Premium,brasilia
-23.49068423892817,-46.711054631629054,Engaged-Premium,sao paulo
-23.44540306189049,-46.54143494679429,Engaged-Premium,guarulhos
-22.96760967934045,-42.0274215,Engaged-Premium,arraial do cabo
-23.55768183319866,-46.67439878253224,Engaged-Premium,sao paulo
-22.919878227018398,-43.21553184638462,Engaged-Premium,rio de janeiro
-25.36243330011023,-49.23026431571351,Engaged-Premium,curitiba
-23.69037930057997,-46.648408148493814,Engaged-Premium,sao paulo
-23.597059321816026,-46.42393709638021,Engaged-Premium,sao paulo
-19.80826488290669,-44.019621010820046,Engaged-Premium,ribeirao das neves
-23.131397068891605,-52.31974206630135,Engaged-Premium,alto parana
-23.000643279177964,-43.55315755479796,Engaged-Premium,rio de janeiro
-14.950168292623449,-46.234376400742384,Engaged-Premium,formoso
-4.905313371025412,-40.75998338352129,Engaged-Premium,ipaporanga
-24.9416094316173,-53.47026546554414,Engaged-Premium,cascavel
-23.50095891733691,-47.462172582636065,Engaged-Premium,sorocaba
-22.91071717984308,-47.09176803823096,Engaged-Premium,campinas
-8.01716541269479,-34.88348081816557,Engaged-Premium,recife
-23.502687742022033,-46.46431842918368,Engaged-Premium,sao paulo
-23.156299066198635,-47.04923371339494,Engaged-Premium,itupeva
-22.965555865398976,-43.178395799324896,Engaged-Premium,rio de janeiro
-12.90332907441729,-38.439126338810354,Engaged-Premium,salvador
-23.685911658117153,-46.45659004005863,Engaged-Premium,maua
-22.978469157654736,-43.23383336857298,Engaged-Premium,rio de janeiro
-19.75768482345129,-47.93090132751451,Engaged-Premium,uberaba
-29.664265411904985,-50.77760601266585,Engaged-Premium,taquara
-23.408354127113526,-46.4554290650788,Engaged-Premium,guarulhos
-12.891868737146071,-38.43406075949419,Engaged-Premium,salvador
-21.19029913483173,-43.974192836964185,Engaged-Premium,barroso
-18.40955524760118,-49.20540379221638,Engaged-Premium,itumbiara
-22.36874322508515,-47.3896606528081,Engaged-Premium,araras
-23.530925282474204,-47.15213217668265,Engaged-Premium,sao roque
-23.04247558503301,-50.07347141176523,Engaged-Premium,cambara
-21.96953993070751,-46.811127320109634,Engaged-Premium,sao joao da boa vista
-21.59505001979666,-48.8110644105608,Engaged-Premium,itapolis
-23.438409904524207,-46.7793430171389,Engaged-Premium,sao paulo
-27.55704718219067,-48.63068939307693,Engaged-Premium,sao jose
-23.970390465433734,-46.32234564570951,Engaged-Premium,santos
-23.571404669859753,-46.75567704045241,Engaged-Premium,sao paulo
-22.93941799056493,-47.0590556692833,Engaged-Premium,campinas
-23.649702664273143,-46.66124355259966,Engaged-Premium,sao paulo
-22.89427492911236,-43.120283203407965,Engaged-Premium,niteroi
-20.554950968499107,-47.38769088301032,Engaged-Premium,franca
-5.066631745329771,-42.76657048128411,Engaged-Premium,teresina
-29.378080970566504,-50.874708555254045,Engaged-Premium,gramado
-22.913903976123883,-43.59099140240968,Engaged-Premium,rio de janeiro
-21.980138642875495,-44.93186888145688,Engaged-Premium,caxambu
-23.256032752149583,-45.91674293381986,Engaged-Premium,sao jose dos campos
-23.07305263436313,-47.226078310828754,Engaged-Premium,indaiatuba
-24.04753355037796,-46.52627382722605,Engaged-Premium,praia grande
-14.927038357031478,-51.0803076758241,Engaged-Premium,aruana
-22.92357123601524,-43.635422152244715,Engaged-Premium,rio de janeiro
-23.561779395363267,-46.47581652435226,Engaged-Premium,sao paulo
-19.926823955594653,-43.93948161991448,Engaged-Premium,belo horizonte
-22.938984505652016,-46.54916165360242,Engaged-Premium,braganca paulista
-18.16302112684003,-47.95310631443272,Engaged-Premium,catalao
-22.989590846290746,-46.997789431292496,Engaged-Premium,valinhos
-23.180924811785815,-50.64953431443574,Engaged-Premium,cornelio procopio
-6.373941296523288,-39.29746252311102,Engaged-Premium,iguatu
-1.058127716055135,-46.7672559623839,Engaged-Premium,braganca
-21.20309099954143,-41.89141172373199,Engaged-Premium,itaperuna
-23.544790373853353,-46.80505627428013,Engaged-Premium,osasco
-20.50506397453669,-43.85753462626693,Engaged-Premium,congonhas
-29.485476079604886,-51.3597375530829,Engaged-Premium,bom principio
-23.02450176951644,-46.84456636887421,Engaged-Premium,itatiba
-22.934478547775733,-45.45668764211132,Engaged-Premium,pindamonhangaba
-22.844493512637705,-43.34313234341075,Engaged-Premium,rio de janeiro
-19.88665694532287,-43.92389634081604,Engaged-Premium,belo horizonte
-12.252350999999944,-38.984890500000006,Engaged-Premium,feira de santana
-21.256797694428947,-48.32085073900775,Engaged-Premium,jaboticabal
-23.722498320012686,-46.71096822057506,Engaged-Premium,sao paulo
-22.015108296094645,-47.89069890764564,Engaged-Premium,sao carlos
-22.84258446627047,-43.303678777468456,Engaged-Premium,rio de janeiro
-23.009617598517572,-46.853418489894764,Engaged-Premium,itatiba
-23.59450732944775,-46.44266175,Engaged-Premium,sao paulo
-23.21130687949995,-46.88044951858166,Engaged-Premium,jundiai
-22.01294095161805,-47.41565859685223,Engaged-Premium,pirassununga
-23.58742815916963,-46.7193565494788,Engaged-Premium,sao paulo
-13.391033521202127,-44.200200447002956,Engaged-Premium,santa maria da vitoria
-23.49855492532757,-46.75220002553522,Engaged-Premium,sao paulo
-23.54175760166953,-46.30016626692366,Engaged-Premium,suzano
-25.411754472544647,-49.35564104308433,Engaged-Premium,curitiba
-22.475834578756455,-46.62192703999664,Engaged-Premium,aguas de lindoia
-23.525792748542894,-46.69314299999999,Engaged-Premium,sao paulo
-21.686599240757907,-51.075784747070934,Engaged-Premium,adamantina
-22.826413437605595,-43.053180037616045,Engaged-Premium,sao goncalo
-23.826968878700722,-46.11866655620633,Engaged-Premium,bertioga
-23.61393187580963,-46.4649462867267,Engaged-Premium,sao paulo
-21.788259192047157,-46.565584849600626,Engaged-Premium,pocos de caldas
-23.30176699056494,-45.93103266078856,Engaged-Premium,jacarei
-23.530825010964268,-46.69727096142303,Engaged-Premium,sao paulo
-23.54627912316788,-51.43922842460287,Engaged-Premium,apucarana
-22.837451405505156,-43.32323284096027,Engaged-Premium,rio de janeiro
-21.08297015984822,-49.239539621648696,Engaged-Premium,ibira
-19.363717608764453,-40.05300916133554,Engaged-Premium,linhares
-22.90507423727126,-43.1771726677823,Engaged-Premium,rio de janeiro
-23.54394711019097,-46.51740469900167,Engaged-Premium,sao paulo
-19.46970149792253,-42.562507159587966,Engaged-Premium,ipatinga
-14.637361690494917,-39.5531301914744,Engaged-Premium,coaraci
-22.92167385596392,-43.36033117000399,Engaged-Premium,rio de janeiro
-22.814862913076944,-50.7913278915386,Engaged-Premium,pedrinhas paulista
-22.8796102749367,-43.091603704065434,Engaged-Premium,niteroi
-1.3897412444852957,-48.38307505449787,Engaged-Premium,ananindeua
-23.76597955110936,-46.68494030682672,Engaged-Premium,sao paulo
-22.916833051618703,-43.21798092630852,Engaged-Premium,rio de janeiro
-12.515396057693538,-41.577766528747425,Engaged-Premium,palmeiras
-22.871238117888137,-42.99391553889953,Engaged-Premium,sao goncalo
-23.57808470774424,-46.651012156529546,Engaged-Premium,sao paulo
-22.955759025535215,-46.54161922266144,Engaged-Premium,braganca paulista
-23.11980850582838,-47.23840103788447,Engaged-Premium,indaiatuba
-15.83961825701954,-48.037775007437,Engaged-Premium,brasilia
-23.70540496744501,-46.5699240313636,Engaged-Premium,sao bernardo do campo
-23.243923986336238,-45.88750177901217,Engaged-Premium,sao jose dos campos
-23.6415512149576,-46.78502986555533,Engaged-Premium,sao paulo
-23.443602401610026,-46.46395618275726,Engaged-Premium,guarulhos
-22.089736726763,-43.216606385021,Engaged-Premium,tres rios
-20.77038376027234,-49.38747113776605,Engaged-Premium,sao jose do rio preto
-27.431134779999688,-48.465089369986615,Engaged-Premium,florianopolis
-23.02187989307062,-43.46365439966753,Engaged-Premium,rio de janeiro
-23.7999748135524,-48.59929082756874,Engaged-Premium,buri
-15.840391573448764,-48.017797905764944,Engaged-Premium,brasilia
-19.9583550740955,-43.98066211088345,Engaged-Premium,belo horizonte
-23.502687742022033,-46.46431842918368,Engaged-Premium,sao paulo
-23.495491646811058,-46.84718581311382,Engaged-Premium,barueri
-23.497637951151248,-46.70902308090484,Engaged-Premium,sao paulo
-20.32255173056015,-48.316795858627,Engaged-Premium,guaira
-23.26206608381903,-51.14624200916092,Engaged-Premium,londrina
-22.896552719949256,-43.27121502703577,Engaged-Premium,rio de janeiro
-23.2742819753015,-47.30661523158634,Engaged-Premium,itu
-23.030236661503555,-45.59165958078147,Engaged-Premium,taubate
-22.942726521524516,-43.33383599333488,Engaged-Premium,rio de janeiro
-23.968041517066787,-46.305236791707486,Engaged-Premium,santos
-30.11998760384434,-51.96364816426362,Engaged-Premium,butia
-25.417494796554926,-49.20573546681872,Engaged-Premium,curitiba
-23.380466235646992,-46.71888069406702,Engaged-Premium,caieiras
-23.28677137691151,-47.279198086911485,Engaged-Premium,itu
-22.986114974864595,-43.4561553524591,Engaged-Premium,rio de janeiro
-15.5500905431646,-47.33028068376134,Engaged-Premium,formosa
-22.40992251985108,-47.56321483192925,Engaged-Premium,rio claro
-23.952467126839394,-46.31984960199666,Engaged-Premium,santos
-23.535666933049203,-47.440227052888126,Engaged-Premium,votorantim
-19.923338955306185,-43.9480192209302,Engaged-Premium,belo horizonte
-7.978333944774603,-34.863578452051506,Engaged-Premium,olinda
-22.802320737543184,-47.20403845683539,Engaged-Premium,sumare
-15.858211370917253,-48.0850863935763,Engaged-Premium,brasilia
-22.947107213041797,-45.41847434176915,Engaged-Premium,pindamonhangaba
-12.97108442304145,-38.51192308673322,Engaged-Premium,salvador
-8.111231863725534,-35.02081078074322,Engaged-Premium,jaboatao dos guararapes
-11.846988216015657,-40.792174146132375,Engaged-Premium,tapiramuta
-20.19842101734217,-40.27226270546521,Engaged-Premium,serra
-23.285339138631286,-47.67122744308,Engaged-Premium,boituva
-23.624703752404614,-46.586391181642696,Engaged-Premium,sao paulo
-23.60695263252354,-46.523467523053725,Engaged-Premium,sao paulo
-18.96754049999999,-49.44965197995041,Engaged-Premium,ituiutaba
-22.885651556480287,-43.28062369975704,Engaged-Premium,rio de janeiro
-22.56117141825844,-47.447471268798,Engaged-Premium,limeira
-18.72990246179288,-47.49757252964008,Engaged-Premium,monte carmelo
-22.885651556480287,-43.28062369975704,Engaged-Premium,rio de janeiro
-27.155747106172228,-48.57545479253679,Engaged-Premium,porto belo
-22.23227830780992,-45.93435440552749,Engaged-Premium,pouso alegre
-20.1379005,-40.18867515952251,Engaged-Premium,serra
-16.008196422800832,-47.99761588128703,Engaged-Premium,brasilia
-22.63246618910492,-43.282594438293096,Engaged-Premium,duque de caxias
-23.539972285042406,-46.59158118971085,Engaged-Premium,sao paulo
-30.15451740241829,-51.14384801708465,Engaged-Premium,porto alegre
-24.143180093242997,-52.7804336817966,Engaged-Premium,janiopolis
-12.957888744754676,-38.502641928432666,Engaged-Premium,salvador
-3.2061261675320685,-52.21246809885808,Engaged-Premium,altamira
-21.381721639096355,-42.703801563132316,Engaged-Premium,cataguases
-21.213362488343236,-50.43346962753188,Engaged-Premium,aracatuba
-26.790714198403236,-48.63372228909931,Engaged-Premium,penha
-23.58104278434991,-46.745977047606765,Engaged-Premium,sao paulo
-22.321364728417965,-49.00316486332149,Engaged-Premium,bauru
-19.85061693228113,-43.9311726401696,Engaged-Premium,belo horizonte
-29.81978761580259,-51.13733488011965,Engaged-Premium,sapucaia do sul
-14.865282854737872,-39.58978320113749,Engaged-Premium,ibicarai
-19.825459019158583,-44.01943031987883,Engaged-Premium,ribeirao das neves
-29.70892945678949,-51.13243812841647,Engaged-Premium,novo hamburgo
-22.79784287870052,-43.19545824839868,Engaged-Premium,rio de janeiro
-19.534378206016385,-40.62581329448536,Engaged-Premium,colatina
-7.4907028735799965,-38.98524241807848,Engaged-Premium,brejo santo
-12.694823464879885,-38.32240938473974,Engaged-Premium,camacari
-22.98059642846383,-44.29986729474528,Engaged-Premium,angra dos reis
-22.30677621512001,-49.11089157548048,Engaged-Premium,bauru
-23.51578711622575,-46.7204738731606,Engaged-Premium,sao paulo
-22.973308930896152,-47.14153015652956,Engaged-Premium,campinas
-20.342467507877814,-40.28566821952616,Engaged-Premium,vila velha
-23.651999672624683,-46.57099474225144,Engaged-Premium,sao bernardo do campo
-23.055126865752523,-46.35602381159757,Engaged-Premium,piracaia
-22.90680859062836,-43.28821205966879,Engaged-Premium,rio de janeiro
-22.95459806717061,-43.17731169269164,Engaged-Premium,rio de janeiro
-20.342467507877814,-40.28566821952616,Engaged-Premium,vila velha
-3.7465126814415353,-39.78405294891584,Engaged-Premium,iraucuba
-16.09454472188803,-47.93637481629608,Engaged-Premium,cidade ocidental
-23.59099630252754,-46.493465036358224,Engaged-Premium,sao paulo
-22.91768636469216,-43.231241920278116,Engaged-Premium,rio de janeiro
-26.40368935726154,-48.756934054286376,Engaged-Premium,araquari
-25.526515082133404,-48.52259244793945,Engaged-Premium,paranagua
-22.957250259507173,-43.20047981389583,Engaged-Premium,rio de janeiro
-22.436971930460896,-46.93772013197528,Engaged-Premium,mogi mirim
-23.092768222278565,-52.456674383793995,Engaged-Premium,paranavai
-23.545662511930896,-46.641384647440745,Engaged-Premium,sao paulo
-29.700709289919917,-53.73234115417634,Engaged-Premium,santa maria
-23.551639610479437,-46.764859155000345,Engaged-Premium,osasco
-19.45930795389748,-44.24801919373313,Engaged-Premium,sete lagoas
-20.693886062238597,-50.04237071280033,Engaged-Premium,nhandeara
-30.02058253621103,-51.1535145599737,Engaged-Premium,porto alegre
-25.442791128284213,-49.276760102140905,Engaged-Premium,curitiba
-22.973308930896152,-47.14153015652956,Engaged-Premium,campinas
-20.237574247959685,-50.889794710347836,Engaged-Premium,tres fronteiras
-21.78118441028821,-48.56614031179258,Engaged-Premium,nova europa
-22.90462513266777,-47.05736599733853,Engaged-Premium,campinas
-3.8248235887214204,-38.51567135389777,Engaged-Premium,fortaleza
-19.454748663887155,-42.546900242714514,Engaged-Premium,ipatinga
-20.32255173056015,-48.316795858627,Engaged-Premium,guaira
-22.68025946648102,-43.446769067369175,Engaged-Premium,nova iguacu
-23.65818644685208,-46.671257949073784,Engaged-Premium,sao paulo
-23.471635063055437,-46.65362206647812,Engaged-Premium,sao paulo
-21.750354301163515,-43.33278275102276,Engaged-Premium,juiz de fora
-24.038314294041577,-50.45594974870785,Engaged-Premium,curiuva
-30.03137306466045,-51.21231987370887,Engaged-Premium,porto alegre
-24.010703002741373,-46.4061962395147,Engaged-Premium,praia grande
-20.32255173056015,-48.316795858627,Engaged-Premium,guaira
-21.181012061890485,-47.78952007431185,Engaged-Premium,ribeirao preto
-19.014090868390117,-57.63306131497494,Engaged-Premium,corumba
-23.74296302054356,-46.66639273175025,Engaged-Premium,sao paulo
-29.91899618372389,-51.1721259461596,Engaged-Premium,canoas
-20.650456036647185,-41.90891446643319,Engaged-Premium,espera feliz
-29.166609911666264,-51.1797340200537,Engaged-Premium,caxias do sul
-23.32404745989382,-45.97046282385059,Engaged-Premium,jacarei
-23.571836373368974,-48.03685246737355,Engaged-Premium,itapetininga
-8.111223518517882,-35.299644392264234,Engaged-Premium,vitoria de santo antao
-23.266962316813057,-45.93984988347117,Engaged-Premium,jacarei
-30.03314585374222,-51.15098051621572,Engaged-Premium,porto alegre
-7.804608856460423,-37.79330909824093,Engaged-Premium,caraiba
-23.35761009165814,-47.85425054602937,Engaged-Premium,tatui
-23.664743929567454,-52.59573289223414,Engaged-Premium,cianorte
-24.010703002741373,-46.4061962395147,Engaged-Premium,praia grande
-23.509840243407016,-46.52173232139765,Engaged-Premium,sao paulo
-23.686591416180967,-46.68492732542269,Engaged-Premium,sao paulo
-19.69704598525933,-46.16916902019276,Engaged-Premium,campos altos
-22.82449047432054,-43.307557664305506,Engaged-Premium,rio de janeiro
-24.30658617260988,-46.97661011647647,Engaged-Premium,agisse
-23.322352248071105,-46.58973137816835,Engaged-Premium,mairipora
-23.39803183879867,-47.37652746364473,Engaged-Premium,sorocaba
-25.492601106295837,-49.23659835472503,Engaged-Premium,curitiba
-23.495140183738226,-46.61887747807146,Engaged-Premium,sao paulo
-22.92258733473174,-43.24244568124239,Engaged-Premium,rio de janeiro
-21.20319223140619,-49.29214315577372,Engaged-Premium,urupes
-22.28306850583577,-44.87042902299854,Engaged-Premium,itamonte
-23.64843177172653,-46.64338862033126,Engaged-Premium,sao paulo
-20.799694637009473,-49.41306980079776,Engaged-Premium,sao jose do rio preto
-22.846411990564945,-47.024516725714754,Engaged-Premium,campinas
-23.6024708685127,-46.66094785138621,Engaged-Premium,sao paulo
-12.947091396199994,-38.36013070999157,Engaged-Premium,salvador
-23.63774257507646,-46.67715132912534,Engaged-Premium,sao paulo
-19.46970149792253,-42.562507159587966,Engaged-Premium,ipatinga
-16.613729604815212,-49.32346377563371,Engaged-Premium,goiania
-21.23480165152405,-49.642553587404166,Engaged-Premium,adolfo
-18.86782425195641,-41.961784278967166,Engaged-Premium,governador valadares
-23.56410597890817,-46.655402039413694,Engaged-Premium,sao paulo
-20.269776884285324,-50.559011521898455,Engaged-Premium,jales
-15.723933037999927,-48.29112999999995,Engaged-Premium,aguas lindas de goias
-22.84121542649604,-43.08907555734663,Engaged-Premium,sao goncalo
-1.4280537705001086,-48.46444616013624,Engaged-Premium,belem
-23.480694650169223,-46.08449743579612,Engaged-Premium,mogi das cruzes
-20.53000701432394,-47.411023731252,Engaged-Premium,franca
-23.458495945322863,-46.54053796794389,Engaged-Premium,guarulhos
-28.67706971710671,-49.369573538255956,Engaged-Premium,criciuma
-22.80844235493424,-43.64172202960249,Engaged-Premium,seropedica
-23.02450176951644,-46.84456636887421,Engaged-Premium,itatiba
-5.080666657154707,-48.42811914614635,Engaged-Premium,sao pedro da agua branca
-22.532779999999946,-44.20283853649948,Engaged-Premium,barra mansa
-25.48165023353333,-49.23068776608683,Engaged-Premium,curitiba
-22.903460323145516,-43.787664058741406,Engaged-Premium,tocos
-23.59297157208284,-46.30570458129854,Engaged-Premium,suzano
-27.001867914675422,-48.65638619245989,Engaged-Premium,camboriu
-23.70540496744501,-46.5699240313636,Engaged-Premium,sao bernardo do campo
-23.48841319233656,-46.605302580904834,Engaged-Premium,sao paulo
-23.188848119337575,-46.85195184945988,Engaged-Premium,jundiai
-22.015560778650162,-57.028118691201556,Engaged-Premium,caracol
-25.290070568367298,-49.22478843062761,Engaged-Premium,colombo
-23.538484340007987,-47.414369139405,Engaged-Premium,votorantim
-22.762075117952588,-47.6279050700848,Engaged-Premium,piracicaba
-15.841450954140925,-48.024025688112914,Engaged-Premium,brasilia
-23.50103547792722,-47.51798650996727,Engaged-Premium,sorocaba
-23.685911658117153,-46.45659004005863,Engaged-Premium,maua
-22.642632444841645,-47.18986746209727,Engaged-Premium,cosmopolis
-18.92992184359797,-48.31503964475142,Engaged-Premium,uberlandia
-19.8595462052484,-43.95570128711987,Engaged-Premium,belo horizonte
-12.917946371298177,-38.46896743041666,Engaged-Premium,salvador
-24.121066445176464,-48.904930206676646,Engaged-Premium,nova campina
-23.492205276075552,-47.434767881394976,Engaged-Premium,sorocaba
-12.943908546254526,-38.4496561276702,Engaged-Premium,salvador
-21.791334493897494,-48.18274155588276,Engaged-Premium,araraquara
-15.49434999999994,-47.63636545999998,Engaged-Premium,planaltina
-15.830932016803072,-48.0110489635657,Engaged-Premium,brasilia
-23.39851248542905,-46.75304297155057,Engaged-Premium,sao paulo
-20.51429937114718,-47.43757389139409,Engaged-Premium,franca
-22.906132323071105,-43.21885879808414,Engaged-Premium,rio de janeiro
-23.670473877878134,-46.49108185675612,Engaged-Premium,santo andre
-22.725538911779402,-47.315300362466544,Engaged-Premium,americana
-23.53705271494464,-46.67955799932098,Engaged-Premium,sao paulo
-21.02949913574436,-40.8173252110489,Engaged-Premium,marataizes
-15.68789150660022,-47.8263635190533,Engaged-Premium,brasilia
-19.83901541909516,-43.97403905857227,Engaged-Premium,belo horizonte
-23.524397749035572,-46.7258818544925,Engaged-Premium,sao paulo
-23.49041217679899,-46.57794383819032,Engaged-Premium,sao paulo
-22.886910324456085,-46.97906215029714,Engaged-Premium,campinas
-22.768365198591823,-41.9039568032206,Engaged-Premium,armacao dos buzios
-22.746572282003044,-43.705684967951015,Engaged-Premium,seropedica
-23.665564739107847,-46.64478972519701,Engaged-Premium,sao paulo
-16.201243066814335,-50.312328929840135,Engaged-Premium,sanclerlandia
-24.49815873105776,-47.844494347330354,Engaged-Premium,registro
-21.75799999999998,-45.54212194584337,Engaged-Premium,monsenhor paulo
-22.92167385596392,-43.36033117000399,Engaged-Premium,rio de janeiro
-13.002814446015355,-38.46387616648835,Engaged-Premium,salvador
-23.98451511073924,-46.24179851582582,Engaged-Premium,guaruja
-3.116443196314572,-59.996414200386646,Engaged-Premium,manaus
-16.432305466129215,-39.07585856311037,Engaged-Premium,porto seguro
-20.27500485847408,-40.28553587880129,Engaged-Premium,vitoria
-11.13904139229583,-58.61026325890029,Engaged-Premium,castanheira
-23.535158814876795,-46.515076055109816,Engaged-Premium,sao paulo
-23.52758389454089,-46.61256280001737,Engaged-Premium,sao paulo
-28.30435881574406,-54.26350495310216,Engaged-Premium,santo angelo
-23.57585532722604,-46.537505926452745,Engaged-Premium,sao paulo
-16.361404053958964,-49.49744789234993,Engaged-Premium,inhumas
-22.489557434009633,-48.5608452682853,Engaged-Premium,barra bonita
-23.605499766576305,-46.516719462808,Engaged-Premium,sao paulo
-27.77760877536124,-54.23552181591138,Engaged-Premium,tres de maio
-22.879259706359257,-43.41581006203472,Engaged-Premium,rio de janeiro
-7.651281345123479,-40.14912625550516,Engaged-Premium,ipubi
-19.94742047100232,-43.946622000000005,Engaged-Premium,belo horizonte
-15.817454799245827,-47.975691694745386,Engaged-Premium,brasilia
-1.4280537705001086,-48.46444616013624,Engaged-Premium,belem
-19.74088541741059,-45.2564896750905,Engaged-Premium,bom despacho
-23.64676116180968,-46.80117134997565,Engaged-Premium,embu das artes
-5.448376632815982,-47.2875618436511,Engaged-Premium,senador la rocque
-3.861035240030052,-38.58437101703966,Engaged-Premium,maracanau
-23.661310401047427,-46.42192988382407,Engaged-Premium,maua
-23.5512359827998,-46.434955468088134,Engaged-Premium,sao paulo
-22.94817660421836,-43.35384203941367,Engaged-Premium,rio de janeiro
-8.21195404269962,-35.567257804189055,Engaged-Premium,gravata
-22.602628063985435,-43.184738540959316,Engaged-Premium,mage
-23.564723981558146,-47.8844532848165,Engaged-Premium,alambari
-23.560220813376283,-46.83103808413909,Engaged-Premium,carapicuiba
-19.906330599226692,-43.936668051907176,Engaged-Premium,belo horizonte
-21.854505508958752,-45.29603321832828,Engaged-Premium,cambuquira
-22.7976030627272,-43.18062329473726,Engaged-Premium,rio de janeiro
-2.498944490930389,-44.244046363558766,Engaged-Premium,sao luis
-29.939406854545265,-51.016507747850426,Engaged-Premium,gravatai
-23.58677108062952,-46.7489837393856,Engaged-Premium,sao paulo
-22.92185423831871,-43.943093253079766,Engaged-Premium,vila muriqui
-23.412031059174144,-51.45588367528382,Engaged-Premium,arapongas
-20.47194513518614,-45.123145499795335,Engaged-Premium,itapecerica
-27.64086127874733,-48.71233837149987,Engaged-Premium,palhoca
-26.149502121951716,-53.03081268920672,Engaged-Premium,marmeleiro
-25.376963411861404,-52.122846408453256,Engaged-Premium,cantagalo
-15.44822408539229,-49.51155852417069,Engaged-Premium,rianapolis
-22.5103712387356,-43.17707706348803,Engaged-Premium,petropolis
-16.700983273171033,-49.24058299999996,Engaged-Premium,goiania
-21.559292955907864,-45.4635987282224,Engaged-Premium,varginha
-21.944082115264106,-46.71713346976612,Engaged-Premium,aguas da prata
-19.90625324508045,-43.92317252137203,Engaged-Premium,belo horizonte
-16.754775617058538,-43.874533349082476,Engaged-Premium,montes claros
-22.92258733473174,-43.24244568124239,Engaged-Premium,rio de janeiro
-8.122101093862518,-38.72903863442301,Engaged-Premium,mirandiba
-24.95227026422471,-53.46660168653684,Engaged-Premium,cascavel
-22.884255334727865,-47.06813275200536,Engaged-Premium,campinas
-22.003518593672453,-47.85611683645909,Engaged-Premium,sao carlos
-19.936877427145244,-43.96747446113456,Engaged-Premium,belo horizonte
-22.90680859062836,-43.28821205966879,Engaged-Premium,rio de janeiro
-27.60542121440934,-48.47002116127125,Engaged-Premium,florianopolis
-23.637416290596647,-46.52831919983838,Engaged-Premium,santo andre
-22.869433751413908,-47.21631677739256,Engaged-Premium,hortolandia
-23.47079222925442,-46.63750338634656,Engaged-Premium,sao paulo
-23.535839005222797,-46.76097421100975,Engaged-Premium,osasco
-27.005188244285076,-51.15087636295904,Engaged-Premium,videira
-21.284953188062783,-50.31845585766597,Engaged-Premium,birigui
-17.892345154923643,-51.73398680000218,Engaged-Premium,jatai
-29.776996617450457,-51.131766685671806,Engaged-Premium,sao leopoldo
-23.4545304711098,-46.73172460698832,Engaged-Premium,sao paulo
-8.041186487102486,-34.94731824216628,Engaged-Premium,recife
-19.82862385630682,-43.09105418617369,Engaged-Premium,bela vista de minas
-22.298634,-49.0780625656414,Engaged-Premium,bauru
-25.366347770167124,-49.26898109088816,Engaged-Premium,curitiba
-23.675315595636327,-46.51511591603398,Engaged-Premium,santo andre
-23.590499972243077,-46.53498060935425,Engaged-Premium,sao paulo
-23.555556314184297,-46.68985712017429,Engaged-Premium,sao paulo
-22.972498753993328,-45.545758329101865,Engaged-Premium,tremembe
-13.724185420799634,-59.25970715423041,Engaged-Premium,campos de julio
-15.745670691999976,-48.24011244199994,Engaged-Premium,aguas lindas de goias
-27.181012887997156,-51.238494535530236,Engaged-Premium,ibiam
-22.756983332924523,-47.601096553292145,Engaged-Premium,piracicaba
-21.16918303862985,-49.11107902050273,Engaged-Premium,elisiario
-23.53228764723873,-46.70317225867044,Engaged-Premium,sao paulo
-30.03336443104038,-51.23063954079865,Engaged-Premium,porto alegre
-22.16352848399153,-43.29243581235953,Engaged-Premium,paraiba do sul
-16.721489790529922,-52.3152097824971,Engaged-Premium,doverlandia
-22.7263133542557,-47.33702039244908,Engaged-Premium,americana
-26.914710861989555,-48.66094867263115,Engaged-Premium,itajai
-12.930893902924096,-38.51149725,Engaged-Premium,salvador
-22.71538558398837,-42.806385841320235,Engaged-Premium,itaborai
-16.7224226128167,-43.86324095489327,Engaged-Premium,montes claros
-23.52569478573488,-46.70180169223215,Engaged-Premium,sao paulo
-21.671814840250825,-42.07760014708587,Engaged-Premium,itaocara
-22.901058733827725,-43.185554918748906,Engaged-Premium,rio de janeiro
-21.14123141819782,-48.94716983999366,Engaged-Premium,catanduva
-23.75266495485217,-46.66679225872885,Engaged-Premium,sao paulo
-26.932860389851683,-49.1431047366492,Engaged-Premium,blumenau
-23.688040306134223,-46.76639037523806,Engaged-Premium,sao paulo
-22.556825701497495,-47.42307221908908,Engaged-Premium,limeira
-25.460811135726203,-49.33496115146579,Engaged-Premium,curitiba
-24.026457185123206,-46.47784669233656,Engaged-Premium,praia grande
-22.895307936266747,-47.038617014677364,Engaged-Premium,campinas
-22.82827005636834,-43.01210347482567,Engaged-Premium,sao goncalo
-20.674109732524187,-40.51168033175999,Engaged-Premium,guarapari
-22.862794044174205,-42.00221303155615,Engaged-Premium,cabo frio
-23.5510656877807,-46.91473581506333,Engaged-Premium,itapevi
-3.110843262840195,-59.98664053025275,Engaged-Premium,manaus
-22.48492526069301,-42.20044488978138,Engaged-Premium,casimiro de abreu
-22.2835805047368,-42.53537225497943,Engaged-Premium,nova friburgo
-23.613962430822568,-45.39257224931032,Engaged-Premium,caraguatatuba
-23.664613967185403,-46.76681961211614,Engaged-Premium,sao paulo
-22.530642695437614,-50.556634360334954,Engaged-Premium,primavera
-22.90584639800333,-43.56728365029714,Engaged-Premium,rio de janeiro
-22.0846005,-41.86779799739642,Engaged-Premium,conceicao de macabu
-12.887530784451954,-38.471786623804746,Engaged-Premium,salvador
-19.94457894024566,-44.04194751098992,Engaged-Premium,contagem
-12.8750238479101,-38.75992915537925,Engaged-Premium,salinas da margarida
-27.22121259747712,-52.02336824999999,Engaged-Premium,concordia
-23.531040303364264,-46.68969822716263,Engaged-Premium,sao paulo
-22.673752889534896,-47.682659590412015,Engaged-Premium,piracicaba
-22.947707634511172,-46.55237031183305,Engaged-Premium,braganca paulista
-22.933631577298154,-43.37647022788376,Engaged-Premium,rio de janeiro
-22.739120738271115,-47.63636231303046,Engaged-Premium,piracicaba
-23.441645336112845,-45.077753319947206,Engaged-Premium,ubatuba
-22.66963752178432,-50.42678261175557,Engaged-Premium,assis
-23.172524723254675,-46.88719218616193,Engaged-Premium,jundiai
-15.791154734041342,-47.85672962141953,Engaged-Premium,brasilia
-10.198894885037259,-48.345595603512706,Engaged-Premium,palmas
-22.850412639930923,-43.31380787108773,Engaged-Premium,rio de janeiro
-23.53796433221771,-46.6524429245354,Engaged-Premium,sao paulo
-25.39156863558196,-49.21801353038264,Engaged-Premium,curitiba
-21.788259192047157,-46.565584849600626,Engaged-Premium,pocos de caldas
-1.295414145624778,-47.91334844444345,Engaged-Premium,castanhal
-16.709762373308124,-49.366920896918224,Engaged-Premium,goiania
-23.64702435137628,-46.6663345453863,Engaged-Premium,sao paulo
-22.649022192441368,-43.04194241998425,Engaged-Premium,mage
-19.881206603301806,-44.02815630158307,Engaged-Premium,contagem
-30.05062656731484,-51.18005129232787,Engaged-Premium,porto alegre
-23.56913270927345,-46.58271278671195,Engaged-Premium,sao paulo
-22.82827005636834,-43.01210347482567,Engaged-Premium,sao goncalo
-22.455349624134165,-47.53747679508115,Engaged-Premium,santa gertrudes
-18.914980232586977,-48.27813616348312,Engaged-Premium,uberlandia
-19.9129652761556,-43.89515059008009,Engaged-Premium,belo horizonte
-23.65218934609616,-46.53875018356984,Engaged-Premium,santo andre
-22.937512792544215,-43.24664597821569,Engaged-Premium,rio de janeiro
-23.489677320012685,-46.70268638412486,Engaged-Premium,sao paulo
-22.526252776321712,-42.977909681547956,Engaged-Premium,guapimirim
-22.914400672773947,-43.24563020413756,Engaged-Premium,rio de janeiro
-22.964288895954525,-43.402024304605,Engaged-Premium,rio de janeiro
-22.47583977768481,-44.06464514716775,Engaged-Premium,volta redonda
-23.59256254912288,-46.62530502331353,Engaged-Premium,sao paulo
-23.255119679601947,-45.82853633399433,Engaged-Premium,sao jose dos campos
-3.211712565473594,-45.00188205197996,Engaged-Premium,viana
-22.213608516792643,-49.94562551936614,Engaged-Premium,marilia
-21.22534076272983,-43.78829897971849,Engaged-Premium,barbacena
-22.942726521524516,-43.33383599333488,Engaged-Premium,rio de janeiro
-22.729710228761107,-43.383021322110125,Engaged-Premium,belford roxo
-12.989080027800075,-38.48769070705173,Engaged-Premium,salvador
-21.686599240757907,-51.075784747070934,Engaged-Premium,adamantina
-4.776773248483349,-48.06884080612588,Engaged-Premium,rondon do para
-14.62311393670911,-57.49069053333387,Engaged-Premium,tangara da serra
-22.739120738271115,-47.63636231303046,Engaged-Premium,piracicaba
-22.9961882714524,-43.25844145073268,Engaged-Premium,rio de janeiro
-23.57130234332621,-46.47930265361119,Engaged-Premium,sao paulo
-23.684854601898024,-46.43806303592078,Engaged-Premium,maua
-23.670394104622392,-46.47515734762539,Engaged-Premium,maua
-23.63353377591228,-46.75019019164407,Engaged-Premium,sao paulo
-22.4115372316683,-42.96648135101439,Engaged-Premium,teresopolis
-23.57516623535694,-46.4965872536788,Engaged-Premium,sao paulo
-23.5554593052975,-46.56250633736248,Engaged-Premium,sao paulo
-22.015108296094645,-47.89069890764564,Engaged-Premium,sao carlos
-12.952189049112675,-38.40456767638062,Engaged-Premium,salvador
-21.60420797769884,-48.36489314654624,Engaged-Premium,matao
-23.75521731872297,-46.67952106494891,Engaged-Premium,sao paulo
-20.252532778774647,-43.80286849754644,Engaged-Premium,itabirito
-21.11819394490749,-42.943705743717146,Engaged-Premium,uba
-23.53874524042914,-46.19140770032851,Engaged-Premium,mogi das cruzes
-15.613197573513617,-56.05197738617131,Engaged-Premium,cuiaba
-8.26419321714068,-49.26660616545765,Engaged-Premium,conceicao do araguaia
-23.520376298699418,-47.464498618057085,Engaged-Premium,sorocaba
-27.589321906197647,-48.52212360618027,Engaged-Premium,florianopolis
-26.157561563236918,-52.97095679637472,Engaged-Premium,renascenca
-23.495491646811058,-46.84718581311382,Engaged-Premium,barueri
-23.662566512592036,-46.52741092389908,Engaged-Premium,santo andre
-19.769900480927134,-44.13407768858566,Engaged-Premium,ribeirao das neves
-17.53328739848712,-39.194053995737825,Engaged-Premium,alcobaca
-29.677689677485176,-51.13473325372463,Engaged-Premium,novo hamburgo
-17.884664706480535,-51.71734102088634,Engaged-Premium,jatai
-26.093895424014725,-49.79183179515071,Engaged-Premium,rio negro
-23.504182313073454,-46.582139046226104,Engaged-Premium,sao paulo
-22.90316625284208,-43.10713068500763,Engaged-Premium,niteroi
-28.727947278609115,-52.84568831609672,Engaged-Premium,espumoso
-19.521745812644355,-40.70279475,Engaged-Premium,colatina
-22.948779117499278,-46.97797265047076,Engaged-Premium,valinhos
-28.23876137953961,-48.672978306947584,Engaged-Premium,imbituba
-22.532779999999946,-44.20283853649948,Engaged-Premium,barra mansa
-19.953983389390658,-43.93287034041202,Engaged-Premium,belo horizonte
-15.904844413965852,-52.24328804583753,Engaged-Premium,aragarcas
-23.514079363378823,-46.76915582194592,Engaged-Premium,osasco
-29.67745825880729,-51.05918890980452,Engaged-Premium,campo bom
-22.39021116847478,-47.54999151399537,Engaged-Premium,rio claro
-19.527311798788695,-40.66467153094227,Engaged-Premium,colatina
-20.829359182194747,-49.379270257390985,Engaged-Premium,sao jose do rio preto
-23.64151681425172,-46.54210469718399,Engaged-Premium,santo andre
-23.670081628642734,-46.66049702840489,Engaged-Premium,sao paulo
-19.50728196320319,-42.6295431877278,Engaged-Premium,coronel fabriciano
-26.912615530002004,-48.67401528393623,Engaged-Premium,itajai
-25.43727033166945,-49.211700622251776,Engaged-Premium,curitiba
-7.375730588898031,-37.479420355180736,Engaged-Premium,santa terezinha
-20.85557589674,-49.41314246615674,Engaged-Premium,sao jose do rio preto
-29.58697668096932,-51.08815065070117,Engaged-Premium,dois irmaos
-19.946934214683473,-43.95237299999999,Engaged-Premium,belo horizonte
-23.92006895947182,-46.42740345559254,Engaged-Premium,cubatao
-10.85666556707265,-37.08593457569617,Engaged-Premium,nossa senhora do socorro
-23.548379456284515,-46.51414832833689,Engaged-Premium,sao paulo
-23.53254911289421,-46.18000499690133,Engaged-Premium,mogi das cruzes
-30.018413465635483,-51.202718717179295,Engaged-Premium,porto alegre
-23.43411781571351,-47.477925945825476,Engaged-Premium,sorocaba
-19.87482809063998,-44.98560567343412,Engaged-Premium,nova serrana
-29.92605432944123,-51.1589378998788,Engaged-Premium,canoas
-23.69740389953255,-46.619808097149225,Engaged-Premium,diadema
-20.00798932889948,-44.06057491079648,Engaged-Premium,ibirite
-23.551832860118857,-46.48618244171618,Engaged-Premium,sao paulo
-23.559614644180314,-46.7556109941716,Engaged-Premium,sao paulo
-16.754775617058538,-43.874533349082476,Engaged-Premium,montes claros
-8.134782793932896,-34.93613699999999,Engaged-Premium,recife
-28.232837447277163,-52.373303349142475,Engaged-Premium,passo fundo
-6.994129999999927,-36.71354526836351,Engaged-Premium,junco do serido
-21.17084670666525,-43.02114374237569,Engaged-Premium,tocantins
-23.500698046338584,-46.79574696462569,Engaged-Premium,osasco
-23.532234261123907,-49.244750904357566,Engaged-Premium,taquarituba
-23.51654616980736,-46.78643239791725,Engaged-Premium,osasco
-22.789682732340502,-43.43711414736552,Engaged-Premium,mesquita
-5.047705112412293,-42.8295542284836,Engaged-Premium,teresina
-22.52212397398497,-43.18337185591896,Engaged-Premium,petropolis
-20.75533341719481,-42.88055185516512,Engaged-Premium,vicosa
-22.86066369379931,-46.97532755626988,Engaged-Premium,campinas
-21.568643895945364,-51.351611764007615,Engaged-Premium,irapuru
-3.7445460349702855,-38.50324392783773,Engaged-Premium,fortaleza
-15.84277843726145,-48.12503943935917,Engaged-Premium,brasilia
-32.05274240700931,-52.14022921670515,Engaged-Premium,rio grande
-23.57813561726011,-46.51870739425241,Engaged-Premium,sao paulo
-23.467810945322867,-46.56159213197528,Engaged-Premium,guarulhos
-22.07108854643692,-46.57233250425247,Engaged-Premium,andradas
-21.22252141271852,-50.44588268568579,Engaged-Premium,aracatuba
-23.681296676530906,-46.61260506653087,Engaged-Premium,diadema
-22.45035344350279,-46.80570190414707,Engaged-Premium,itapira
-23.604959521443902,-46.25020986534365,Engaged-Premium,mogi das cruzes
-27.290209139974166,-50.57755286955393,Engaged-Premium,curitibanos
-22.466181774996222,-42.65473933987149,Engaged-Premium,cachoeiras de macacu
-23.46399829808414,-46.51741827768481,Engaged-Premium,guarulhos
-23.9969192373618,-48.88537454786854,Engaged-Premium,itapeva
-23.008899137803667,-43.2965236971032,Engaged-Premium,rio de janeiro
-19.95517789402001,-44.70911759690502,Engaged-Premium,igaratinga
-29.91899618372389,-51.1721259461596,Engaged-Premium,canoas
-23.55743778818944,-46.929352145956976,Engaged-Premium,itapevi
-8.005895740456253,-36.05762095408697,Engaged-Premium,toritama
-22.015108296094645,-47.89069890764564,Engaged-Premium,sao carlos
-23.646786637622345,-46.78283934179701,Engaged-Premium,sao paulo
-29.96150870112698,-51.62866453331365,Engaged-Premium,charqueadas
-23.469038932726072,-46.61551929892087,Engaged-Premium,sao paulo
-22.93729663600033,-46.522040817993,Engaged-Premium,braganca paulista
-19.63863100472473,-43.90171846264042,Engaged-Premium,lagoa santa
-17.85842559791108,-41.51725648560269,Engaged-Premium,teofilo otoni
-22.768365198591823,-41.9039568032206,Engaged-Premium,armacao dos buzios
-22.8796102749367,-43.091603704065434,Engaged-Premium,niteroi
-23.52854763911564,-46.310632138200326,Engaged-Premium,suzano
-23.643597877315536,-46.66251227546312,Engaged-Premium,sao paulo
-3.916833935319352,-40.38542542244555,Engaged-Premium,groairas
-27.00664170635926,-48.63451584136931,Engaged-Premium,balneario camboriu
-27.726140759559115,-54.12735888843683,Engaged-Premium,sao jose do inhacora
-23.68839991192295,-46.391914643486345,Engaged-Premium,ribeirao pires
-8.037988413636953,-50.03688313277065,Engaged-Premium,redencao
-23.136484522266496,-46.46807188776495,Engaged-Premium,bom jesus dos perdoes
-20.04172328143195,-47.74970675953888,Engaged-Premium,igarapava
-23.62923449486411,-46.69206963543343,Engaged-Premium,sao paulo
-6.722167493756292,-36.05576651694756,Engaged-Premium,barra de santa rosa
-23.59887676158464,-46.4405038791332,Engaged-Premium,sao paulo
-10.286898854539158,-37.92574920310214,Engaged-Premium,coronel joao sa
-1.290480535385357,-47.93972163838792,Engaged-Premium,castanhal
-20.351896663616344,-40.32115677932092,Engaged-Premium,vila velha
-17.596518603530626,-44.73515887606278,Engaged-Premium,varzea da palma
-24.721286369469176,-53.72232671270729,Engaged-Premium,toledo
-23.952467126839394,-46.31984960199666,Engaged-Premium,santos
-12.994160965806937,-38.47952868408447,Engaged-Premium,salvador
-23.60759808604073,-46.61094936303305,Engaged-Premium,sao paulo
-22.80214486512345,-43.03736775727403,Engaged-Premium,sao goncalo
-22.95459806717061,-43.17731169269164,Engaged-Premium,rio de janeiro
-22.758982616944046,-43.48259003081488,Engaged-Premium,nova iguacu
-23.547397159587977,-46.502572217179306,Engaged-Premium,sao paulo
-23.159406006073,-49.97736847948426,Engaged-Premium,jacarezinho
-23.53909404662705,-46.48892073619365,Engaged-Premium,sao paulo
-17.806073102087684,-49.62083897217746,Engaged-Premium,joviania
-23.42470086150384,-46.552730060505496,Engaged-Premium,guarulhos
-23.53063784984708,-46.60100455176294,Engaged-Premium,sao paulo
-23.53105219053323,-46.65897749694157,Engaged-Premium,sao paulo
-17.596518603530626,-44.73515887606278,Engaged-Premium,varzea da palma
-23.48820842894858,-46.394586033931546,Engaged-Premium,sao paulo
-23.51400362587798,-46.19054482764663,Engaged-Premium,mogi das cruzes
-25.08134743712856,-50.13440467659161,Engaged-Premium,ponta grossa
-23.655385068555585,-46.66630482722604,Engaged-Premium,sao paulo
-21.0976409399582,-42.18418049778559,Engaged-Premium,eugenopolis
-23.65216141326678,-46.60282828795658,Engaged-Premium,sao paulo
-20.75533341719481,-42.88055185516512,Engaged-Premium,vicosa
-23.452748843181976,-46.605522022621045,Engaged-Premium,sao paulo
-23.002985032019456,-46.82360927106554,Engaged-Premium,itatiba
-8.3621247813276,-36.56277312784847,Engaged-Premium,sanharo
-23.662919002481495,-46.862358983927656,Engaged-Premium,embu das artes
-23.656342642475988,-52.60977281399602,Engaged-Premium,cianorte
-29.91497151744866,-51.0748976065531,Engaged-Premium,cachoeirinha
-22.33733647655877,-47.16903824492072,Engaged-Premium,conchal
-22.790631827247477,-43.37444566358498,Engaged-Premium,sao joao de meriti
-23.510935341104506,-46.5367629865399,Engaged-Premium,sao paulo
-22.111362492566023,-51.39854839493498,Engaged-Premium,presidente prudente
-10.953121535951231,-37.07137233919993,Engaged-Premium,aracaju
-29.882424818901832,-51.15315654413574,Engaged-Premium,canoas
-10.85666556707265,-37.08593457569617,Engaged-Premium,nossa senhora do socorro
-21.129375430615777,-49.01634047380748,Engaged-Premium,catanduva
-10.97013724646543,-37.04448972344036,Engaged-Premium,aracaju
-20.218968000000004,-40.24239050115117,Engaged-Premium,serra
-20.557402554582165,-48.57069693228112,Engaged-Premium,barretos
-22.971981117974675,-47.012472,Engaged-Premium,valinhos
-23.499407624617696,-46.60480393450282,Engaged-Premium,sao paulo
-23.577164816954266,-46.69066778788448,Engaged-Premium,sao paulo
-19.46633403079394,-45.60104977049797,Engaged-Premium,dores do indaia
-22.245953997538347,-50.700544630062254,Engaged-Premium,quata
-23.611780236467784,-46.429440241035486,Engaged-Premium,sao paulo
-18.94500106309041,-46.99255609198144,Engaged-Premium,patrocinio
-22.66471084147959,-50.435923764296824,Engaged-Premium,assis
-23.62399052207277,-46.566780988891495,Engaged-Premium,sao caetano do sul
-22.80572828112987,-43.42317527553308,Engaged-Premium,nilopolis
-22.401239203444494,-42.97667531968915,Engaged-Premium,teresopolis
-28.69227219236889,-49.37198403562716,Engaged-Premium,criciuma
-19.93015620368739,-44.12228703683506,Engaged-Premium,contagem
-23.679713503750907,-46.679135364418016,Engaged-Premium,sao paulo
-21.592708800144862,-48.35639467929482,Engaged-Premium,matao
-18.9239008462404,-48.25008947100231,Engaged-Premium,uberlandia
-23.33092810062541,-51.18620775517971,Engaged-Premium,londrina
-1.0236595690611228,-46.63736106957848,Engaged-Premium,augusto correa
-23.970390465433734,-46.32234564570951,Engaged-Premium,santos
-23.53467017539968,-46.67217683458364,Engaged-Premium,sao paulo
-23.434790639031952,-46.571647500000005,Engaged-Premium,sao paulo
-30.12524031224045,-51.2084636790928,Engaged-Premium,porto alegre
-22.89643935056418,-43.60695346864298,Engaged-Premium,rio de janeiro
-23.49728849125742,-46.68162942811186,Engaged-Premium,sao paulo
-19.88558017362236,-43.95817923389984,Engaged-Premium,belo horizonte
-23.5671853772338,-46.824686708260096,Engaged-Premium,carapicuiba
-23.50416851075128,-46.63768728561726,Engaged-Premium,sao paulo
-18.660136453970157,-41.404821059461646,Engaged-Premium,mendes pimentel
-22.851858607843013,-51.025676089391,Engaged-Premium,primeiro de maio
-22.363029332340403,-46.92439444818837,Engaged-Premium,mogi-guacu
-23.186380013590007,-46.88651921120668,Engaged-Premium,jundiai
-7.71814259871716,-37.85100735374178,Engaged-Premium,quixada
-22.7220881059242,-43.53335360205592,Engaged-Premium,nova iguacu
-10.461420451962026,-40.18701024751928,Engaged-Premium,senhor do bonfim
-19.9129652761556,-43.89515059008009,Engaged-Premium,belo horizonte
-23.70540496744501,-46.5699240313636,Engaged-Premium,sao bernardo do campo
-29.892226969737827,-50.26569650087135,Engaged-Premium,osorio
-19.978320656125533,-44.0496731575105,Engaged-Premium,belo horizonte
-24.112863197007357,-46.667482359857104,Engaged-Premium,mongagua
-24.00920985345376,-46.41937090980433,Engaged-Premium,praia grande
-10.506673402732694,-39.012760205704446,Engaged-Premium,euclides da cunha
-22.98054817929483,-49.86716656334554,Engaged-Premium,ourinhos
-23.708508755236668,-46.5428547991372,Engaged-Premium,sao bernardo do campo
-23.688890497085808,-46.67306613711119,Engaged-Premium,sao paulo
-22.365660629767795,-48.66863735019331,Engaged-Premium,jau
-10.896723635105829,-37.061157355329215,Engaged-Premium,aracaju
-22.31138721665406,-48.581677317444736,Engaged-Premium,jau
-27.57707899362336,-48.5366366740147,Engaged-Premium,florianopolis
-29.19962051078181,-51.200851350692496,Engaged-Premium,caxias do sul
-23.484857153773934,-46.64938031668012,Engaged-Premium,sao paulo
-19.72896443652217,-50.19522319448616,Engaged-Premium,iturama
-1.424274947256112,-48.473887637919226,Engaged-Premium,belem
-23.48054439439665,-47.50954370774423,Engaged-Premium,sorocaba
-20.16130630891767,-44.90380827522894,Engaged-Premium,divinopolis
-19.947433295314173,-43.928925768249734,Engaged-Premium,belo horizonte
-22.989590846290746,-46.997789431292496,Engaged-Premium,valinhos
-23.49925304746376,-46.57848962170351,Engaged-Premium,sao paulo
-23.538023539179946,-46.88948064085956,Engaged-Premium,barueri
-29.75452832443038,-50.017691069847736,Engaged-Premium,capao da canoa
-28.30435881574406,-54.26350495310216,Engaged-Premium,santo angelo
-4.776773248483349,-48.06884080612588,Engaged-Premium,rondon do para
-22.88859450360667,-43.587552790928555,Engaged-Premium,rio de janeiro
-23.62003247100232,-46.56402747612388,Engaged-Premium,sao caetano do sul
-22.235298273207825,-42.52693193710513,Engaged-Premium,nova friburgo
-20.538285802455572,-47.40131667800094,Engaged-Premium,franca
-29.22758344341957,-51.15811127014565,Engaged-Premium,caxias do sul
-19.65142242912103,-42.755876471507236,Engaged-Premium,jaguaracu
-19.89853645781635,-43.92141149611918,Engaged-Premium,belo horizonte
-22.737893856062318,-47.30251801964346,Engaged-Premium,americana
-23.530534789485802,-46.63934288253786,Engaged-Premium,sao paulo
-26.790714198403236,-48.63372228909931,Engaged-Premium,penha
-23.010602192768264,-45.568479653194416,Engaged-Premium,taubate
-15.80138967693458,-47.92204575000001,Engaged-Premium,brasilia
-29.9405400937167,-51.03510727788682,Engaged-Premium,gravatai
-22.75756675966071,-47.416027840450326,Engaged-Premium,santa barbara d'oeste
-30.041284403407214,-52.89459261133067,Engaged-Premium,cachoeira do sul
-18.758456161655783,-50.94622636796692,Engaged-Premium,cachoeira alta
-23.6632097643042,-46.655864360811336,Engaged-Premium,sao paulo
-23.511271473772283,-46.60410411948181,Engaged-Premium,sao paulo
-14.851664999999992,-40.84095111740432,Engaged-Premium,vitoria da conquista
-23.62198951485941,-46.57435280682671,Engaged-Premium,sao caetano do sul
-9.386144912398088,-37.088874032796866,Engaged-Premium,dois riachos
-23.001664514859417,-43.40383953802869,Engaged-Premium,rio de janeiro
-21.803961189555373,-41.30163375121015,Engaged-Premium,campos dos goytacazes
-20.386870311646724,-43.506711008289,Engaged-Premium,ouro preto
-23.597977631686824,-46.680675694702494,Engaged-Premium,sao paulo
-23.698845104297472,-46.54305293907612,Engaged-Premium,sao bernardo do campo
-23.670473877878134,-46.49108185675612,Engaged-Premium,santo andre
-9.395494490645602,-40.51483819823185,Engaged-Premium,petrolina
-18.84850344429485,-41.94793531089754,Engaged-Premium,governador valadares
-3.8018880249999256,-38.5368827484678,Engaged-Premium,fortaleza
-12.935961117220948,-38.49570727476773,Engaged-Premium,salvador
-27.58139345074722,-48.59315382334522,Engaged-Premium,florianopolis
-22.970894018595992,-43.38784233625709,Engaged-Premium,rio de janeiro
-26.214385237042926,-49.383403152125396,Engaged-Premium,sao bento do sul
-3.6090760349263444,-45.34172963166411,Engaged-Premium,pindare mirim
-23.67332717021707,-46.54528848405988,Engaged-Premium,santo andre
-23.496880159313847,-46.49429458153949,Engaged-Premium,sao paulo
-29.67745825880729,-51.05918890980452,Engaged-Premium,campo bom
-27.357027151971764,-53.397375266644985,Engaged-Premium,frederico westphalen
-22.86657990047305,-43.09822064501702,Engaged-Premium,niteroi
-25.543616071325555,-49.1822929118818,Engaged-Premium,sao jose dos pinhais
-19.619071315709977,-44.03957234517303,Engaged-Premium,pedro leopoldo
-23.563294082982303,-46.64348420621503,Engaged-Premium,sao paulo
-23.47456247661731,-47.46832082653356,Engaged-Premium,sorocaba
-10.965496602251967,-38.78647566144923,Engaged-Premium,tucano
-12.91188522103819,-38.40047026902573,Engaged-Premium,salvador
-23.410716954635376,-46.88654724546794,Engaged-Premium,santana de parnaiba
-6.567829794307279,-40.12090200000001,Engaged-Premium,aiuaba
-19.2828345326208,-42.003601869437546,Engaged-Premium,tarumirim
-22.120850838097805,-51.413425419304254,Engaged-Premium,presidente prudente
-22.88722375926633,-47.20093703649303,Engaged-Premium,hortolandia
-23.559132373045337,-46.313992564585504,Engaged-Premium,suzano
-22.894114190951584,-43.24169391520001,Engaged-Premium,rio de janeiro
-19.52973499687694,-42.01266214006071,Engaged-Premium,sao domingos das dores
-19.239466550865757,-44.02604803868425,Engaged-Premium,jequitiba
-12.693103447335965,-38.334714812859545,Engaged-Premium,camacari
-23.27744192933777,-51.181865674995656,Engaged-Premium,londrina
-23.588022452262102,-46.503961592777955,Engaged-Premium,sao paulo
-22.91154216180968,-47.07547752994448,Engaged-Premium,campinas
-15.7930968994929,-47.851615655761144,Engaged-Premium,brasilia
-23.603187216486816,-46.62104071051421,Engaged-Premium,sao paulo
-22.773137845995556,-42.93361416465884,Engaged-Premium,itaborai
-25.74807404391674,-53.059039416839255,Engaged-Premium,dois vizinhos
-22.927911349702853,-43.23215035152053,Engaged-Premium,rio de janeiro
-23.496673832738004,-46.88135694345758,Engaged-Premium,barueri
-21.770324704218737,-52.11229275,Engaged-Premium,presidente epitacio
-18.604704412703637,-43.38292274999999,Engaged-Premium,serro
-27.11638950764605,-48.91237719690787,Engaged-Premium,brusque
-17.733479770995473,-49.11180619402263,Engaged-Premium,morrinhos
-22.642998940680435,-43.66064898346332,Engaged-Premium,japeri
-23.66878576729107,-45.43728702402193,Engaged-Premium,caraguatatuba
-17.7190976018024,-48.15907238891024,Engaged-Premium,ipameri
-22.674249796260625,-43.277381019238234,Engaged-Premium,duque de caxias
-23.828551543712848,-46.72473041756596,Engaged-Premium,sao paulo
-19.2828345326208,-42.003601869437546,Engaged-Premium,tarumirim
-23.669093514022688,-46.60399971233188,Engaged-Premium,diadema
-21.77408122009684,-48.18062624562872,Engaged-Premium,araraquara
-15.802856029561235,-48.0977660563351,Engaged-Premium,brasilia
-23.5222577570651,-47.43510342877521,Engaged-Premium,sorocaba
-23.56976284096028,-46.65677240798665,Engaged-Premium,sao paulo
-23.54278106274637,-46.702455443793646,Engaged-Premium,sao paulo
-23.24551213813836,-46.82518234120005,Engaged-Premium,varzea paulista
-23.02187989307062,-43.46365439966753,Engaged-Premium,rio de janeiro
-21.12924254287614,-44.2361687581222,Engaged-Premium,sao joao del rei
-22.72368299866876,-43.32198377438596,Engaged-Premium,duque de caxias
-18.473372132149052,-43.06021304118754,Engaged-Premium,materlandia
-26.254870345495984,-48.84307345207171,Engaged-Premium,joinville
-25.48489734748114,-49.20189710294322,Engaged-Premium,curitiba
-27.15810352400601,-52.31421554392809,Engaged-Premium,seara
-19.844965681790654,-43.94046065557728,Engaged-Premium,belo horizonte
-3.7658664464573697,-38.54755265667379,Engaged-Premium,fortaleza
-28.59684655896043,-49.427680045326866,Engaged-Premium,sideropolis
-4.587164433873406,-42.86409771595046,Engaged-Premium,uniao
-16.653288463125406,-49.48837959290822,Engaged-Premium,trindade
-23.624914227725213,-46.6501955540418,Engaged-Premium,sao paulo
-23.656471699113137,-46.64723678831716,Engaged-Premium,sao paulo
-24.671685317533495,-52.57078107800011,Engaged-Premium,nova cantu
-23.660297088262432,-46.6795114173348,Engaged-Premium,sao paulo
-23.211061972115367,-46.76376569389638,Engaged-Premium,campo limpo paulista
-22.22068369024491,-51.3029702550986,Engaged-Premium,regente feijo
-23.60160586977476,-46.621329475315,Engaged-Premium,sao paulo
-23.485788041909515,-46.6009222605459,Engaged-Premium,sao paulo
-23.53020479226018,-46.46133008992108,Engaged-Premium,sao paulo
-19.9044708373536,-44.00363492418485,Engaged-Premium,belo horizonte
-22.98283043825374,-43.201593115182646,Engaged-Premium,rio de janeiro
-23.535839005222797,-46.76097421100975,Engaged-Premium,osasco
-32.04026630648149,-52.1155097159392,Engaged-Premium,rio grande
-20.4100278727316,-42.89642624318659,Engaged-Premium,ponte nova
-23.99567058451152,-46.27862346779968,Engaged-Premium,guaruja
-22.532779999999946,-44.20283853649948,Engaged-Premium,barra mansa
-29.166609911666264,-51.1797340200537,Engaged-Premium,caxias do sul
-18.296839308174945,-44.22161728886746,Engaged-Premium,santo hipolito
-20.25624491956578,-42.03398861864435,Engaged-Premium,manhuacu
-26.790714198403236,-48.63372228909931,Engaged-Premium,penha
-22.82449047432054,-43.307557664305506,Engaged-Premium,rio de janeiro
-23.968041517066787,-46.305236791707486,Engaged-Premium,santos
-18.718674986379657,-39.89750449399215,Engaged-Premium,sao mateus
-22.970894018595992,-43.38784233625709,Engaged-Premium,rio de janeiro
-23.500308274900522,-46.77668131034647,Engaged-Premium,osasco
-23.50848482185577,-46.29060608346027,Engaged-Premium,suzano
-20.95097010710524,-48.486737166928464,Engaged-Premium,bebedouro
-16.727884499075156,-49.340309093909326,Engaged-Premium,goiania
-23.63204026824975,-46.70299880398464,Engaged-Premium,sao paulo
-18.445584486657808,-50.4494571812599,Engaged-Premium,quirinopolis
-23.74556817384167,-46.39608699347911,Engaged-Premium,rio grande da serra
-21.200316920206006,-47.845607687199674,Engaged-Premium,ribeirao preto
-23.61356240492823,-46.68412540423574,Engaged-Premium,sao paulo
-22.900391576043084,-43.201487564184305,Engaged-Premium,rio de janeiro
-22.899128942418635,-45.307934503711735,Engaged-Premium,roseira
-20.14068469699654,-44.88753081910666,Engaged-Premium,divinopolis
-22.753004027390983,-43.47984426894279,Engaged-Premium,nova iguacu
-23.45656494754457,-46.70076466916728,Engaged-Premium,sao paulo
-23.682407943620767,-46.623604356277355,Engaged-Premium,diadema
-22.9411124891896,-47.04316126672053,Engaged-Premium,campinas
-23.561779395363267,-46.47581652435226,Engaged-Premium,sao paulo
-23.39395199999999,-51.934415656470456,Engaged-Premium,maringa
-23.22754226513965,-46.84432210192777,Engaged-Premium,varzea paulista
-23.572040960635395,-48.024600080020015,Engaged-Premium,itapetininga
-23.51065741993188,-46.52516254443722,Engaged-Premium,sao paulo
-19.99634877966948,-44.07227260623799,Engaged-Premium,ibirite
-23.502526126646,-46.30510116845953,Engaged-Premium,suzano
-22.436334389293748,-42.97982697767149,Engaged-Premium,teresopolis
-24.03377804676809,-52.37626746763636,Engaged-Premium,campo mourao
-23.540284035100953,-46.287059288685036,Engaged-Premium,suzano
-20.350012208028105,-40.31346088666388,Engaged-Premium,vila velha
-22.765987535694773,-43.404434940864256,Engaged-Premium,belford roxo
-16.071045838825576,-57.682119442927345,Engaged-Premium,caceres
-20.660955301151265,-43.78585877930211,Engaged-Premium,conselheiro lafaiete
-14.221024617359033,-42.78006679256768,Engaged-Premium,guanambi
-19.923338955306185,-43.9480192209302,Engaged-Premium,belo horizonte
-19.936845199001663,-44.13350510407413,Engaged-Premium,betim
-22.962608088810693,-43.17066214169881,Engaged-Premium,rio de janeiro
-3.6076570614016217,-38.96771999999993,Engaged-Premium,sao goncalo do amarante
-22.982145063413963,-47.10193953710478,Engaged-Premium,campinas
-23.665300072162267,-46.73636514418031,Engaged-Premium,sao paulo
-23.58132139716661,-46.63572645253624,Engaged-Premium,sao paulo
-20.31470069608748,-40.295681193173294,Engaged-Premium,vitoria
-18.85493044328778,-41.94674978137405,Engaged-Premium,governador valadares
-15.815976328611026,-47.907328086588976,Engaged-Premium,brasilia
-12.592611511628705,-52.20322987543341,Engaged-Premium,querencia
-21.20075771527842,-42.865671908690786,Engaged-Premium,rodeiro
-12.974553365550312,-38.48086308090484,Engaged-Premium,salvador
-3.055875383071779,-59.94469350825209,Engaged-Premium,manaus
-23.001664514859417,-43.40383953802869,Engaged-Premium,rio de janeiro
-3.498943335147733,-39.5805599213898,Engaged-Premium,itapipoca
-23.5254432897456,-46.73008485760868,Engaged-Premium,sao paulo
-23.545889457812805,-46.70116158090485,Engaged-Premium,sao paulo
-20.14068469699654,-44.88753081910666,Engaged-Premium,divinopolis
-23.05940028066881,-51.03787531551679,Engaged-Premium,sertanopolis
-23.500491754016583,-46.85065418539156,Engaged-Premium,barueri
-23.668750634745244,-46.52712259784171,Engaged-Premium,santo andre
-21.5120846693651,-51.435475634257486,Engaged-Premium,junqueiropolis
-15.542865379338293,-56.095553786144755,Engaged-Premium,cuiaba
-23.54580201165676,-47.12089399260981,Engaged-Premium,sao roque
-28.02917732203228,-54.35087038660696,Engaged-Premium,girua
-29.810276619342403,-51.17247726935923,Engaged-Premium,sapucaia do sul
-12.967481745660082,-39.26049923033821,Engaged-Premium,santo antonio de jesus
-23.439417904524205,-47.46771412254022,Engaged-Premium,sorocaba
-21.733148061562392,-46.97132495918101,Engaged-Premium,itobi
-22.578954580068125,-44.17540328378732,Engaged-Premium,barra mansa
-23.58040075604472,-46.69090843865776,Engaged-Premium,sao paulo
-23.19603850555425,-45.88050012499568,Engaged-Premium,sao jose dos campos
-23.07305263436313,-47.226078310828754,Engaged-Premium,indaiatuba
-9.394019999999992,-40.50198423368349,Engaged-Premium,petrolina
-23.827682441023704,-46.73660158575228,Engaged-Premium,sao paulo
-12.926373114029886,-38.439559902544985,Engaged-Premium,salvador
-22.38241876280867,-42.91870375959357,Engaged-Premium,teresopolis
-26.458559473096877,-48.61618058743272,Engaged-Premium,balneario barra do sul
-4.572645932708786,-44.59909288112787,Engaged-Premium,pedreiras
-26.92140713849616,-49.12142628893192,Engaged-Premium,blumenau
-16.727195999999946,-49.37027299999996,Engaged-Premium,goiania
-20.342467507877814,-40.28566821952616,Engaged-Premium,vila velha
-23.66666607132555,-46.549536747980305,Engaged-Premium,santo andre
-25.462475234808668,-49.239787214337206,Engaged-Premium,curitiba
-30.05236440550516,-51.22074879225576,Engaged-Premium,porto alegre
-23.56791309234716,-49.91537779846892,Engaged-Premium,quatigua
-28.23876137953961,-48.672978306947584,Engaged-Premium,imbituba
-20.306438555499525,-40.31816446668883,Engaged-Premium,vitoria
-15.95509666919713,-44.86196299976521,Engaged-Premium,sao francisco
-23.549487057158625,-47.46168978827011,Engaged-Premium,votorantim
-22.98598325783374,-43.19186641534424,Engaged-Premium,rio de janeiro
-22.837451405505156,-43.32323284096027,Engaged-Premium,rio de janeiro
-23.650480194010004,-46.74425240230249,Engaged-Premium,sao paulo
-3.802133955243812,-38.56550167352259,Engaged-Premium,fortaleza
-22.51438979788235,-42.96919092844273,Engaged-Premium,guapimirim
-3.7491953674069434,-38.46647070289019,Engaged-Premium,fortaleza
-18.83730838471889,-41.94885079387514,Engaged-Premium,governador valadares
-22.284485664723874,-48.5368133680247,Engaged-Premium,jau
-27.58707710897916,-52.092674109787296,Engaged-Premium,gaurama
-23.476569136947983,-46.35421999999997,Engaged-Premium,itaquaquecetuba
-23.584783930069037,-48.06996679185816,Engaged-Premium,itapetininga
-22.821254716680524,-43.39764971099999,Engaged-Premium,rio de janeiro
-23.186380013590007,-46.88651921120668,Engaged-Premium,jundiai
-8.679757132903017,-35.58958677543614,Engaged-Premium,palmares
-23.65413473910784,-46.74871358125108,Engaged-Premium,sao paulo
-19.78940073534656,-42.140715891552524,Engaged-Premium,caratinga
-23.193263808211693,-47.27517269663572,Engaged-Premium,salto
-22.323508204442717,-43.41185923546117,Engaged-Premium,avelar
-23.17274037016998,-45.815156271856424,Engaged-Premium,sao jose dos campos
-18.92512677455527,-46.96186679219869,Engaged-Premium,patrocinio
-3.707064450458757,-38.567667375526895,Engaged-Premium,fortaleza
-23.619501000000003,-46.67681249999998,Engaged-Premium,sao paulo
-23.710734612960934,-46.54928061402915,Engaged-Premium,sao bernardo do campo
-20.92537238943141,-42.83361997245812,Engaged-Premium,sao geraldo do baguari
-22.832437500000005,-47.27123774999998,Engaged-Premium,sumare
-21.46101241884088,-45.22084709615866,Engaged-Premium,carmo da cachoeira
-22.50737241410349,-44.07106459083024,Engaged-Premium,volta redonda
-23.495786339719523,-46.446582525535234,Engaged-Premium,sao paulo
-20.3050539755613,-40.29935447827862,Engaged-Premium,vitoria
-23.498986714471563,-46.611813325375664,Engaged-Premium,sao paulo
-2.511479553981618,-44.30161065015293,Engaged-Premium,sao luis
-23.039112535080964,-45.58112222425052,Engaged-Premium,taubate
-21.46486731906884,-47.01824606966368,Engaged-Premium,mococa
-30.018413465635483,-51.202718717179295,Engaged-Premium,porto alegre
-21.788259192047157,-46.565584849600626,Engaged-Premium,pocos de caldas
-23.476446556203285,-46.582155127535685,Engaged-Premium,sao paulo
-20.47397292035024,-54.609696916873446,Engaged-Premium,campo grande
-23.56104831556928,-46.59509146335628,Engaged-Premium,sao paulo
-20.25624491956578,-42.03398861864435,Engaged-Premium,manhuacu
-20.32255173056015,-48.316795858627,Engaged-Premium,guaira
-23.005376376350846,-45.53011503621718,Engaged-Premium,taubate
-21.369527999999992,-45.51333121888784,Engaged-Premium,tres pontas
-21.993002150682578,-46.78261711713308,Engaged-Premium,sao joao da boa vista
-19.765570948161123,-43.02992329183104,Engaged-Premium,nova era
-22.936854813491813,-43.35996102505908,Engaged-Premium,rio de janeiro
-22.392665048156225,-47.57602909090359,Engaged-Premium,rio claro
-7.949031548156252,-34.899641245628715,Engaged-Premium,paulista
-16.285004525009693,-39.026519071777095,Engaged-Premium,santa cruz cabralia
-9.652998458220388,-35.758256569103835,Engaged-Premium,maceio
-22.870737650180892,-43.2387129402582,Engaged-Premium,rio de janeiro
-22.526205551600853,-43.73639999999998,Engaged-Premium,mendes
-21.19017772938432,-47.76987064730896,Engaged-Premium,ribeirao preto
-16.63371734875744,-49.23389085788055,Engaged-Premium,goiania
-28.68951102469276,-49.34861512698399,Engaged-Premium,criciuma
-26.250362486521276,-51.08184044585502,Engaged-Premium,porto uniao
-9.388579693317508,-40.48809048162074,Engaged-Premium,petrolina
-23.493443455576134,-46.89561914855275,Engaged-Premium,barueri
-21.272968746741515,-43.02703840391332,Engaged-Premium,pirauba
-20.362500739042815,-40.66026223472393,Engaged-Premium,domingos martins
-1.3614658126784869,-48.424674763825664,Engaged-Premium,ananindeua
-20.36767932885187,-40.31638272232804,Engaged-Premium,vila velha
-19.811156958250365,-43.98987161296759,Engaged-Premium,belo horizonte
-30.00191787642484,-51.1204693990003,Engaged-Premium,porto alegre
-23.77125482041671,-45.691734133544244,Engaged-Premium,sao sebastiao
-15.83224802491746,-48.01033388194513,Engaged-Premium,brasilia
-23.61088063474525,-46.68308474049283,Engaged-Premium,sao paulo
-15.338707238937864,-58.87343813716766,Engaged-Premium,jauru
-5.661851992797749,-37.79771138526837,Engaged-Premium,apodi
-23.533474292941296,-46.82942465880205,Engaged-Premium,carapicuiba
-21.772849107475963,-43.3141013997144,Engaged-Premium,juiz de fora
-23.3316367575991,-46.72467409722358,Engaged-Premium,franco da rocha
-23.54138387625104,-46.6140494458142,Engaged-Premium,sao paulo
-23.662566512592036,-46.52741092389908,Engaged-Premium,santo andre
-23.00318716432015,-45.55886552732611,Engaged-Premium,taubate
-23.69317443949449,-46.65034362325459,Engaged-Premium,sao paulo
-25.451604067454056,-49.103312513613446,Engaged-Premium,piraquara
-22.904496094639068,-43.175896816261776,Engaged-Premium,rio de janeiro
-3.7510841315569223,-38.4726143425616,Engaged-Premium,fortaleza
-23.76597955110936,-46.68494030682672,Engaged-Premium,sao paulo
-23.530925282474204,-47.15213217668265,Engaged-Premium,sao roque
-23.47004139439665,-46.53770237066476,Engaged-Premium,guarulhos
-23.496673832738004,-46.88135694345758,Engaged-Premium,barueri
-1.4364370877284982,-48.45454573829979,Engaged-Premium,belem
-23.010010522621027,-43.31960105704306,Engaged-Premium,rio de janeiro
-23.68568220693617,-46.643269882612,Engaged-Premium,sao paulo
-23.64702435137628,-46.6663345453863,Engaged-Premium,sao paulo
-20.133631952864427,-44.90227328320033,Engaged-Premium,divinopolis
-20.781470240806357,-47.09841255003029,Engaged-Premium,sao tomas de aquino
-23.98358439359683,-48.87638992757365,Engaged-Premium,itapeva
-19.813069492842576,-43.1739175118738,Engaged-Premium,joao monlevade
-29.610454424217316,-52.19314997463072,Engaged-Premium,venancio aires
-21.53928413381573,-42.18554742179934,Engaged-Premium,santo antonio de padua
-23.640984649183626,-46.67073925516401,Engaged-Premium,sao paulo
-22.60137566819486,-48.80749003720592,Engaged-Premium,lencois paulista
-26.47122175783341,-49.09410988715464,Engaged-Premium,jaragua do sul
-23.55366239523337,-46.4506999200761,Engaged-Premium,sao paulo
-23.67764482466333,-46.41871572704704,Engaged-Premium,maua
-26.993432999999943,-48.634162435885465,Engaged-Premium,balneario camboriu
-23.625338366330123,-46.741416773385644,Engaged-Premium,sao paulo
-23.11980850582838,-47.23840103788447,Engaged-Premium,indaiatuba
-8.901583786013484,-37.82522005722211,Engaged-Premium,inaja
-23.575126793366607,-46.51652120566676,Engaged-Premium,sao paulo
-16.726438713451063,-43.87534930197928,Engaged-Premium,montes claros
-22.93534069637593,-43.186718398333056,Engaged-Premium,rio de janeiro
-23.563294082982303,-46.64348420621503,Engaged-Premium,sao paulo
-23.65953348182236,-46.7520369410237,Engaged-Premium,sao paulo
-29.16964620057408,-51.1897070113326,Engaged-Premium,caxias do sul
-8.115392897166615,-34.8970405649489,Engaged-Premium,recife
-28.67706971710671,-49.369573538255956,Engaged-Premium,criciuma
-19.832533074852947,-40.26701485559114,Engaged-Premium,aracruz
-23.478780458975653,-46.42653574909117,Engaged-Premium,sao paulo
-22.948779117499278,-46.97797265047076,Engaged-Premium,valinhos
-22.918818206215025,-47.06784794206877,Engaged-Premium,campinas
-16.011932039429077,-48.00516040493923,Engaged-Premium,brasilia
-20.28839600731144,-45.54066538803468,Engaged-Premium,arcos
-20.25624491956578,-42.03398861864435,Engaged-Premium,manhuacu
-19.46970149792253,-42.562507159587966,Engaged-Premium,ipatinga
-23.575325636966944,-46.64764110061168,Engaged-Premium,sao paulo
-19.915545410078458,-43.916183156673796,Engaged-Premium,belo horizonte
-23.67180249347913,-46.76308808174155,Engaged-Premium,sao paulo
-19.90625324508045,-43.92317252137203,Engaged-Premium,belo horizonte
-23.637621216486806,-46.73668171051419,Engaged-Premium,sao paulo
-28.27227785171852,-52.39736190964097,Engaged-Premium,passo fundo
-23.418149799045963,-46.752401755756274,Engaged-Premium,sao paulo
-18.707823797662652,-40.39895990968596,Engaged-Premium,nova venecia
-23.014294742166268,-43.46413167283893,Engaged-Premium,rio de janeiro
-26.249680179859993,-49.379972233877815,Engaged-Premium,sao bento do sul
-23.656342642475988,-52.60977281399602,Engaged-Premium,cianorte
-23.718929721989312,-46.52464263358638,Engaged-Premium,sao bernardo do campo
-23.475908881210685,-46.738400879328445,Engaged-Premium,sao paulo
-2.5146302133727936,-44.22290464354195,Engaged-Premium,sao luis
-23.65808223980033,-46.75437850992553,Engaged-Premium,sao paulo
-23.565780209547576,-46.69226871641401,Engaged-Premium,sao paulo
-23.052705625933136,-47.83614945236365,Engaged-Premium,laranjal paulista
-20.32255173056015,-48.316795858627,Engaged-Premium,guaira
-23.560313217871787,-46.50914934518004,Engaged-Premium,sao paulo
-11.304735278402209,-41.854195577796325,Engaged-Premium,irece
-22.36874322508515,-47.3896606528081,Engaged-Premium,araras
-22.96504972157105,-46.81239805786069,Engaged-Premium,itatiba
-21.76280635059824,-43.36788430162771,Engaged-Premium,juiz de fora
-22.952966315183264,-47.000752404611255,Engaged-Premium,valinhos
-22.91769260113128,-43.38826034580772,Engaged-Premium,rio de janeiro
-27.58417792033591,-48.50033003956396,Engaged-Premium,florianopolis
-5.895238352169923,-35.76264725405866,Engaged-Premium,sao paulo do potengi
-23.255853873160603,-47.29726776534188,Engaged-Premium,itu
-23.742789663887148,-46.6949266239252,Engaged-Premium,sao paulo
-19.954446958060508,-44.02612231409741,Engaged-Premium,contagem
-26.643531460353408,-48.68879944077063,Engaged-Premium,barra velha
-23.62323038246003,-46.80104434592664,Engaged-Premium,taboao da serra
-20.891319123261383,-47.58503294922996,Engaged-Premium,batatais
-15.648269302987714,-47.776852018987086,Engaged-Premium,brasilia
-22.568052956246024,-44.96024962543497,Engaged-Premium,cruzeiro
-23.02450176951644,-46.84456636887421,Engaged-Premium,itatiba
-28.507698984223516,-55.22620569546957,Engaged-Premium,santo antonio das missoes
-22.81038383646378,-43.01671276275592,Engaged-Premium,sao goncalo
-22.321930499999997,-49.060525783368945,Engaged-Premium,bauru
-23.54167409186911,-46.56460001249348,Engaged-Premium,sao paulo
-21.74685208947426,-43.34607125728547,Engaged-Premium,juiz de fora
-23.939632951294477,-46.18282139548727,Engaged-Premium,guaruja
-23.58164298695825,-46.680665733351574,Engaged-Premium,sao paulo
-22.886614268105514,-43.26793577240467,Engaged-Premium,rio de janeiro
-23.629844745210356,-46.748319689493975,Engaged-Premium,sao paulo
-28.783017300613224,-51.60930864778699,Engaged-Premium,nova prata
-22.682025912285837,-47.66085383971952,Engaged-Premium,piracicaba
-3.2061261675320685,-52.21246809885808,Engaged-Premium,altamira
-20.50506397453669,-43.85753462626693,Engaged-Premium,congonhas
-22.970894018595992,-43.38784233625709,Engaged-Premium,rio de janeiro
-19.765533369246683,-43.86622049999998,Engaged-Premium,santa luzia
-25.488089427175264,-49.21799046960302,Engaged-Premium,curitiba
-23.53647224656702,-46.68943730505156,Engaged-Premium,sao paulo
-23.44257407576895,-46.50655197737896,Engaged-Premium,guarulhos
-23.4622595903399,-46.594256181372295,Engaged-Premium,sao paulo
-22.9854925434244,-43.203275507631716,Engaged-Premium,rio de janeiro
-12.15073643933758,-38.4178163659543,Engaged-Premium,alagoinhas
-22.5864143119626,-44.96835018938253,Engaged-Premium,cruzeiro
-22.916833051618703,-43.21798092630852,Engaged-Premium,rio de janeiro
-13.37048320812459,-39.07149533785422,Engaged-Premium,valenca
-3.7983372957287624,-38.49372270302672,Engaged-Premium,fortaleza
-23.466012401610016,-46.42469723397196,Engaged-Premium,guarulhos
-1.3667488537613912,-48.33865765202612,Engaged-Premium,marituba
-22.941046165690945,-43.17617823078362,Engaged-Premium,rio de janeiro
-21.876176339641987,-51.84472775967921,Engaged-Premium,presidente venceslau
-9.584241381309608,-35.738158281003024,Engaged-Premium,maceio
-23.606598525535226,-46.63963348459232,Engaged-Premium,sao paulo
-23.58367883097696,-46.67325321495759,Engaged-Premium,sao paulo
-22.73427587011464,-47.17599378518663,Engaged-Premium,paulinia
-27.967982288743094,-48.680847136996434,Engaged-Premium,paulo lopes
-25.47849732001269,-49.24612488156978,Engaged-Premium,curitiba
-23.3256072519117,-46.70394100727555,Engaged-Premium,franco da rocha
-20.429438649938668,-51.34101045695876,Engaged-Premium,ilha solteira
-9.391460278079158,-38.22748605293083,Engaged-Premium,paulo afonso
-23.609187050439854,-46.933769687344906,Engaged-Premium,cotia
-23.520376298699418,-47.464498618057085,Engaged-Premium,sorocaba
-23.68238004482371,-46.70868636150384,Engaged-Premium,sao paulo
-23.70171457660069,-46.51267210796927,Engaged-Premium,santo andre
-23.827682441023704,-46.73660158575228,Engaged-Premium,sao paulo
-23.56029521787179,-46.40419355300369,Engaged-Premium,sao paulo
-21.40575900554004,-48.5036568684573,Engaged-Premium,taquaritinga
-18.907541802994345,-40.07619848042624,Engaged-Premium,jaguare
-22.602628063985435,-43.184738540959316,Engaged-Premium,mage
-20.07436728082517,-43.4078829337628,Engaged-Premium,catas altas
-10.240555537240292,-54.99564958034666,Engaged-Premium,peixoto de azevedo
-1.4381175072133559,-48.46256080593268,Engaged-Premium,belem
-27.10877948932419,-48.92761668916258,Engaged-Premium,brusque
-19.454748663887155,-42.546900242714514,Engaged-Premium,ipatinga
-19.858114249230724,-44.609683856452435,Engaged-Premium,para de minas
-22.72850761170585,-47.640815255900485,Engaged-Premium,piracicaba
-22.90507423727126,-43.1771726677823,Engaged-Premium,rio de janeiro
-23.61302411015997,-46.60288185858964,Engaged-Premium,sao paulo
-23.58742815916963,-46.7193565494788,Engaged-Premium,sao paulo
-23.285339138631286,-47.67122744308,Engaged-Premium,boituva
-22.51091159968586,-47.77609147989785,Engaged-Premium,charqueada
-29.91836557306762,-51.10041765990425,Engaged-Premium,cachoeirinha
-22.96535718452808,-43.17810675360669,Engaged-Premium,rio de janeiro
-22.96614846156727,-43.18768645879732,Engaged-Premium,rio de janeiro
-23.597413291707497,-46.68459527852152,Engaged-Premium,sao paulo
-23.484015492642406,-46.69528157314321,Engaged-Premium,sao paulo
-31.28862472860686,-51.09243615032318,Engaged-Premium,tavares
-18.85493044328778,-41.94674978137405,Engaged-Premium,governador valadares
-22.938116465015383,-43.34624991498367,Engaged-Premium,rio de janeiro
-30.03336443104038,-51.23063954079865,Engaged-Premium,porto alegre
-22.927911349702853,-43.23215035152053,Engaged-Premium,rio de janeiro
-23.58304946999791,-46.606512174851424,Engaged-Premium,sao paulo
-23.57878124923539,-46.87427964550514,Engaged-Premium,cotia
-28.52500620249828,-52.99414109630609,Engaged-Premium,colorado
-20.25624491956578,-42.03398861864435,Engaged-Premium,manhuacu
-22.890969378724932,-43.475111999999996,Engaged-Premium,rio de janeiro
-23.553533700634485,-46.922035348569935,Engaged-Premium,itapevi
-14.861103673610671,-40.82210200831878,Engaged-Premium,vitoria da conquista
-23.711461528031048,-46.38903041271894,Engaged-Premium,ribeirao pires
-19.9583550740955,-43.98066211088345,Engaged-Premium,belo horizonte
-19.93983932527809,-44.03753768348246,Engaged-Premium,contagem
-23.453135036355256,-46.52996767262972,Engaged-Premium,guarulhos
-14.861035578140392,-49.33054400889083,Engaged-Premium,sao luiz do norte
-23.44083092561603,-46.72777564946042,Engaged-Premium,sao paulo
-20.283164999999997,-43.03895552455677,Engaged-Premium,barra longa
-22.399846987961016,-41.80171345133693,Engaged-Premium,macae
-17.223373086135236,-46.87518788782276,Engaged-Premium,paracatu
-20.806964999999995,-40.64907848708397,Engaged-Premium,anchieta
-18.707823797662652,-40.39895990968596,Engaged-Premium,nova venecia
-20.386870311646724,-43.506711008289,Engaged-Premium,ouro preto
-5.501742267827456,-41.32437492176845,Engaged-Premium,sao miguel do tapuio
-29.73732837410172,-51.14584633540312,Engaged-Premium,sao leopoldo
-23.665300072162267,-46.73636514418031,Engaged-Premium,sao paulo
-23.700391716675306,-46.642831758122206,Engaged-Premium,sao paulo
-22.997187,-47.5061538506838,Engaged-Premium,capivari
-27.60033750241225,-48.50631021864472,Engaged-Premium,florianopolis
-23.64702435137628,-46.6663345453863,Engaged-Premium,sao paulo
-20.147679943375422,-40.2636063973323,Engaged-Premium,serra
-22.244021759247783,-43.704838079140345,Engaged-Premium,valenca
-22.913903976123883,-43.59099140240968,Engaged-Premium,rio de janeiro
-12.926295951932186,-46.94294836306181,Engaged-Premium,arraias
-27.64268847071386,-52.23586461226844,Engaged-Premium,erechim
-20.4597484565756,-54.62409976103638,Engaged-Premium,campo grande
-22.52212397398497,-43.18337185591896,Engaged-Premium,petropolis
-22.39021116847478,-47.54999151399537,Engaged-Premium,rio claro
-23.689033178169645,-46.61606707408479,Engaged-Premium,diadema
-12.886798499999998,-38.41434899999999,Engaged-Premium,salvador
-23.28646919136703,-51.20382054662704,Engaged-Premium,londrina
-23.559352218708508,-46.70449000429918,Engaged-Premium,sao paulo
-18.95410195475793,-48.23886571461135,Engaged-Premium,uberlandia
-22.911216214196553,-42.82410284818608,Engaged-Premium,marica
-23.456603404250075,-46.67761251783138,Engaged-Premium,sao paulo
-23.53423596276133,-46.68364901664843,Engaged-Premium,sao paulo
-23.569131583674803,-46.65370444517863,Engaged-Premium,sao paulo
-23.542230926930625,-46.81346159318365,Engaged-Premium,osasco
-23.60304865390383,-46.56661077352985,Engaged-Premium,sao paulo
-23.528280481982698,-46.49966540783343,Engaged-Premium,sao paulo
-19.977292608128177,-44.01939357517345,Engaged-Premium,belo horizonte
-15.415009965168265,-39.49688211185045,Engaged-Premium,camacan
-19.816612601794315,-40.27770390400437,Engaged-Premium,aracruz
-14.62311393670911,-57.49069053333387,Engaged-Premium,tangara da serra
-22.768365198591823,-41.9039568032206,Engaged-Premium,armacao dos buzios
-2.99535984783577,-47.36020190658361,Engaged-Premium,paragominas
-20.458367340267788,-54.597323291299546,Engaged-Premium,campo grande
-3.730406532056095,-38.55260593658031,Engaged-Premium,fortaleza
-23.55354482320256,-46.69092526464305,Engaged-Premium,sao paulo
-20.772871566216622,-41.67491020458371,Engaged-Premium,guacui
-6.399875678342177,-38.85755749968649,Engaged-Premium,ico
-17.884664706480535,-51.71734102088634,Engaged-Premium,jatai
-27.52489710482488,-52.89789151243352,Engaged-Premium,trindade do sul
-19.74570399283904,-43.94251767343394,Engaged-Premium,vespasiano
-28.278704294337444,-52.38542852110365,Engaged-Premium,passo fundo
-23.57694250916093,-46.62156165681802,Engaged-Premium,sao paulo
-20.93996983939765,-48.50011403822046,Engaged-Premium,bebedouro
-23.47456247661731,-47.46832082653356,Engaged-Premium,sorocaba
-23.96402867998731,-46.33334224132954,Engaged-Premium,santos
-22.884436477927228,-43.38141380682672,Engaged-Premium,rio de janeiro
-22.871180347682056,-43.78853067684467,Engaged-Premium,itaguai
-23.60285350375091,-46.63348067485144,Engaged-Premium,sao paulo
-20.844632169427403,-41.14693254032333,Engaged-Premium,cachoeiro de itapemirim
-23.5397205,-46.43633556480467,Engaged-Premium,sao paulo
-23.67180249347913,-46.76308808174155,Engaged-Premium,sao paulo
-21.266380499634696,-48.32990604444036,Engaged-Premium,jaboticabal
-21.775766811005987,-47.08254087140419,Engaged-Premium,casa branca
-23.43873873984219,-46.413766359354256,Engaged-Premium,guarulhos
-22.913903976123883,-43.59099140240968,Engaged-Premium,rio de janeiro
-3.7415495418858478,-38.559503350358554,Engaged-Premium,fortaleza
-22.468748867332224,-44.45044052830518,Engaged-Premium,resende
-23.932149549927907,-47.06910713384551,Engaged-Premium,juquitiba
-23.523749356976268,-46.84042771221009,Engaged-Premium,carapicuiba
-22.896552719949256,-43.27121502703577,Engaged-Premium,rio de janeiro
-22.98160513919944,-46.54656873017163,Engaged-Premium,braganca paulista
-23.738481942552912,-46.689273183045735,Engaged-Premium,sao paulo
-15.845798834786912,-47.97383682690134,Engaged-Premium,brasilia
-23.27325172431503,-46.75316591790107,Engaged-Premium,francisco morato
-7.977686178055117,-34.84304561627914,Engaged-Premium,olinda
-23.30395324646543,-45.96258897068984,Engaged-Premium,jacarei
-22.682025912285837,-47.66085383971952,Engaged-Premium,piracicaba
-23.72839650000001,-46.532958750000006,Engaged-Premium,sao bernardo do campo
-22.826485581193296,-43.32343287561391,Engaged-Premium,rio de janeiro
-18.72990246179288,-47.49757252964008,Engaged-Premium,monte carmelo
-7.5156487656596696,-37.639576595570205,Engaged-Premium,agua branca
-16.480592758859288,-54.64511477185643,Engaged-Premium,rondonopolis
-19.946934214683473,-43.95237299999999,Engaged-Premium,belo horizonte
-23.63685507902641,-46.7940715599899,Engaged-Premium,taboao da serra
-21.85773487539476,-47.479547009279315,Engaged-Premium,porto ferreira
-22.753004027390983,-43.47984426894279,Engaged-Premium,nova iguacu
-22.919311423827025,-43.20755436358131,Engaged-Premium,rio de janeiro
-23.45296347016561,-47.488621955594645,Engaged-Premium,sorocaba
-23.601389165964623,-46.70161204328015,Engaged-Premium,sao paulo
-22.727841129804382,-43.58871753865381,Engaged-Premium,queimados
-23.606227919792616,-46.644428404524206,Engaged-Premium,sao paulo
-23.528691,-46.76564239159804,Engaged-Premium,osasco
-23.505951081949277,-46.369277342349946,Engaged-Premium,sao paulo
-23.737210679987314,-46.70495216548848,Engaged-Premium,sao paulo
-21.762829433744784,-41.3106050334548,Engaged-Premium,campos dos goytacazes
-30.08939850488812,-51.73124509630112,Engaged-Premium,arroio dos ratos
-22.918606538302836,-43.256743384472216,Engaged-Premium,rio de janeiro
-23.55354379294825,-46.50284857403772,Engaged-Premium,sao paulo
-22.90892765758392,-43.202272231695225,Engaged-Premium,rio de janeiro
-1.4630158658030092,-48.48808887193567,Engaged-Premium,belem
-3.717659919285647,-38.57273699842703,Engaged-Premium,fortaleza
-23.96327031444611,-46.25277195075146,Engaged-Premium,guaruja
-22.971588385030664,-43.33006828639565,Engaged-Premium,rio de janeiro
-19.774191781851503,-44.31002299999997,Engaged-Premium,esmeraldas
-22.93941799056493,-47.0590556692833,Engaged-Premium,campinas
-13.228184823758374,-39.50584649713243,Engaged-Premium,mutuipe
-23.632770887039054,-46.554292980019014,Engaged-Premium,sao caetano do sul
-12.479179309920433,-49.12182771726464,Engaged-Premium,alvorada
-22.49803741238294,-44.074403530743226,Engaged-Premium,volta redonda
-22.95761130751921,-43.19332821233187,Engaged-Premium,rio de janeiro
-8.83893545814722,-69.26237687665842,Engaged-Premium,manoel urbano
-14.373029449943138,-40.50721796963149,Engaged-Premium,bom jesus da serra
-1.359557305472045,-48.402949220752916,Engaged-Premium,ananindeua
-23.670473877878134,-46.49108185675612,Engaged-Premium,santo andre
-23.37335109444112,-46.44919846185846,Engaged-Premium,guarulhos
-22.16352848399153,-43.29243581235953,Engaged-Premium,paraiba do sul
-32.56205739043337,-53.37992756980514,Engaged-Premium,jaguarao
-23.98451511073924,-46.24179851582582,Engaged-Premium,guaruja
-19.80187839385134,-43.93697550929083,Engaged-Premium,belo horizonte
-20.44159268613129,-44.76588783921957,Engaged-Premium,claudio
-20.31470069608748,-40.295681193173294,Engaged-Premium,vitoria
-23.54537820483004,-46.34555934901037,Engaged-Premium,poa
-20.718752279487987,-46.317933439336784,Engaged-Premium,sao jose da barra
-23.496967777357565,-46.851043650111336,Engaged-Premium,barueri
-22.826413437605595,-43.053180037616045,Engaged-Premium,sao goncalo
-23.193021300305844,-45.78954174326277,Engaged-Premium,sao jose dos campos
-10.90850407881222,-37.03123215927341,Engaged-Premium,barra dos coqueiros
-26.365684064704325,-50.327054276602226,Engaged-Premium,major vieira
-25.54254967110052,-49.33800035581969,Engaged-Premium,curitiba
-25.86728583631325,-50.38536447183937,Engaged-Premium,sao mateus do sul
-21.010243162724723,-42.83848394836745,Engaged-Premium,visconde do rio branco
-29.915863208436726,-51.18773936782405,Engaged-Premium,canoas
-15.757357791359611,-47.890352320160886,Engaged-Premium,brasilia
-22.879118416924303,-43.57625920989382,Engaged-Premium,rio de janeiro
-18.617615461141405,-46.50673538404529,Engaged-Premium,patos de minas
-19.503928571469782,-42.54855180544174,Engaged-Premium,ipatinga
-22.839524010675806,-43.40384199473421,Engaged-Premium,rio de janeiro
-23.51992999904818,-46.17713395622714,Engaged-Premium,mogi das cruzes
-15.886606072292652,-48.1078318488668,Engaged-Premium,brasilia
-5.037728066846578,-42.4586842154355,Engaged-Premium,altos
-30.103638977523197,-51.25245549916327,Engaged-Premium,porto alegre
-21.79590968708376,-43.348087912444356,Engaged-Premium,juiz de fora
-23.512563,-46.40716603503311,Engaged-Premium,sao paulo
-23.42439868040567,-46.5276677164868,Engaged-Premium,guarulhos
-22.514550217761133,-44.090826760271774,Engaged-Premium,volta redonda
-22.914275055434835,-47.03957069095158,Engaged-Premium,campinas
-24.01649221565008,-46.48182003497027,Engaged-Premium,praia grande
-20.927842595619605,-48.49233569396832,Engaged-Premium,bebedouro
-29.17974452466778,-51.18954663434367,Engaged-Premium,caxias do sul
-22.854723183291437,-47.21420001345367,Engaged-Premium,hortolandia
-22.919311423827025,-43.20755436358131,Engaged-Premium,rio de janeiro
-22.96760967934045,-42.0274215,Engaged-Premium,arraial do cabo
-15.836767190430036,-48.039948820855564,Engaged-Premium,brasilia
-22.38628524490088,-41.77599104854219,Engaged-Premium,macae
-15.838541298222948,-48.05311331669846,Engaged-Premium,brasilia
-23.16618175051456,-47.74609611924849,Engaged-Premium,cerquilho
-8.516654449666955,-41.0079354520547,Engaged-Premium,afranio
-23.55467350531036,-46.63552025265517,Engaged-Premium,sao paulo
-21.24481728187358,-44.99836509644241,Engaged-Premium,lavras
-23.4927595434244,-46.69382278282069,Engaged-Premium,sao paulo
-21.209529683689254,-43.759819359080986,Engaged-Premium,barbacena
-15.848599106565448,-47.92118752578113,Engaged-Premium,brasilia
-14.2843769698301,-39.84498334475137,Engaged-Premium,itagiba
-23.646786637622345,-46.78283934179701,Engaged-Premium,sao paulo
-29.16889891571565,-51.51588958880006,Engaged-Premium,bento goncalves
-19.89853645781635,-43.92141149611918,Engaged-Premium,belo horizonte
-19.89003978212821,-43.99905876090082,Engaged-Premium,belo horizonte
-23.014294742166268,-43.46413167283893,Engaged-Premium,rio de janeiro
-22.974205243407017,-47.172892149316205,Engaged-Premium,campinas
-25.49056291666161,-49.30203540807671,Engaged-Premium,curitiba
-22.85193647517985,-43.39640120401403,Engaged-Premium,rio de janeiro
-23.609187050439854,-46.933769687344906,Engaged-Premium,cotia
-28.935608999502797,-49.483661896676416,Engaged-Premium,ararangua
-8.661555968819814,-36.32359638002987,Engaged-Premium,lajedo
-23.413212832143632,-51.97968642017854,Engaged-Premium,maringa
-17.843405678766587,-40.3464798270996,Engaged-Premium,nanuque
-12.940462707744244,-38.403771175832375,Engaged-Premium,salvador
-20.32255173056015,-48.316795858627,Engaged-Premium,guaira
-32.04026630648149,-52.1155097159392,Engaged-Premium,rio grande
-22.058911361250384,-45.04391916735559,Engaged-Premium,soledade de minas
-31.329219186139824,-54.12286676841712,Engaged-Premium,bage
-21.934433368223665,-47.362230749361885,Engaged-Premium,pirassununga
-21.983463191709557,-42.362375370999054,Engaged-Premium,cantagalo
-22.94626088444423,-43.162111365586654,Engaged-Premium,rio de janeiro
-21.770324704218737,-52.11229275,Engaged-Premium,presidente epitacio
-1.295414145624778,-47.91334844444345,Engaged-Premium,castanhal
-22.911147450458756,-43.57848300874258,Engaged-Premium,rio de janeiro
-26.898515737541032,-49.224875160934516,Engaged-Premium,indaial
-20.488504119037408,-55.80510005488739,Engaged-Premium,anastacio
-20.76129855545002,-42.88683672655546,Engaged-Premium,vicosa
-23.476243640313832,-46.655173304056746,Engaged-Premium,sao paulo
-21.54731332549133,-45.43728178407311,Engaged-Premium,varginha
-22.879118416924303,-43.57625920989382,Engaged-Premium,rio de janeiro
-23.186380013590007,-46.88651921120668,Engaged-Premium,jundiai
-22.15647675126113,-42.41863431872449,Engaged-Premium,bom jardim
-8.764164534545648,-63.83987492344997,Engaged-Premium,porto velho
-19.74088541741059,-45.2564896750905,Engaged-Premium,bom despacho
-23.52821852883758,-46.17006825497569,Engaged-Premium,mogi das cruzes
-23.586073721622707,-46.5879331522304,Engaged-Premium,sao paulo
-20.808642337297865,-49.347107383801536,Engaged-Premium,sao jose do rio preto
-7.994484907505029,-34.85928034885568,Engaged-Premium,olinda
-1.4280537705001086,-48.46444616013624,Engaged-Premium,belem
-22.902462523457743,-43.179633471550574,Engaged-Premium,rio de janeiro
-23.57106217262972,-46.705307469877134,Engaged-Premium,sao paulo
-20.25624491956578,-42.03398861864435,Engaged-Premium,manhuacu
-25.50225354445171,-49.29038727047145,Engaged-Premium,curitiba
-20.77038376027234,-49.38747113776605,Engaged-Premium,sao jose do rio preto
-29.717175968713285,-52.429568373086376,Engaged-Premium,santa cruz do sul
-17.695150769703254,-42.51738345410398,Engaged-Premium,capelinha
-12.92557863786548,-38.506838185169244,Engaged-Premium,salvador
-20.373626262192097,-43.41744554260202,Engaged-Premium,mariana
-23.52250374604707,-46.65541993450284,Engaged-Premium,sao paulo
-23.472852359700497,-46.64749129087078,Engaged-Premium,sao paulo
-15.873880500000006,-48.06682197837456,Engaged-Premium,brasilia
-23.10029029398992,-47.18166030113401,Engaged-Premium,indaiatuba
-23.70653144827205,-46.85857730169082,Engaged-Premium,itapecerica da serra
-23.01048058728148,-43.334463714813374,Engaged-Premium,rio de janeiro
-23.703486003606677,-46.620906155288814,Engaged-Premium,diadema
-23.67174256969234,-46.43021965194192,Engaged-Premium,maua
-22.901397089844394,-43.06597057698124,Engaged-Premium,niteroi
-4.98332681632608,-42.833549017563456,Engaged-Premium,teresina
-23.70653144827205,-46.85857730169082,Engaged-Premium,itapecerica da serra
-23.62709965999452,-46.70118026145688,Engaged-Premium,santo amaro de campos
-23.466661643213683,-46.67227644240869,Engaged-Premium,sao paulo
-23.67300238496159,-46.59275065903448,Engaged-Premium,sao bernardo do campo
-23.001664514859417,-43.40383953802869,Engaged-Premium,rio de janeiro
-11.438347500417402,-61.42997245588644,Engaged-Premium,cacoal
-8.111231863725534,-35.02081078074322,Engaged-Premium,jaboatao dos guararapes
-23.100387883175795,-47.206840322090166,Engaged-Premium,indaiatuba
-21.509230127255858,-48.15000856188345,Engaged-Premium,motuca
-23.70001329225576,-46.76578890452421,Engaged-Premium,sao paulo
-1.359557305472045,-48.402949220752916,Engaged-Premium,ananindeua
-19.833721114345916,-43.94528951871779,Engaged-Premium,belo horizonte
-29.648827519014347,-50.78205392042235,Engaged-Premium,taquara
-15.90587888630683,-48.06407970126033,Engaged-Premium,brasilia
-19.745050489179956,-47.95559395989382,Engaged-Premium,uberaba
-21.156125975877337,-47.824942408203,Engaged-Premium,ribeirao preto
-23.651999672624683,-46.57099474225144,Engaged-Premium,sao bernardo do campo
-23.322352248071105,-46.58973137816835,Engaged-Premium,mairipora
-14.52455591563714,-49.14292592039554,Engaged-Premium,uruacu
-23.970390465433734,-46.32234564570951,Engaged-Premium,santos
-18.08894763482455,-42.57043803204768,Engaged-Premium,sao sebastiao do maranhao
-23.531318298084148,-46.61087304149115,Engaged-Premium,sao paulo
-19.937512508468437,-44.17352748286109,Engaged-Premium,betim
-20.386870311646724,-43.506711008289,Engaged-Premium,ouro preto
-23.093508970858096,-45.7035398119626,Engaged-Premium,cacapava
-8.764164534545648,-63.83987492344997,Engaged-Premium,porto velho
-23.500308443327313,-46.89053070739817,Engaged-Premium,barueri
-19.726089192668454,-42.41334896360328,Engaged-Premium,pingo-d'agua
-29.58697668096932,-51.08815065070117,Engaged-Premium,dois irmaos
-23.58367883097696,-46.67325321495759,Engaged-Premium,sao paulo
-22.73427587011464,-47.17599378518663,Engaged-Premium,paulinia
-23.95688438718329,-46.32677018694087,Engaged-Premium,santos
-23.496697917017688,-46.72231478711988,Engaged-Premium,sao paulo
-23.510186622540225,-46.65868439938831,Engaged-Premium,sao paulo
-29.935614219777,-51.00247920514661,Engaged-Premium,gravatai
-19.923338955306185,-43.9480192209302,Engaged-Premium,belo horizonte
-20.021701112695677,-44.02732366146344,Engaged-Premium,belo horizonte
-23.112642860537214,-48.906769795934565,Engaged-Premium,avare
-29.092039335283836,-52.585410975726234,Engaged-Premium,barros cassal
-23.581009183738225,-46.76660642943905,Engaged-Premium,sao paulo
-29.75452832443038,-50.017691069847736,Engaged-Premium,capao da canoa
-23.485734100298085,-46.80756823477829,Engaged-Premium,barueri
-10.9706443440635,-37.05566249125744,Engaged-Premium,aracaju
-19.72896443652217,-50.19522319448616,Engaged-Premium,iturama
-22.977201808630056,-43.19026241854691,Engaged-Premium,rio de janeiro
-23.322352248071105,-46.58973137816835,Engaged-Premium,mairipora
-19.750950170779383,-47.967902651477225,Engaged-Premium,uberaba
-23.57173309519407,-46.74984525000001,Engaged-Premium,sao paulo
-23.422858050956947,-51.937545947028106,Engaged-Premium,maringa
-23.194530383237616,-46.896837001804485,Engaged-Premium,jundiai
-24.030355622888592,-46.52275102013688,Engaged-Premium,praia grande
-8.07095258895492,-34.919546699694166,Engaged-Premium,recife
-23.53038407937563,-46.60985285123207,Engaged-Premium,sao paulo
-12.994160965806937,-38.47952868408447,Engaged-Premium,salvador
-23.51898546932889,-47.48568512738764,Engaged-Premium,sorocaba
-23.586029600992994,-46.96600929337407,Engaged-Premium,itapevi
-3.470861867158325,-41.55501158865709,Engaged-Premium,cocal
-20.73799136507532,-48.91093038579832,Engaged-Premium,olimpia
-23.622713561149887,-45.38572746391111,Engaged-Premium,caraguatatuba
-23.22491593078331,-47.95468585633059,Engaged-Premium,cesario lange
-23.143586641554577,-46.58355514175659,Engaged-Premium,atibaia
-23.50848482185577,-46.29060608346027,Engaged-Premium,suzano
-22.57649369393669,-41.9879065802644,Engaged-Premium,barra de sao joao
-23.3161358925704,-46.7143436269643,Engaged-Premium,franco da rocha
-29.843647566496152,-51.16881563541696,Engaged-Premium,esteio
-21.750354301163515,-43.33278275102276,Engaged-Premium,juiz de fora
-28.66871848493736,-49.10782742245828,Engaged-Premium,sangao
-23.690109949766278,-46.85569285414625,Engaged-Premium,itapecerica da serra
-8.177666427599135,-34.9192563363703,Engaged-Premium,jaboatao dos guararapes
-23.409335317643418,-46.863932749036934,Engaged-Premium,cajamar
-23.558241337915224,-51.487776298506205,Engaged-Premium,apucarana
-22.912525885654084,-43.53618277892556,Engaged-Premium,rio de janeiro
-29.109735060662505,-49.63468000483127,Engaged-Premium,sombrio
-16.726438713451063,-43.87534930197928,Engaged-Premium,montes claros
-29.984804232636645,-51.12997885922435,Engaged-Premium,porto alegre
-22.963101862888813,-43.00686553719197,Engaged-Premium,marica
-23.99642825116864,-46.25935759909085,Engaged-Premium,guaruja
-29.65805230205132,-51.168854123848796,Engaged-Premium,estancia velha
-30.05236440550516,-51.22074879225576,Engaged-Premium,porto alegre
-22.93941799056493,-47.0590556692833,Engaged-Premium,campinas
-23.454135136274463,-46.51325832361937,Engaged-Premium,guarulhos
-18.707823797662652,-40.39895990968596,Engaged-Premium,nova venecia
-3.498943335147733,-39.5805599213898,Engaged-Premium,itapipoca
-20.34056096542615,-40.38562368745221,Engaged-Premium,cariacica
-23.73620509661567,-46.68718903926945,Engaged-Premium,sao paulo
-19.822707429915194,-43.96083024138544,Engaged-Premium,belo horizonte
-9.40266464820265,-38.22234377789996,Engaged-Premium,paulo afonso
-14.393759158607258,-51.00253001123052,Engaged-Premium,cocalinho
-29.97993039644497,-51.18803006826712,Engaged-Premium,porto alegre
-19.629852923974376,-43.22384359497725,Engaged-Premium,itabira
-23.46088010965037,-46.31708098228367,Engaged-Premium,itaquaquecetuba
-23.645294006810566,-46.713909422764594,Engaged-Premium,sao paulo
-26.9220881675347,-49.06426984096028,Engaged-Premium,blumenau
-16.66157829736421,-49.26342999999997,Engaged-Premium,goiania
-4.0366713258713425,-44.46711742807497,Engaged-Premium,sao mateus do maranhao
-29.910924923105863,-51.144584463096464,Engaged-Premium,canoas
-5.53677473880047,-40.77312791363684,Engaged-Premium,novo oriente
-23.180229756498715,-46.85773745019897,Engaged-Premium,jundiai
-1.4615863106800238,-48.50251610355552,Engaged-Premium,belem
-26.34259704286522,-48.832460306527246,Engaged-Premium,joinville
-22.80572828112987,-43.42317527553308,Engaged-Premium,nilopolis
-23.474879859798648,-46.656066297737894,Engaged-Premium,sao paulo
-26.498224561198,-49.106232000000006,Engaged-Premium,jaragua do sul
-23.0142279754765,-46.974054719924986,Engaged-Premium,vinhedo
-21.129972734227916,-42.37916517346645,Engaged-Premium,muriae
-30.030201334179605,-51.22766868774895,Engaged-Premium,porto alegre
-1.3305794145588172,-48.44138395726809,Engaged-Premium,belem
-23.100387883175795,-47.206840322090166,Engaged-Premium,indaiatuba
-20.027073228628055,-48.93246450185934,Engaged-Premium,frutal
-22.62631471428204,-43.90141215047634,Engaged-Premium,pirai
-30.109728582852412,-51.22490093869705,Engaged-Premium,porto alegre
-23.454556983128096,-46.08289846798539,Engaged-Premium,mogi das cruzes
-23.50752226672053,-46.5073156363986,Engaged-Premium,sao paulo
-19.906330599226692,-43.936668051907176,Engaged-Premium,belo horizonte
-22.90507423727126,-43.1771726677823,Engaged-Premium,rio de janeiro
-16.27502206868314,-48.99257116124406,Engaged-Premium,anapolis
-22.76366040435689,-43.50458728669852,Engaged-Premium,nova iguacu
-18.563584511947653,-51.135329424711195,Engaged-Premium,cacu
-22.717948380559427,-47.35152474418878,Engaged-Premium,americana
-22.826485581193296,-43.32343287561391,Engaged-Premium,rio de janeiro
-20.42172292284606,-54.62905808425171,Engaged-Premium,campo grande
-27.23200063348221,-52.0433806126832,Engaged-Premium,concordia
-29.91836557306762,-51.10041765990425,Engaged-Premium,cachoeirinha
-26.907299926452744,-49.099065061746266,Engaged-Premium,blumenau
-22.91408114285877,-43.22386956688216,Engaged-Premium,rio de janeiro
-27.68719272599883,-51.12997927501305,Engaged-Premium,anita garibaldi
-23.547824633360268,-46.7472511670898,Engaged-Premium,sao paulo
-10.85666556707265,-37.08593457569617,Engaged-Premium,nossa senhora do socorro
-21.132950799194987,-48.95897914432453,Engaged-Premium,catanduva
-12.060983879740572,-63.57193142137397,Engaged-Premium,sao francisco do guapore
-22.90680859062836,-43.28821205966879,Engaged-Premium,rio de janeiro
-22.930412639848665,-43.34703978193807,Engaged-Premium,rio de janeiro
-22.739120738271115,-47.63636231303046,Engaged-Premium,piracicaba
-22.914403962808013,-46.55477655874196,Engaged-Premium,braganca paulista
-21.3525552494104,-51.75319624860667,Engaged-Premium,santa mercedes
-19.655593440697324,-43.233615008425176,Engaged-Premium,itabira
-22.923126168734587,-43.26334318887413,Engaged-Premium,rio de janeiro
-23.40720532324541,-46.29073045990779,Engaged-Premium,aruja
-5.540717057598469,-47.47690832456435,Engaged-Premium,imperatriz
-25.669302958763204,-53.80729151689831,Engaged-Premium,capanema
-23.666086341104503,-46.62287659752253,Engaged-Premium,diadema
-2.5532633808629557,-44.16749072382656,Engaged-Premium,sao jose de ribamar
-22.36989565390383,-47.36265300000001,Engaged-Premium,araras
-20.971956706037112,-46.12110177987858,Engaged-Premium,carmo do rio claro
-23.642033521236048,-46.75217512101102,Engaged-Premium,sao paulo
-17.741854541742683,-46.17642834624476,Engaged-Premium,joao pinheiro
-15.587485472499448,-56.10734250451941,Engaged-Premium,cuiaba
-23.568143647786982,-46.66117892867444,Engaged-Premium,sao paulo
-21.23119598834323,-50.42414401846609,Engaged-Premium,aracatuba
-23.631842535662773,-46.46710744976627,Engaged-Premium,sao paulo
-23.599338171244742,-46.57876904079865,Engaged-Premium,sao paulo
-13.002814446015355,-38.46387616648835,Engaged-Premium,salvador
-21.412320562856806,-45.95880283564954,Engaged-Premium,alfenas
-1.4630158658030092,-48.48808887193567,Engaged-Premium,belem
-22.878327740766952,-43.28703953597555,Engaged-Premium,rio de janeiro
-22.756350707508076,-43.42252899664987,Engaged-Premium,nova iguacu
-22.44176712228196,-46.95261461178446,Engaged-Premium,mogi mirim
-23.57585532722604,-46.537505926452745,Engaged-Premium,sao paulo
-19.984193818802098,-44.00209721994925,Engaged-Premium,belo horizonte
-22.894390490289645,-47.17321327031648,Engaged-Premium,hortolandia
-23.795197084253825,-46.7384060589763,Engaged-Premium,sao paulo
-20.8778106449152,-48.8111205087521,Engaged-Premium,cajobi
-19.544253958337173,-42.645186545999934,Engaged-Premium,timoteo
-23.40264914293956,-46.44539636441803,Engaged-Premium,guarulhos
-23.657594422076475,-46.6989063034577,Engaged-Premium,sao paulo
-16.057071,-47.97935986465762,Engaged-Premium,valparaiso de goias
-20.18978947831589,-40.26236116823132,Engaged-Premium,serra
-23.62217910257732,-46.68293687427146,Engaged-Premium,sao paulo
-20.75533341719481,-42.88055185516512,Engaged-Premium,vicosa
-23.46286388926077,-47.47192142922271,Engaged-Premium,sorocaba
-19.78940073534656,-42.140715891552524,Engaged-Premium,caratinga
-23.598895075768954,-46.82654692427948,Engaged-Premium,cotia
-22.45621548435729,-49.337771244659976,Engaged-Premium,cabralia paulista
-23.95763034642794,-46.40733197562734,Engaged-Premium,sao vicente
-22.977201808630056,-43.19026241854691,Engaged-Premium,rio de janeiro
-23.456752827081814,-46.68219861740433,Engaged-Premium,sao paulo
-18.92992184359797,-48.31503964475142,Engaged-Premium,uberlandia
-27.885785098916287,-52.22766456816202,Engaged-Premium,getulio vargas
-23.19878141814114,-49.38206353932333,Engaged-Premium,piraju
-23.58451325367879,-46.64335150582838,Engaged-Premium,sao paulo
-23.53944312906109,-46.71568599293085,Engaged-Premium,sao paulo
-23.611509202750472,-46.737060562115914,Engaged-Premium,sao paulo
-23.39857669000071,-45.884859018856616,Engaged-Premium,santa branca
-23.54168503634312,-46.88038394879965,Engaged-Premium,barueri
-29.750749847509628,-51.1003528534919,Engaged-Premium,sao leopoldo
-16.607382550626866,-49.31050555745436,Engaged-Premium,goiania
-27.67742483172402,-48.68148008747211,Engaged-Premium,palhoca
-23.627382244243726,-46.69532863321602,Engaged-Premium,sao paulo
-23.531280767701485,-46.63949768858565,Engaged-Premium,sao paulo
-23.46286388926077,-47.47192142922271,Engaged-Premium,sorocaba
-19.760453851069386,-42.07633240711027,Engaged-Premium,piedade de caratinga
-23.53874524042914,-46.19140770032851,Engaged-Premium,mogi das cruzes
-19.771160798166846,-43.93553366845665,Engaged-Premium,santa luzia
-23.4038554522621,-46.513241156673786,Engaged-Premium,guarulhos
-23.54201338813129,-46.911618552452,Engaged-Premium,jandira
-23.48902456344522,-46.87889165766061,Engaged-Premium,barueri
-23.702514826598424,-46.521858039672956,Engaged-Premium,santo andre
-28.69227219236889,-49.37198403562716,Engaged-Premium,criciuma
-15.840391573448764,-48.017797905764944,Engaged-Premium,brasilia
-23.60702793337765,-46.65790049278663,Engaged-Premium,sao paulo
-15.817454799245827,-47.975691694745386,Engaged-Premium,brasilia
-24.474612953774336,-52.87775898122082,Engaged-Premium,rio verde
-21.73153691890951,-43.359421499999996,Engaged-Premium,juiz de fora
-19.72896443652217,-50.19522319448616,Engaged-Premium,iturama
-9.391976696939068,-38.21841196964303,Engaged-Premium,paulo afonso
-21.226639207386786,-43.772983728846114,Engaged-Premium,barbacena
-18.874202907349748,-48.27171488412486,Engaged-Premium,uberlandia
-19.88665694532287,-43.92389634081604,Engaged-Premium,belo horizonte
-11.183265848517188,-40.514901956930586,Engaged-Premium,jacobina
-17.596518603530626,-44.73515887606278,Engaged-Premium,varzea da palma
-22.29394874475806,-49.04553452871522,Engaged-Premium,bauru
-22.802320737543184,-47.20403845683539,Engaged-Premium,sumare
-22.935304308644387,-43.333493394632,Engaged-Premium,rio de janeiro
-22.98252918806041,-46.98517392663516,Engaged-Premium,valinhos
-19.312166112307224,-47.5301437963199,Engaged-Premium,santa juliana
-23.58222488620234,-46.453172612805226,Engaged-Premium,sao paulo
-28.67706971710671,-49.369573538255956,Engaged-Premium,criciuma
-19.86825428772806,-44.00244098216861,Engaged-Premium,belo horizonte
-21.89466748779752,-49.5889855232339,Engaged-Premium,guaranta
-9.883882913054276,-56.0846244203151,Engaged-Premium,alta floresta
-24.242670209153136,-51.672314768720135,Engaged-Premium,ivaipora
-22.85213169630646,-43.09176174278653,Engaged-Premium,sao goncalo
-3.834740999999944,-38.52204956924808,Engaged-Premium,fortaleza
-21.53686861533376,-43.01369226184115,Engaged-Premium,sao joao nepomuceno
-23.49465487538231,-46.55044638121069,Engaged-Premium,guarulhos
-22.80084095480904,-43.363601080354286,Engaged-Premium,sao joao de meriti
-5.069582897257019,-42.766260952103636,Engaged-Premium,teresina
-30.03137306466045,-51.21231987370887,Engaged-Premium,porto alegre
-23.561327933666107,-46.60224405314791,Engaged-Premium,sao paulo
-19.977292608128177,-44.01939357517345,Engaged-Premium,belo horizonte
-23.109471031911863,-46.55471486955392,Engaged-Premium,atibaia
-23.53429039869583,-46.40896852400602,Engaged-Premium,sao paulo
-8.791017512963279,-63.88475287954359,Engaged-Premium,porto velho
-23.16618175051456,-47.74609611924849,Engaged-Premium,cerquilho
-22.642632444841645,-47.18986746209727,Engaged-Premium,cosmopolis
-28.273759010123406,-49.16619644738513,Engaged-Premium,braco do norte
-23.02187989307062,-43.46365439966753,Engaged-Premium,rio de janeiro
-26.731781999999995,-53.518667424888754,Engaged-Premium,sao miguel do oeste
-23.61877003052688,-46.77291653788447,Engaged-Premium,taboao da serra
-23.544790373853353,-46.80505627428013,Engaged-Premium,osasco
-23.533465148767934,-46.5679511811125,Engaged-Premium,sao paulo
-23.494285082872555,-46.87045613339008,Engaged-Premium,barueri
-22.89872541798431,-43.56515841694558,Engaged-Premium,rio de janeiro
-19.312166112307224,-47.5301437963199,Engaged-Premium,santa juliana
-13.827908769249255,-44.4581985284123,Engaged-Premium,coribe
-23.472187009435064,-46.66375191771018,Engaged-Premium,sao paulo
-22.304163741589345,-49.09188405216696,Engaged-Premium,bauru
-23.49152145045876,-47.4700200298344,Engaged-Premium,sorocaba
-27.57707899362336,-48.5366366740147,Engaged-Premium,florianopolis
-22.92258733473174,-43.24244568124239,Engaged-Premium,rio de janeiro
-20.69743859460673,-44.828783209226586,Engaged-Premium,oliveira
-27.65982068518517,-50.58051513995481,Engaged-Premium,sao jose do cerrito
-23.54997038412488,-46.660711431588645,Engaged-Premium,sao paulo
-12.15109581442348,-39.24548964837866,Engaged-Premium,anguera
-23.533396822924292,-46.90732391513105,Engaged-Premium,jandira
-26.94682919455827,-49.07156575506377,Engaged-Premium,blumenau
-22.334371191486433,-49.04433365394691,Engaged-Premium,bauru
-19.7682699708581,-47.99752460139173,Engaged-Premium,uberaba
-23.642033521236048,-46.75217512101102,Engaged-Premium,sao paulo
-19.936845199001663,-44.13350510407413,Engaged-Premium,betim
-23.19878141814114,-49.38206353932333,Engaged-Premium,piraju
-23.56561554825158,-46.558430710712976,Engaged-Premium,sao paulo
-23.463366129609355,-47.50333563273412,Engaged-Premium,sorocaba
-7.758556775500446,-48.57709039064408,Engaged-Premium,bandeirantes do tocantins
-19.947433295314173,-43.928925768249734,Engaged-Premium,belo horizonte
-21.41176520098328,-42.19823122564208,Engaged-Premium,miracema
-19.87482809063998,-44.98560567343412,Engaged-Premium,nova serrana
-23.475841994171617,-46.6233523477696,Engaged-Premium,sao paulo
-12.612797045607262,-38.30149629456411,Engaged-Premium,dias d'avila
-23.618000587021687,-46.737217445467095,Engaged-Premium,sao paulo
-15.845798834786912,-47.97383682690134,Engaged-Premium,brasilia
-23.50025402775692,-46.68274113197528,Engaged-Premium,sao paulo
-21.64714183576035,-41.74860286365206,Engaged-Premium,sao fidelis
-22.821187607273103,-43.01880953344557,Engaged-Premium,sao goncalo
-22.87655154418781,-48.42793121579432,Engaged-Premium,botucatu
-22.862534516374282,-43.24266397543275,Engaged-Premium,rio de janeiro
-29.892226969737827,-50.26569650087135,Engaged-Premium,osorio
-23.46658982202164,-46.63928171838316,Engaged-Premium,sao paulo
-23.489732949812062,-46.82428434360047,Engaged-Premium,barueri
-24.014540409660096,-46.43840702622771,Engaged-Premium,praia grande
-21.743555749968085,-43.38970319010648,Engaged-Premium,juiz de fora
-7.474283017479785,-34.808150612796595,Engaged-Premium,pitimbu
-6.7867996362287,-43.57175421777694,Engaged-Premium,guadalupe
-21.196721882192616,-43.34142632600967,Engaged-Premium,merces
-22.823368072162268,-47.08801043005943,Engaged-Premium,campinas
-22.27253137206716,-42.530445786607345,Engaged-Premium,nova friburgo
-23.5606005,-46.75106786441802,Engaged-Premium,sao paulo
-20.340381021235174,-49.19756749398083,Engaged-Premium,icem
-26.30142445268046,-48.84867079141905,Engaged-Premium,joinville
-6.0391462768728,-37.022377113697324,Engaged-Premium,jucurutu
-23.677339557591324,-46.77201204815625,Engaged-Premium,sao paulo
-22.936854813491813,-43.35996102505908,Engaged-Premium,rio de janeiro
-18.874202907349748,-48.27171488412486,Engaged-Premium,uberlandia
-16.071045838825576,-57.682119442927345,Engaged-Premium,caceres
-15.290548324370024,-39.07477464217708,Engaged-Premium,una
-5.1128916630028005,-42.8086628086413,Engaged-Premium,teresina
-2.544714712187633,-44.28219233819033,Engaged-Premium,sao luis
-26.23132265614281,-52.66717413787655,Engaged-Premium,pato branco
-19.46970149792253,-42.562507159587966,Engaged-Premium,ipatinga
-21.54077680916818,-49.85700359665669,Engaged-Premium,promissao
-19.15688975767194,-45.44725700231122,Engaged-Premium,abaete
-29.166609911666264,-51.1797340200537,Engaged-Premium,caxias do sul
-23.66666607132555,-46.549536747980305,Engaged-Premium,santo andre
-24.00854267253503,-46.27294241879315,Engaged-Premium,guaruja
-22.57649369393669,-41.9879065802644,Engaged-Premium,barra de sao joao
-21.226639207386786,-43.772983728846114,Engaged-Premium,barbacena
-22.90600354640406,-43.10546782889948,Engaged-Premium,niteroi
-12.08925543763249,-45.79618023024447,Engaged-Premium,luis eduardo magalhaes
-19.857822485620517,-44.03583849811466,Engaged-Premium,contagem
-29.17974452466778,-51.18954663434367,Engaged-Premium,caxias do sul
-20.283955823330007,-50.24895240386773,Engaged-Premium,fernandopolis
-23.439479999999943,-46.31963830623954,Engaged-Premium,itaquaquecetuba
-23.46092914071786,-46.47847576493264,Engaged-Premium,guarulhos
-30.11816673735381,-51.32783537391998,Engaged-Premium,guaiba
-23.454607547319533,-46.61162124118531,Engaged-Premium,sao paulo
-7.197731903845483,-48.224215735470295,Engaged-Premium,araguaina
-22.80385751045796,-43.37526659276007,Engaged-Premium,sao joao de meriti
-22.193397070933877,-47.377777125079916,Engaged-Premium,leme
-23.136484522266496,-46.46807188776495,Engaged-Premium,bom jesus dos perdoes
-30.013486701079135,-51.19073788307298,Engaged-Premium,porto alegre
-22.36874322508515,-47.3896606528081,Engaged-Premium,araras
-23.70120810309062,-46.63483367692889,Engaged-Premium,sao paulo
-8.068680262003001,-34.928193738131284,Engaged-Premium,recife
-23.66310691086551,-46.632727687814125,Engaged-Premium,sao paulo
-20.25624491956578,-42.03398861864435,Engaged-Premium,manhuacu
-21.116139642521198,-48.024579022219,Engaged-Premium,sertaozinho
-23.56876704094289,-46.65597109096028,Engaged-Premium,sao paulo
-20.815284251516896,-49.50746551808157,Engaged-Premium,mirassol
-22.436334389293748,-42.97982697767149,Engaged-Premium,teresopolis
-23.274964280266037,-46.73248129362224,Engaged-Premium,francisco morato
-23.703874271163937,-46.691080447983055,Engaged-Premium,sao paulo
-22.814348940331204,-43.20267075284208,Engaged-Premium,rio de janeiro
-22.846279819966668,-45.231033881967846,Engaged-Premium,aparecida
-16.700222999999944,-49.352398999999956,Engaged-Premium,goiania
-20.260231292259995,-40.268254195560345,Engaged-Premium,vitoria
-28.29127509034286,-53.50140090980917,Engaged-Premium,panambi
-21.675109536773626,-49.734114505104436,Engaged-Premium,lins
-22.758982616944046,-43.48259003081488,Engaged-Premium,nova iguacu
-12.993092863725533,-38.4463299970858,Engaged-Premium,salvador
-20.470089924781412,-45.96141713422533,Engaged-Premium,piumhii
-22.920179070777287,-43.1800400189857,Engaged-Premium,rio de janeiro
-12.885676557528845,-38.33909598537307,Engaged-Premium,lauro de freitas
-22.735380102705744,-43.31883093088162,Engaged-Premium,duque de caxias
-24.49815873105776,-47.844494347330354,Engaged-Premium,registro
-23.548283805860088,-46.6593134403312,Engaged-Premium,sao paulo
-23.626376350235518,-46.823201317679256,Engaged-Premium,embu das artes
-20.788676615798742,-48.33246000468358,Engaged-Premium,terra roxa
-29.69421971290747,-51.12746316198825,Engaged-Premium,novo hamburgo
-21.686599240757907,-51.075784747070934,Engaged-Premium,adamantina
-22.935940716233457,-43.67440340347871,Engaged-Premium,rio de janeiro
-19.877812277175305,-44.04251659725006,Engaged-Premium,contagem
-23.579877829447746,-46.58000877227478,Engaged-Premium,sao paulo
-22.937430121847743,-43.176862902706524,Engaged-Premium,rio de janeiro
-22.98514690619765,-49.882647677174624,Engaged-Premium,ourinhos
-23.35178323711951,-46.74908560206152,Engaged-Premium,caieiras
-20.14068469699654,-44.88753081910666,Engaged-Premium,divinopolis
-23.65808223980033,-46.75437850992553,Engaged-Premium,sao paulo
-22.89935304509784,-43.24892829542961,Engaged-Premium,rio de janeiro
-15.556810920088854,-54.299142005735106,Engaged-Premium,primavera do leste
-21.511037943831976,-44.903032387584076,Engaged-Premium,luminarias
-23.55690614709449,-46.6075549593702,Engaged-Premium,sao paulo
-22.74216834976678,-43.48309576958585,Engaged-Premium,nova iguacu
-20.551060162187255,-47.357872855598984,Engaged-Premium,franca
-22.858040775193498,-46.0302749870184,Engaged-Premium,monte verde
-23.43577161587513,-46.544688508050086,Engaged-Premium,guarulhos
-5.683054025405038,-43.09131718864158,Engaged-Premium,parnarama
-22.8961984228604,-43.35568746796124,Engaged-Premium,rio de janeiro
-23.54608112703553,-46.64381018541167,Engaged-Premium,sao paulo
-27.005188244285076,-51.15087636295904,Engaged-Premium,videira
-7.138220534734298,-34.91084333221413,Engaged-Premium,joao pessoa
-22.927911349702853,-43.23215035152053,Engaged-Premium,rio de janeiro
-23.501139521928536,-46.62721984347043,Engaged-Premium,sao paulo
-19.94742047100232,-43.946622000000005,Engaged-Premium,belo horizonte
-1.4564705087998835,-48.47931988606284,Engaged-Premium,belem
-9.643897477927233,-35.71063329756562,Engaged-Premium,maceio
-23.60267825575626,-46.472516936718364,Engaged-Premium,sao paulo
-0.0448957785525829,-51.1728839876273,Engaged-Premium,santana
-21.6007537006066,-46.89379332908108,Engaged-Premium,sao jose do rio pardo
-22.80084095480904,-43.363601080354286,Engaged-Premium,sao joao de meriti
-21.14261820843673,-47.84418623965611,Engaged-Premium,ribeirao preto
-24.017683276321023,-52.353728782170506,Engaged-Premium,campo mourao
-1.2047659517138594,-46.0214325,Engaged-Premium,carutapera
-16.704177885673925,-49.29831649999994,Engaged-Premium,goiania
-23.42197037246811,-46.43678375728547,Engaged-Premium,guarulhos
-27.07871557437715,-48.86407108236193,Engaged-Premium,brusque
-22.75416336358131,-47.347509410352586,Engaged-Premium,americana
-22.93106051096427,-47.111613736896366,Engaged-Premium,campinas
-23.54816997557563,-46.500215435123195,Engaged-Premium,sao paulo
-30.032570620030064,-51.18098288357661,Engaged-Premium,porto alegre
-23.20414980599,-45.89810482431184,Engaged-Premium,sao jose dos campos
-23.563376360811343,-46.696039323619374,Engaged-Premium,sao paulo
-30.00094299144014,-51.09498079754235,Engaged-Premium,porto alegre
-23.243923986336238,-45.88750177901217,Engaged-Premium,sao jose dos campos
-23.656709846317163,-47.21874050355154,Engaged-Premium,ibiuna
-23.61393187580963,-46.4649462867267,Engaged-Premium,sao paulo
-8.669233728250232,-35.7230126861602,Engaged-Premium,catende
-22.642632444841645,-47.18986746209727,Engaged-Premium,cosmopolis
-19.398653829969344,-40.0579167622179,Engaged-Premium,linhares
-8.44163320750378,-35.017326651754246,Engaged-Premium,ipojuca
-22.96551923977616,-46.98233377426465,Engaged-Premium,valinhos
-23.970390465433734,-46.32234564570951,Engaged-Premium,santos
-29.58697668096932,-51.08815065070117,Engaged-Premium,dois irmaos
-23.62759432584107,-46.77943737316059,Engaged-Premium,taboao da serra
-15.83249161554641,-48.107208189193145,Engaged-Premium,brasilia
-22.882273547225886,-48.44976202553522,Engaged-Premium,botucatu
-22.56117141825844,-47.447471268798,Engaged-Premium,limeira
-19.755333076175948,-40.385221986787215,Engaged-Premium,joao neiva
-21.56240518890957,-51.26400190026158,Engaged-Premium,pacaembu
-19.31467881193368,-46.05001823735698,Engaged-Premium,sao gotardo
-23.50985527782904,-46.50113922959044,Engaged-Premium,sao paulo
-21.27432643670673,-50.81097728311534,Engaged-Premium,bento de abreu
-23.9552663782965,-46.33825949705917,Engaged-Premium,santos
-23.539769438915215,-46.85317597976109,Engaged-Premium,carapicuiba
-12.993092863725533,-38.4463299970858,Engaged-Premium,salvador
-21.66298781327995,-43.43199562406944,Engaged-Premium,juiz de fora
-23.679693667441757,-46.4957975276127,Engaged-Premium,santo andre
-23.559888510127543,-46.65612221732353,Engaged-Premium,sao paulo
-25.514076374106796,-54.535986249301125,Engaged-Premium,foz do iguacu
-23.447220663887148,-46.42751660713256,Engaged-Premium,guarulhos
-23.42471944020788,-46.34821377674483,Engaged-Premium,itaquaquecetuba
-23.47590536081135,-46.604512052599645,Engaged-Premium,sao paulo
-23.602209139881133,-46.39975738249835,Engaged-Premium,sao paulo
-23.69317443949449,-46.65034362325459,Engaged-Premium,sao paulo
-20.72024570526651,-46.60596530719522,Engaged-Premium,passos
-9.999240712714386,-42.482772016298384,Engaged-Premium,pilao arcado
-28.53195829087078,-49.059055823475134,Engaged-Premium,tubarao
-22.869815753171125,-42.329823876168525,Engaged-Premium,araruama
-23.45656494754457,-46.70076466916728,Engaged-Premium,sao paulo
-26.368987503473083,-48.841599410352586,Engaged-Premium,joinville
-4.939452174037927,-37.97332670543816,Engaged-Premium,russas
-23.407023447126207,-46.89955203802869,Engaged-Premium,santana de parnaiba
-22.954498317216,-43.06291718175602,Engaged-Premium,niteroi
-23.994072103154373,-46.286317894725826,Engaged-Premium,guaruja
-23.539748346040337,-46.904221413051374,Engaged-Premium,jandira
-15.834029628169244,-47.98286694352821,Engaged-Premium,brasilia
-23.657452634995465,-46.612405838882815,Engaged-Premium,sao paulo
-23.64481685899368,-46.818652038770416,Engaged-Premium,embu das artes
-5.446567589386321,-47.40662419913808,Engaged-Premium,joao lisboa
-30.03336443104038,-51.23063954079865,Engaged-Premium,porto alegre
-19.619071315709977,-44.03957234517303,Engaged-Premium,pedro leopoldo
-19.989230867332225,-44.02769807008479,Engaged-Premium,belo horizonte
-21.80023657514804,-54.54343198348405,Engaged-Premium,rio brilhante
-21.834273377974693,-45.40137544362004,Engaged-Premium,campanha
-20.436888045438856,-54.57403663973217,Engaged-Premium,campo grande
-22.75148319252783,-45.13178521357261,Engaged-Premium,lorena
-23.53874524042914,-46.19140770032851,Engaged-Premium,mogi das cruzes
-3.064025551070446,-60.0523435947833,Engaged-Premium,manaus
-22.899128942418635,-45.307934503711735,Engaged-Premium,roseira
-22.951672385322283,-47.04983432139767,Engaged-Premium,campinas
-22.518762169999945,-44.137018739656114,Engaged-Premium,volta redonda
-22.918822238624934,-47.057363661877595,Engaged-Premium,campinas
-17.113919335163054,-43.815565301221476,Engaged-Premium,bocaiuva
-23.97084358728148,-46.30755936926548,Engaged-Premium,santos
-23.495140183738226,-46.61887747807146,Engaged-Premium,sao paulo
-20.29948099526813,-40.295279312809534,Engaged-Premium,vitoria
-23.4375744343586,-46.42286651457096,Engaged-Premium,guarulhos
-22.930772913385745,-52.15515332649818,Engaged-Premium,paranacity
-15.880204190853608,-48.01801483994106,Engaged-Premium,brasilia
-21.742785775326283,-43.37418823777412,Engaged-Premium,juiz de fora
-23.594043310577625,-46.67037432001268,Engaged-Premium,sao paulo
-22.93462058174156,-47.041053292439045,Engaged-Premium,campinas
-27.867609656809233,-54.47651618723757,Engaged-Premium,santa rosa
-24.406376677111503,-53.514313385039806,Engaged-Premium,assis chateaubriand
-3.1395691080492782,-44.324910322950686,Engaged-Premium,santa rita
-22.355312427145236,-47.38524196280801,Engaged-Premium,araras
-26.598582682603386,-53.520724085938994,Engaged-Premium,guaraciaba
-21.30775499999993,-50.36573967128402,Engaged-Premium,birigui
-19.740188787119862,-47.93678417410107,Engaged-Premium,uberaba
-18.9239008462404,-48.25008947100231,Engaged-Premium,uberlandia
-22.854677050233725,-47.05197199708997,Engaged-Premium,campinas
-22.97264893936459,-43.18744696892487,Engaged-Premium,rio de janeiro
-23.572592234507137,-46.64684880586169,Engaged-Premium,sao paulo
-27.584414318627704,-48.579840372323886,Engaged-Premium,florianopolis
-22.841859215938552,-43.26485004378114,Engaged-Premium,rio de janeiro
-28.447361138467933,-52.200140304573225,Engaged-Premium,marau
-23.687300569497012,-47.024136618685546,Engaged-Premium,cotia
-22.93003541243005,-43.38943773232147,Engaged-Premium,rio de janeiro
-8.076686805979461,-34.99856125329772,Engaged-Premium,jaboatao dos guararapes
-23.95691508031017,-46.34623532292687,Engaged-Premium,santos
-29.289423550575545,-54.21910895928057,Engaged-Premium,jari
-25.442791128284213,-49.276760102140905,Engaged-Premium,curitiba
-23.670206634456783,-46.61668249999997,Engaged-Premium,diadema
-22.43252257258269,-47.58034506502102,Engaged-Premium,rio claro
-18.999910278635895,-46.31220123561797,Engaged-Premium,carmo do paranaiba
-22.952602403831715,-47.19017722146181,Engaged-Premium,campinas
-20.820265858014693,-49.402465276259065,Engaged-Premium,sao jose do rio preto
-22.902462523457743,-43.179633471550574,Engaged-Premium,rio de janeiro
-21.6736142894858,-49.75706520613485,Engaged-Premium,lins
-23.660416684332773,-46.81434235048179,Engaged-Premium,embu das artes
-14.822275130949382,-39.03385068366008,Engaged-Premium,ilheus
-28.63083023402565,-53.09511159180065,Engaged-Premium,ibiruba
-23.568397334439407,-46.594926047319525,Engaged-Premium,sao paulo
-23.47664386372554,-46.59206798626578,Engaged-Premium,sao paulo
-18.89849307618731,-48.32964800701135,Engaged-Premium,uberlandia
-23.477439993594697,-46.54168013488947,Engaged-Premium,guarulhos
-23.539820103990145,-46.31780434759043,Engaged-Premium,suzano
-23.7409648815278,-46.55499681266943,Engaged-Premium,sao bernardo do campo
-14.221024617359033,-42.78006679256768,Engaged-Premium,guanambi
-23.524372634196983,-46.64555244317329,Engaged-Premium,sao paulo
-22.93827739912851,-43.19678775327477,Engaged-Premium,rio de janeiro
-15.595748022145012,-39.874221880536254,Engaged-Premium,potiragua
-23.651402620129755,-46.76770366250216,Engaged-Premium,sao paulo
-23.57813561726011,-46.51870739425241,Engaged-Premium,sao paulo
-16.32473051308362,-48.941262230516514,Engaged-Premium,anapolis
-22.502132813499088,-44.116472954757946,Engaged-Premium,volta redonda
-25.010198200867116,-47.93082375399905,Engaged-Premium,cananeia
-5.146559066290979,-42.79174259218988,Engaged-Premium,teresina
-17.113919335163054,-43.815565301221476,Engaged-Premium,bocaiuva
-23.588012608661764,-46.641916419787634,Engaged-Premium,sao paulo
-11.67957628458245,-61.1772732055972,Engaged-Premium,pimenta bueno
-7.841035793911724,-34.90583808174101,Engaged-Premium,igarassu
-22.882376409414437,-43.363361678169646,Engaged-Premium,rio de janeiro
-22.967417876348925,-43.70557631230885,Engaged-Premium,rio de janeiro
-22.923484910352585,-43.17880685997464,Engaged-Premium,rio de janeiro
-22.827412750202008,-43.2832157342461,Engaged-Premium,rio de janeiro
-16.332286499999995,-48.93836366880149,Engaged-Premium,anapolis
-21.788259192047157,-46.565584849600626,Engaged-Premium,pocos de caldas
-23.50226589550408,-46.69773042903546,Engaged-Premium,sao paulo
-22.741537389831542,-45.12653345616916,Engaged-Premium,lorena
-21.182286894341274,-47.74515153601613,Engaged-Premium,ribeirao preto
-15.83249161554641,-48.107208189193145,Engaged-Premium,brasilia
-8.026354656627777,-34.96151066166546,Engaged-Premium,recife
-8.054481316261771,-34.88863951824975,Engaged-Premium,recife
-17.85839668980789,-41.50907055156256,Engaged-Premium,teofilo otoni
-21.762829433744784,-41.3106050334548,Engaged-Premium,campos dos goytacazes
-23.52428051276761,-46.52994296169716,Engaged-Premium,sao paulo
-20.68879766861796,-50.92308363532502,Engaged-Premium,sud mennucci
-19.22229440217035,-45.9695654623422,Engaged-Premium,matutina
-24.32280755443475,-50.62215114492058,Engaged-Premium,telemaco borba
-23.458495945322863,-46.54053796794389,Engaged-Premium,guarulhos
-19.930871148479472,-43.93471710629582,Engaged-Premium,belo horizonte
-23.553426672969827,-46.84972934356494,Engaged-Premium,carapicuiba
-17.113919335163054,-43.815565301221476,Engaged-Premium,bocaiuva
-23.4982544454671,-46.58310665875125,Engaged-Premium,sao paulo
-22.947707634511172,-46.55237031183305,Engaged-Premium,braganca paulista
-22.525005577255342,-43.211927387156415,Engaged-Premium,petropolis
-23.53775281626178,-46.64828925797796,Engaged-Premium,sao paulo
-22.911723408275112,-43.18627522693397,Engaged-Premium,rio de janeiro
-19.984193818802098,-44.00209721994925,Engaged-Premium,belo horizonte
-22.914403962808013,-46.55477655874196,Engaged-Premium,braganca paulista
-30.11816673735381,-51.32783537391998,Engaged-Premium,guaiba
-22.869815753171125,-42.329823876168525,Engaged-Premium,araruama
-23.445137635163608,-46.59323281626177,Engaged-Premium,sao paulo
-18.41730352682551,-49.21644868899043,Engaged-Premium,itumbiara
-21.9725602790242,-46.795694051741215,Engaged-Premium,sao joao da boa vista
-27.657460683550237,-54.43890723864497,Engaged-Premium,tucunduva
-23.575325636966944,-46.64764110061168,Engaged-Premium,sao paulo
-23.001664514859417,-43.40383953802869,Engaged-Premium,rio de janeiro
-23.81286528566852,-47.71895832790252,Engaged-Premium,pilar do sul
-22.882376409414437,-43.363361678169646,Engaged-Premium,rio de janeiro
-11.304735278402209,-41.854195577796325,Engaged-Premium,irece
-8.26931719900166,-35.965222021726525,Engaged-Premium,caruaru
-23.530781704553334,-45.84955881583171,Engaged-Premium,salesopolis
-22.98252918806041,-46.98517392663516,Engaged-Premium,valinhos
-19.93917230548705,-43.48155081485123,Engaged-Premium,barao de cocais
-23.701554051907166,-46.58289107894293,Engaged-Premium,sao bernardo do campo
-23.57637040551145,-46.74737047807145,Engaged-Premium,sao paulo
-23.395187447171526,-51.9729262169397,Engaged-Premium,maringa
-14.468057450900382,-46.48258114553839,Engaged-Premium,simolandia
-23.618396640025374,-46.55132033264193,Engaged-Premium,sao caetano do sul
-13.37048320812459,-39.07149533785422,Engaged-Premium,valenca
-23.617928189566605,-46.74202011893355,Engaged-Premium,sao paulo
-22.762075117952588,-47.6279050700848,Engaged-Premium,piracicaba
-8.108701637803671,-34.92292504731953,Engaged-Premium,recife
-20.771488397803996,-49.711937107379796,Engaged-Premium,monte aprazivel
-0.0448957785525829,-51.1728839876273,Engaged-Premium,santana
-21.11027567776549,-44.022847207524414,Engaged-Premium,dores de campos
-23.97084358728148,-46.30755936926548,Engaged-Premium,santos
-8.235962863725545,-35.75279825012917,Engaged-Premium,bezerros
-12.902201262051697,-38.395666125000005,Engaged-Premium,salvador
-19.920474241185318,-44.00428264334358,Engaged-Premium,belo horizonte
-19.776906143359394,-43.84781302267231,Engaged-Premium,santa luzia
-23.44717026755726,-46.55796540833131,Engaged-Premium,guarulhos
-25.544584966418416,-49.30352677390403,Engaged-Premium,curitiba
-23.47456247661731,-47.46832082653356,Engaged-Premium,sorocaba
-18.732704273909587,-39.75160928136269,Engaged-Premium,sao mateus
-22.840149621601334,-43.06636474523718,Engaged-Premium,sao goncalo
-20.487433799837,-54.59393614126611,Engaged-Premium,campo grande
-18.667129710746483,-43.08265816034162,Engaged-Premium,sabinopolis
-22.767474970812167,-43.35217720858108,Engaged-Premium,sao joao de meriti
-13.37048320812459,-39.07149533785422,Engaged-Premium,valenca
-3.303834589329146,-52.5395090650395,Engaged-Premium,brasil novo
-25.462475234808668,-49.239787214337206,Engaged-Premium,curitiba
-23.02995052330053,-46.97810387762745,Engaged-Premium,vinhedo
-23.486105397720426,-46.658780152428264,Engaged-Premium,sao paulo
-20.026829505872037,-40.74280786938749,Engaged-Premium,santa maria de jetiba
-23.48822870989112,-46.847490612109866,Engaged-Premium,barueri
-26.835516281044985,-48.63400504258813,Engaged-Premium,navegantes
-29.150934403460155,-51.20343852456362,Engaged-Premium,caxias do sul
-16.16690142735075,-42.29265478337428,Engaged-Premium,salinas
-21.19672763070881,-47.741027733899834,Engaged-Premium,ribeirao preto
-24.70644585527129,-47.560697318012096,Engaged-Premium,iguape
-10.972180503953474,-37.06749380191188,Engaged-Premium,aracaju
-11.183265848517188,-40.514901956930586,Engaged-Premium,jacobina
-16.69494644451846,-49.27709414677224,Engaged-Premium,goiania
-19.63863100472473,-43.90171846264042,Engaged-Premium,lagoa santa
-19.487972011292747,-46.547513224428,Engaged-Premium,ibia
-23.543513068267124,-46.658854865658775,Engaged-Premium,sao paulo
-3.72499877208756,-38.49182428530263,Engaged-Premium,fortaleza
-23.61393187580963,-46.4649462867267,Engaged-Premium,sao paulo
-18.885725925585255,-41.94731304463967,Engaged-Premium,governador valadares
-6.946467465803891,-41.32201924718753,Engaged-Premium,bocaina
-23.63121186663193,-49.313938840750815,Engaged-Premium,coronel macedo
-23.49512310703413,-47.48422303566279,Engaged-Premium,sorocaba
-7.870880168474788,-34.90394612144822,Engaged-Premium,igarassu
-17.873422802801663,-44.175951113933614,Engaged-Premium,buenopolis
-29.901950474897465,-51.21176892128819,Engaged-Premium,canoas
-22.936923942837232,-43.02393151551399,Engaged-Premium,niteroi
-23.544387199001655,-46.646171140169606,Engaged-Premium,sao paulo
-23.53816275104938,-46.67683522468111,Engaged-Premium,sao paulo
-23.51649734110451,-46.56782303996194,Engaged-Premium,sao paulo
-23.250860141266116,-45.89858423424608,Engaged-Premium,sao jose dos campos
-2.381015529739374,-45.823916109944825,Engaged-Premium,presidente medici
-22.964413107900977,-43.61078556547808,Engaged-Premium,rio de janeiro
-23.652483477065275,-46.56900360482441,Engaged-Premium,sao bernardo do campo
-21.999924303364267,-47.88714090474978,Engaged-Premium,sao carlos
-22.977805499999995,-43.6886074087833,Engaged-Premium,rio de janeiro
-19.925952958647354,-43.94511432722604,Engaged-Premium,belo horizonte
-23.009617598517572,-46.853418489894764,Engaged-Premium,itatiba
-23.55710906050551,-46.6044106902591,Engaged-Premium,sao paulo
-22.748253358878102,-47.65864971386108,Engaged-Premium,piracicaba
-30.248098682028512,-50.24114961313911,Engaged-Premium,balneario pinhal
-22.938116465015383,-43.34624991498367,Engaged-Premium,rio de janeiro
-12.919123010751331,-38.45093341253538,Engaged-Premium,salvador
-9.362901425354647,-62.58434044264982,Engaged-Premium,cujubim
-27.717855374907277,-52.62480161704307,Engaged-Premium,campinas do sul
-22.716465673062416,-47.64021883945973,Engaged-Premium,piracicaba
-23.57981620702314,-46.93114081520044,Engaged-Premium,cotia
-25.42853204495361,-49.23479435997462,Engaged-Premium,curitiba
-15.813724999999948,-47.948759999999965,Engaged-Premium,brasilia
-22.870737650180892,-43.2387129402582,Engaged-Premium,rio de janeiro
-23.50029650346245,-46.63499361226843,Engaged-Premium,sao paulo
-23.00318716432015,-45.55886552732611,Engaged-Premium,taubate
-24.04753355037796,-46.52627382722605,Engaged-Premium,praia grande
-20.33503005424968,-40.36425046982501,Engaged-Premium,cariacica
-21.025501448535998,-48.03704675279472,Engaged-Premium,pontal
-22.759656600259042,-43.43848994874962,Engaged-Premium,nova iguacu
-22.878901440605347,-43.33949373521269,Engaged-Premium,rio de janeiro
-15.811625071218092,-42.22800559569863,Engaged-Premium,taiobeiras
-23.006100140694915,-49.31771619174537,Engaged-Premium,manduri
-23.180229756498715,-46.85773745019897,Engaged-Premium,jundiai
-22.90316625284208,-43.10713068500763,Engaged-Premium,niteroi
-22.869433751413908,-47.21631677739256,Engaged-Premium,hortolandia
-23.534179512349244,-46.67833433305441,Engaged-Premium,sao paulo
-19.984193818802098,-44.00209721994925,Engaged-Premium,belo horizonte
-30.064880314472763,-51.19980565139368,Engaged-Premium,porto alegre
-22.90600354640406,-43.10546782889948,Engaged-Premium,niteroi
-23.545780852365983,-46.83847829836412,Engaged-Premium,carapicuiba
-15.966106062257731,-41.49581224496323,Engaged-Premium,cachoeira de pajeu
-23.80191343266994,-45.40102432584106,Engaged-Premium,sao sebastiao
-3.437670146235157,-39.14880374123813,Engaged-Premium,paraipaba
-23.540131152374624,-46.59570498750652,Engaged-Premium,sao paulo
-20.013735080212356,-44.03409719095157,Engaged-Premium,belo horizonte
-23.96954523993056,-46.371917161879885,Engaged-Premium,sao vicente
-11.410404526969728,-39.46302930419521,Engaged-Premium,valente
-22.92064250036787,-43.36913945550598,Engaged-Premium,rio de janeiro
-21.766768748069406,-43.32921644925721,Engaged-Premium,juiz de fora
-22.4115372316683,-42.96648135101439,Engaged-Premium,teresopolis
-22.956375860811345,-43.68412914210285,Engaged-Premium,rio de janeiro
-23.966109471002326,-46.342983916995166,Engaged-Premium,santos
-6.994129999999927,-36.71354526836351,Engaged-Premium,junco do serido
-19.974066841797,-43.96426283764207,Engaged-Premium,belo horizonte
-22.65655265720332,-43.04169557066254,Engaged-Premium,mage
-21.24208336331261,-48.80464071141578,Engaged-Premium,santa adelia
-29.226602376254583,-52.77415761940253,Engaged-Premium,lagoao
-23.60176241909516,-46.47721704055973,Engaged-Premium,sao paulo
-13.744813855891184,-39.48727706222378,Engaged-Premium,gandu
-23.633015143776277,-46.70689364807545,Engaged-Premium,sao paulo
-23.968041517066787,-46.305236791707486,Engaged-Premium,santos
-5.175560498264261,-37.35781406023396,Engaged-Premium,mossoro
-6.789511466238066,-38.71823616322421,Engaged-Premium,ipaumirim
-23.56095402976856,-46.22117113131455,Engaged-Premium,mogi das cruzes
-22.726238760826234,-47.368535315448625,Engaged-Premium,santa barbara d'oeste
-26.254807660291267,-49.52063478336091,Engaged-Premium,rio negrinho
-22.909623653615373,-43.17677364461301,Engaged-Premium,rio de janeiro
-12.841820999999996,-38.47036689513174,Engaged-Premium,salvador
-11.262905795475767,-37.43614083092989,Engaged-Premium,estancia
-23.70785448456366,-46.556180165898496,Engaged-Premium,sao bernardo do campo
-22.45420832442529,-43.46995999999996,Engaged-Premium,miguel pereira
-23.641060033585298,-46.77079701781484,Engaged-Premium,sao paulo
-9.648057829447744,-35.705862,Engaged-Premium,maceio
-22.922355824860112,-43.24398668180498,Engaged-Premium,rio de janeiro
-23.502558665325736,-46.509970285590654,Engaged-Premium,sao paulo
-22.869815753171125,-42.329823876168525,Engaged-Premium,araruama
-22.95865284136563,-44.28912470849189,Engaged-Premium,angra dos reis
-20.72024570526651,-46.60596530719522,Engaged-Premium,passos
-23.4784244074384,-46.69145192146108,Engaged-Premium,sao paulo
-23.8467197767325,-50.190322920354674,Engaged-Premium,ibaiti
-23.010010522621027,-43.31960105704306,Engaged-Premium,rio de janeiro
-27.58417792033591,-48.50033003956396,Engaged-Premium,florianopolis
-23.57878124923539,-46.87427964550514,Engaged-Premium,cotia
-15.672110509699642,-48.20147601534582,Engaged-Premium,brasilia
-23.75266495485217,-46.66679225872885,Engaged-Premium,sao paulo
-22.978469157654736,-43.23383336857298,Engaged-Premium,rio de janeiro
-8.357916347879435,-36.695785344659065,Engaged-Premium,pesqueira
-23.736324468391736,-46.884057686565185,Engaged-Premium,itapecerica da serra
-12.92850456069062,-38.41830652690882,Engaged-Premium,salvador
-22.568376530773754,-47.40402037330482,Engaged-Premium,limeira
-14.221024617359033,-42.78006679256768,Engaged-Premium,guanambi
-22.602628063985435,-43.184738540959316,Engaged-Premium,mage
-12.592611511628705,-52.20322987543341,Engaged-Premium,querencia
-23.441645336112845,-45.077753319947206,Engaged-Premium,ubatuba
-30.01970718818162,-51.21015580362405,Engaged-Premium,porto alegre
-13.538367673871493,-43.5817012336352,Engaged-Premium,serra do ramalho
-20.91530329073143,-46.98467076257852,Engaged-Premium,sao sebastiao do paraiso
-22.91167752899767,-43.19814225437128,Engaged-Premium,rio de janeiro
-23.4312797463212,-46.53484499639333,Engaged-Premium,guarulhos
-24.56875434319465,-51.33937868873653,Engaged-Premium,candido de abreu
-23.603828342229683,-46.79700527852153,Engaged-Premium,sao paulo
-22.92492963558197,-47.0742943724681,Engaged-Premium,campinas
-19.947433295314173,-43.928925768249734,Engaged-Premium,belo horizonte
-23.96954523993056,-46.371917161879885,Engaged-Premium,sao vicente
-30.00483388090525,-51.13169099999999,Engaged-Premium,porto alegre
-23.64481685899368,-46.818652038770416,Engaged-Premium,embu das artes
-12.94459586795842,-38.45727952527265,Engaged-Premium,salvador
-22.90600354640406,-43.10546782889948,Engaged-Premium,niteroi
-16.726438713451063,-43.87534930197928,Engaged-Premium,montes claros
-18.842360800711354,-41.9521290829726,Engaged-Premium,governador valadares
-22.304163741589345,-49.09188405216696,Engaged-Premium,bauru
-12.539789793978668,-49.92597408212603,Engaged-Premium,sandolandia
-23.26759467852091,-45.902682654870446,Engaged-Premium,sao jose dos campos
-21.745266985212435,-41.31918962029725,Engaged-Premium,campos dos goytacazes
-21.209529683689254,-43.759819359080986,Engaged-Premium,barbacena
-22.91351758455616,-43.63136687750383,Engaged-Premium,rio de janeiro
-8.014553886716328,-34.922495361354024,Engaged-Premium,recife
-23.554264840412014,-46.640592583242125,Engaged-Premium,sao paulo
-19.50728196320319,-42.6295431877278,Engaged-Premium,coronel fabriciano
-21.892295943841503,-45.59208199999995,Engaged-Premium,sao goncalo do sapucai
-23.65297918624838,-46.71855136788047,Engaged-Premium,sao paulo
-19.63863100472473,-43.90171846264042,Engaged-Premium,lagoa santa
-23.750082770603264,-46.694735764125035,Engaged-Premium,sao paulo
-22.81495454899297,-47.26247727866576,Engaged-Premium,sumare
-30.103638977523197,-51.25245549916327,Engaged-Premium,porto alegre
-20.815284251516896,-49.50746551808157,Engaged-Premium,mirassol
-25.532225674350773,-54.55730437206216,Engaged-Premium,foz do iguacu
-22.547523677491483,-44.16925746553099,Engaged-Premium,barra mansa
-23.50739014683469,-46.48749320491147,Engaged-Premium,sao paulo
-22.99909145264705,-44.30536607069136,Engaged-Premium,angra dos reis
-22.6090229382009,-48.79636342819116,Engaged-Premium,lencois paulista
-18.85493044328778,-41.94674978137405,Engaged-Premium,governador valadares
-23.661237153759604,-46.63880622759531,Engaged-Premium,sao paulo
-24.026457185123206,-46.47784669233656,Engaged-Premium,praia grande
-23.543712849558617,-46.6402632336835,Engaged-Premium,sao paulo
-23.536294213793404,-46.20095422081212,Engaged-Premium,mogi das cruzes
-22.972498753993328,-45.545758329101865,Engaged-Premium,tremembe
-2.92319248655288,-44.06273521723484,Engaged-Premium,presidente juscelino
-22.85193647517985,-43.39640120401403,Engaged-Premium,rio de janeiro
-22.475834578756455,-46.62192703999664,Engaged-Premium,aguas de lindoia
-23.530798592561595,-47.49566824439074,Engaged-Premium,sorocaba
-23.657097328678667,-46.74111032576894,Engaged-Premium,sao paulo
-19.813069492842576,-43.1739175118738,Engaged-Premium,joao monlevade
-8.007259379049646,-34.853185003260435,Engaged-Premium,olinda
-23.501146441860428,-46.74886066173756,Engaged-Premium,sao paulo
-13.009216499999994,-38.47419845545043,Engaged-Premium,salvador
-15.95509666919713,-44.86196299976521,Engaged-Premium,sao francisco
-22.636867874835367,-43.246427199787526,Engaged-Premium,duque de caxias
-16.607770738484998,-49.25051814257287,Engaged-Premium,goiania
-23.081616658549407,-52.453958815747455,Engaged-Premium,paranavai
-23.45677585567546,-46.644052707875865,Engaged-Premium,sao paulo
-29.892226969737827,-50.26569650087135,Engaged-Premium,osorio
-29.921495301690822,-50.907241446015355,Engaged-Premium,gravatai
-22.69719827676307,-43.43065504951397,Engaged-Premium,nova iguacu
-21.60420797769884,-48.36489314654624,Engaged-Premium,matao
-3.809298499033456,-38.47521719999999,Engaged-Premium,fortaleza
-23.62198951485941,-46.57435280682671,Engaged-Premium,sao caetano do sul
-22.334371191486433,-49.04433365394691,Engaged-Premium,bauru
-18.445584486657808,-50.4494571812599,Engaged-Premium,quirinopolis
-12.949608777186148,-38.458209702365025,Engaged-Premium,salvador
-5.883279199078862,-35.211082702941724,Engaged-Premium,parnamirim
-23.703874271163937,-46.691080447983055,Engaged-Premium,sao paulo
-23.542605,-47.43756377699231,Engaged-Premium,votorantim
-22.97930244479442,-46.99519549601077,Engaged-Premium,valinhos
-20.031060125768164,-49.40526672102189,Engaged-Premium,paulo de faria
-25.344751615545253,-49.24756978101735,Engaged-Premium,almirante tamandare
-17.342303063567126,-44.93370877307213,Engaged-Premium,pirapora
-22.95761130751921,-43.19332821233187,Engaged-Premium,rio de janeiro
-22.889148401335888,-43.32770088481736,Engaged-Premium,rio de janeiro
-19.45930795389748,-44.24801919373313,Engaged-Premium,sete lagoas
-3.119930384379292,-60.02410188784899,Engaged-Premium,manaus
-29.610454424217316,-52.19314997463072,Engaged-Premium,venancio aires
-20.143995002659533,-44.20205595801386,Engaged-Premium,brumadinho
-22.90278195312576,-43.70413147391652,Engaged-Premium,rio de janeiro
-23.78392136967995,-53.071123085797396,Engaged-Premium,cruzeiro do oeste
-19.11506376012344,-51.73524024897735,Engaged-Premium,cassilandia
-11.136895788631303,-47.57758481444616,Engaged-Premium,pindorama do tocantins
-23.07433526119847,-44.958662696600726,Engaged-Premium,cunha
-19.899256181228065,-43.896013821397645,Engaged-Premium,belo horizonte
-23.545862025535225,-46.64865339647412,Engaged-Premium,sao paulo
-8.170288940257388,-34.92837647531462,Engaged-Premium,jaboatao dos guararapes
-23.564262803220032,-46.534587734592336,Engaged-Premium,sao paulo
-24.030355622888592,-46.52275102013688,Engaged-Premium,praia grande
-20.42929001052365,-54.653584488631694,Engaged-Premium,campo grande
-21.164541077878116,-47.83664202358766,Engaged-Premium,ribeirao preto
-23.589985452680462,-46.7706015,Engaged-Premium,sao paulo
-13.52993648050779,-48.218463795694575,Engaged-Premium,minacu
-25.458112983115143,-49.20651053941369,Engaged-Premium,curitiba
-19.503928571469782,-42.54855180544174,Engaged-Premium,ipatinga
-21.486471927360125,-51.533519507923636,Engaged-Premium,dracena
-23.629844745210356,-46.748319689493975,Engaged-Premium,sao paulo
-23.613091250790305,-46.617706659646124,Engaged-Premium,sao paulo
-20.64209093618861,-51.107688277732,Engaged-Premium,pereira barreto
-23.587325649009774,-46.60049632303672,Engaged-Premium,sao paulo
